ts_code,SECURITY_CODE,SECURITY_NAME_ABBR,ORG_CODE,ORG_TYPE,end_date,REPORT_TYPE,REPORT_DATE_NAME,SECURITY_TYPE_CODE,ann_date,UPDATE_DATE,CURRENCY,CASH_DEPOSIT_PBC,DEPOSIT_INTERBANK,PRECIOUS_METAL,LEND_FUND,FVTPL_FINASSET,TRADE_FINASSET,APPOINT_FVTPL_FINASSET,DERIVE_FINASSET,BUY_RESALE_FINASSET,accounts_receiv,FINANCE_RECE,INTEREST_RECE,LOAN_ADVANCE,TRADE_FINASSET_NOTFVTPL,CREDITOR_INVEST,OTHER_CREDITOR_INVEST,OTHER_EQUITY_INVEST,AVAILABLE_SALE_FINASSET,HOLD_MATURITY_INVEST,INVEST_RECE,AMORTIZE_COST_FINASSET,FVTOCI_FINASSET,HOLDSALE_ASSET,LONG_EQUITY_INVEST,INVEST_SUBSIDIARY,INVEST_JOINT,INVEST_REALESTATE,fix_assets,CIP,USERIGHT_ASSET,intan_assets,goodwill,PEND_MORTGAGE_ASSET,MORTGAGE_ASSET_IMPAIRMENT,NET_PENDMORTGAGE_ASSET,DEFER_TAX_ASSET,LONG_PREPAID_EXPENSE,OTHER_ASSET,ASSET_OTHER,ASSET_BALANCE,total_assets,LOAN_PBC,IOFI_DEPOSIT,BORROW_FUND,TRADE_FINLIAB_NOTFVTPL,FVTPL_FINLIAB,TRADE_FINLIAB,APPOINT_FVTPL_FINLIAB,DERIVE_FINLIAB,SELL_REPO_FINASSET,ACCEPT_DEPOSIT,OUTWARD_REMIT,CD_NOTE_PAYABLE,DEPOSIT_CERTIFICATE,STAFF_SALARY_PAYABLE,TAX_PAYABLE,INTEREST_PAYABLE,DIVIDEND_PAYABLE,PREDICT_LIAB,DEFER_TAX_LIAB,AMORTIZE_COST_FINLIAB,HOLDSALE_LIAB,bond_payable,SUBBOND_PAYABLE,PREFERRED_SHARES_PAYBALE,PERPETUAL_BOND_PAYBALE,LEASE_LIAB,OTHER_LIAB,LIAB_OTHER,LIAB_BALANCE,TOTAL_LIABILITIES,SHARE_CAPITAL,OTHER_EQUITY_TOOL,PREFERRED_SHARES,PERPETUAL_BOND,OTHER_EQUITY_OTHER,CAPITAL_RESERVE,INVEST_REVALUE_RESERVE,TREASURY_SHARES,OTHER_COMPRE_INCOME,HEDGE_RESERVE,SURPLUS_RESERVE,GENERAL_RISK_RESERVE,UNASSIGN_RPOFIT,ADVICE_ASSIGN_DIVIDEND,CONVERT_DIFF,PARENT_EQUITY_OTHER,PARENT_EQUITY_BALANCE,TOTAL_PARENT_EQUITY,minority_int,EQUITY_OTHER,EQUITY_BALANCE,total_hldr_eqy_exc_min_int,LIAB_EQUITY_OTHER,LIAB_EQUITY_BALANCE,TOTAL_LIAB_EQUITY,AGENT_BUSINESS_ASSET,AGENT_BUSINESS_LIAB,SHORT_FIN_PAYABLE,ACCRUED_EXPENSE,acct_payable,NOTE_PAYABLE,NOTE_RECE,OPINION_TYPE,OSOPINION_TYPE,CASH_DEPOSIT_PBC_YOY,DEPOSIT_INTERBANK_YOY,PRECIOUS_METAL_YOY,LEND_FUND_YOY,FVTPL_FINASSET_YOY,TRADE_FINASSET_YOY,APPOINT_FVTPL_FINASSET_YOY,DERIVE_FINASSET_YOY,BUY_RESALE_FINASSET_YOY,ACCOUNTS_RECE_YOY,FINANCE_RECE_YOY,INTEREST_RECE_YOY,LOAN_ADVANCE_YOY,TRADE_FINASSET_NOTFVTPL_YOY,CREDITOR_INVEST_YOY,OTHER_CREDITOR_INVEST_YOY,OTHER_EQUITY_INVEST_YOY,AVAILABLE_SALE_FINASSET_YOY,HOLD_MATURITY_INVEST_YOY,INVEST_RECE_YOY,AMORTIZE_COST_FINASSET_YOY,FVTOCI_FINASSET_YOY,HOLDSALE_ASSET_YOY,LONG_EQUITY_INVEST_YOY,INVEST_SUBSIDIARY_YOY,INVEST_JOINT_YOY,INVEST_REALESTATE_YOY,FIXED_ASSET_YOY,CIP_YOY,USERIGHT_ASSET_YOY,INTANGIBLE_ASSET_YOY,GOODWILL_YOY,PEND_MORTGAGE_ASSET_YOY,MORTGAGE_ASSET_IMPAIRMENT_YOY,NET_PENDMORTGAGE_ASSET_YOY,DEFER_TAX_ASSET_YOY,LONG_PREPAID_EXPENSE_YOY,OTHER_ASSET_YOY,ASSET_OTHER_YOY,ASSET_BALANCE_YOY,TOTAL_ASSETS_YOY,LOAN_PBC_YOY,IOFI_DEPOSIT_YOY,BORROW_FUND_YOY,TRADE_FINLIAB_NOTFVTPL_YOY,FVTPL_FINLIAB_YOY,TRADE_FINLIAB_YOY,APPOINT_FVTPL_FINLIAB_YOY,DERIVE_FINLIAB_YOY,SELL_REPO_FINASSET_YOY,ACCEPT_DEPOSIT_YOY,OUTWARD_REMIT_YOY,CD_NOTE_PAYABLE_YOY,DEPOSIT_CERTIFICATE_YOY,STAFF_SALARY_PAYABLE_YOY,TAX_PAYABLE_YOY,INTEREST_PAYABLE_YOY,DIVIDEND_PAYABLE_YOY,PREDICT_LIAB_YOY,DEFER_TAX_LIAB_YOY,AMORTIZE_COST_FINLIAB_YOY,HOLDSALE_LIAB_YOY,BOND_PAYABLE_YOY,SUBBOND_PAYABLE_YOY,PREFERRED_SHARES_PAYBALE_YOY,PERPETUAL_BOND_PAYBALE_YOY,LEASE_LIAB_YOY,OTHER_LIAB_YOY,LIAB_OTHER_YOY,LIAB_BALANCE_YOY,TOTAL_LIABILITIES_YOY,SHARE_CAPITAL_YOY,OTHER_EQUITY_TOOL_YOY,PREFERRED_SHARES_YOY,PERPETUAL_BOND_YOY,OTHER_EQUITY_OTHER_YOY,CAPITAL_RESERVE_YOY,INVEST_REVALUE_RESERVE_YOY,TREASURY_SHARES_YOY,OTHER_COMPRE_INCOME_YOY,HEDGE_RESERVE_YOY,SURPLUS_RESERVE_YOY,GENERAL_RISK_RESERVE_YOY,UNASSIGN_RPOFIT_YOY,ADVICE_ASSIGN_DIVIDEND_YOY,CONVERT_DIFF_YOY,PARENT_EQUITY_OTHER_YOY,PARENT_EQUITY_BALANCE_YOY,TOTAL_PARENT_EQUITY_YOY,MINORITY_EQUITY_YOY,EQUITY_OTHER_YOY,EQUITY_BALANCE_YOY,TOTAL_EQUITY_YOY,LIAB_EQUITY_OTHER_YOY,LIAB_EQUITY_BALANCE_YOY,TOTAL_LIAB_EQUITY_YOY,AGENT_BUSINESS_ASSET_YOY,AGENT_BUSINESS_LIAB_YOY,SHORT_FIN_PAYABLE_YOY,ACCRUED_EXPENSE_YOY,ACCOUNTS_PAYABLE_YOY,NOTE_PAYABLE_YOY,NOTE_RECE_YOY,LISTING_STATE
601288.SH,601288,农业银行,10008271,银行,2025-09-30,三季报,2025三季报,058001001,2025-10-31,2025-10-31 00:00:00,CNY,3395283000000,395898000000,128191000000.0,536521000000,520544000000.0,,,32484000000.0,1660716000000.0,,,,26019737000000,,,,,,,,11068565000000.0,3735554000000.0,,16911000000.0,,,,137161000000,13001000000.0,,28876000000.0,1381000000.0,,,,147181000000.0,,297425000000,,0.0,48135429000000,1083975000000,6421734000000,364828000000,,26990000000.0,,,47746000000.0,1248496000000.0,32067823000000,,,,74106000000.0,11061000000.0,,1648000000.0,27712000000.0,1231000000.0,,,3158142000000.0,,,,,424726000000,,0.0,44960218000000,349983000000.0,430000000000.0,80000000000.0,350000000000.0,,173413000000.0,,,67243000000.0,,302271000000.0,570356000000.0,1275236000000.0,,,,0,3168502000000,6709000000.0,,0.0,3175211000000,,,48135429000000,,,,,,,,,,1.2640397077,-26.547083205,-11.7682687609,10.1968677792,5.5756683359,,,15.560298826,17.8379390941,,,,9.6072066835,,,,,,,,19.4248371344,7.0087651101,,63.9934057409,,,,-1.6153443366,4.779174726,,0.7677275265,0.0,,,,-6.1046251994,,18.1885373908,,,10.5207567198,-4.7507954459,9.7649374184,-2.6806125743,,76.4052287582,,,17.3293360201,1247.656570454,7.4791171528,,,,7.4622969838,-48.5055865922,,-22.5563909774,-23.3501134038,58.2262210797,,,19.8452176395,,,,,-1.2253630856,,,10.895132487,0.0,-6.5217391304,0.0,-7.8947368421,,-0.0023065789,,,11.6789290993,,10.3368095987,7.1058897761,10.540011546,,,,,5.4858605424,2.1623267854,,,5.4786101932,,,10.5207567198,,,,,,,,0
601288.SH,601288,农业银行,10008271,银行,2025-06-30,中报,2025中报,058001001,2025-08-30,2025-08-30 00:00:00,CNY,3362831000000,410918000000,168487000000.0,472461000000,521158000000.0,,,42680000000.0,1554271000000.0,,,,25764001000000,,,,,,,,10348968000000.0,3570257000000.0,,15597000000.0,,,,137647000000,12666000000.0,,28563000000.0,1381000000.0,,,,143504000000.0,,300488000000,,0.0,46855878000000,942778000000,5670071000000,366475000000,,25036000000.0,,,52939000000.0,1066458000000.0,31900486000000,,,,72031000000.0,11543000000.0,,43923000000.0,29942000000.0,632000000.0,,,3105787000000.0,,,,,418536000000,,0.0,43706637000000,349983000000.0,465000000000.0,80000000000.0,385000000000.0,,173415000000.0,,,82730000000.0,,302271000000.0,570192000000.0,1199509000000.0,,,,0,3143100000000,6141000000.0,,0.0,3149241000000,,,46855878000000,,,,,,,,,,10.7175933928,-35.6828138671,18.7598680501,3.462615707,8.4862122729,,,5.5025461017,109.9359091247,,,,9.9206168729,,,,,,,,14.5129990194,7.0303056829,,88.9629270657,,,,-1.6919494915,5.2692819149,,-0.6262394322,0.0,,,,-8.0521044909,,3.5148216408,,,11.6026601498,-14.8603263162,21.5588972281,-8.2089122327,,67.9930215393,,,41.7224393639,832.8219302696,8.2869703566,,,,9.8804039418,-38.4077690625,,,-14.8649417117,2533.3333333333,,,20.3781746301,,,,,-3.0580976006,,,12.275318414,0.0,-19.8275862069,0.0,-23.0,,-0.0046129983,,,54.4248035391,,10.3392262007,7.0867561385,10.4119684019,,,,,3.0599604299,-8.1376215408,,,3.0354694299,,,11.6026601498,,,,,,,,0
601288.SH,601288,农业银行,10008271,银行,2025-03-31,一季报,2025一季报,058001001,2025-04-30,2025-04-30 00:00:00,CNY,2918463000000,411027000000,249922000000.0,442308000000,550638000000.0,,,54720000000.0,854308000000.0,,,,25221001000000,,,,,,,,10197310000000.0,3324635000000.0,,10358000000.0,,,,139719000000,12677000000.0,,28803000000.0,1381000000.0,,,,155274000000.0,,246413000000,,0.0,44818957000000,671007000000,4056839000000,427905000000,,20676000000.0,,,70721000000.0,789637000000.0,32017351000000,,,,71455000000.0,11822000000.0,,,34077000000.0,411000000.0,,,3117069000000.0,,,,,386982000000,,0.0,41675952000000,349983000000.0,500000000000.0,80000000000.0,420000000000.0,,173419000000.0,,,61111000000.0,,301850000000.0,532764000000.0,1218134000000.0,,,,0,3137261000000,5744000000.0,,0.0,3143005000000,,,44818957000000,,,,,,,,,,3.2256250385,-59.2742171205,80.1824014996,-6.7637728054,5.8552808643,,,95.841236892,-46.4192891262,,,,10.0328047911,,,,,,,,18.3461886943,-0.791635384,,23.6923811798,,,,-1.4897907383,-0.2360903439,,0.4393765038,0.0,,,,-4.2535086205,,-23.2219528762,,,6.3136854729,-39.6403827713,12.546475466,11.1086587921,,47.4434857021,,,90.4737536696,553.3376909202,3.0805741142,,,,12.4496411935,-20.9706531185,,,-1.240399942,2063.1578947368,,,33.1023345129,,,,,4.8015989081,,,6.4300842718,0.0,-3.8461538462,0.0,-4.5454545455,,-0.0028831073,,,63.2979718355,,10.3377941214,16.7274663301,3.1376473656,,,,,4.8587649554,-21.6477970263,,,4.7939749729,,,6.3136854729,,,,,,,,0
601288.SH,601288,农业银行,10008271,银行,2024-12-31,年报,2024年报,058001001,2025-03-29,2025-10-31 00:00:00,CNY,2134452000000,571956000000,115253000000.0,529767000000,513306000000.0,,,65920000000.0,1371571000000.0,,,,23977013000000,,,,,,,,9905633000000.0,3430164000000.0,,10332000000.0,,,,140803000000,13681000000.0,,29105000000.0,1381000000.0,,,,148009000000.0,,279789000000,,0.0,43238135000000,847324000000,4667561000000,364022000000,,15841000000.0,,,58146000000.0,615725000000.0,30305357000000,,,,87803000000.0,15175000000.0,,40738000000.0,35669000000.0,309000000.0,,,2678509000000.0,,,,,408683000000,,0.0,40140862000000,349983000000.0,500000000000.0,80000000000.0,420000000000.0,,173419000000.0,,,81816000000.0,,301841000000.0,532991000000.0,1150758000000.0,,,,0,3090808000000,6465000000.0,,0.0,3097273000000,,,43238135000000,,,,,,,,标准无保留意见,,-26.9535363394,-47.0448375855,112.033630142,2.6320224882,-6.229551321,,,165.0263337756,-24.2041292934,,,,10.3316361864,,,,,,,,17.0428280845,55.700617008,,23.2053422371,,,,-2.4822179282,10.7593911917,,1.5031038572,0.0,,,,-7.9259720062,,70.0969067652,,,8.4396632517,-24.820574428,27.7559828296,-4.7785712417,,25.7521632135,,,109.030449006,512.533699426,4.8683861027,,,,11.7072301879,-69.2034500254,,,-18.3289829189,2107.1428571429,,,16.663813781,,,,,33.3917578938,,,8.5588748328,0.0,4.1666666667,0.0,5.0,,-0.0034597088,,,97.1184888932,,10.3389409193,16.8327487944,3.2462568726,,,,,6.9762097265,-15.1463446647,,,6.9180255773,,,8.4396632517,,,,,,,,0
601288.SH,601288,农业银行,10008271,银行,2024-09-30,三季报,2024三季报,058001001,2024-10-31,2024-10-31 00:00:00,CNY,3352901000000,538982000000,145289000000.0,486875000000,493053000000.0,,,28110000000.0,1409322000000.0,,,,23739075000000,,,,,,,,9268227000000.0,3490886000000.0,,10312000000.0,,,,139413000000,12408000000.0,,28656000000.0,1381000000.0,,,,156750000000.0,,251653000000,,0.0,43553293000000,1138041000000,5850442000000,374877000000,,15300000000.0,,,40694000000.0,92642000000.0,29836329000000,,,,68960000000.0,21480000000.0,,2128000000.0,36154000000.0,778000000.0,,,2635184000000.0,,,,,429995000000,,0.0,40543004000000,349983000000.0,460000000000.0,80000000000.0,380000000000.0,,173417000000.0,,,60211000000.0,,273953000000.0,532516000000.0,1153642000000.0,,,,0,3003722000000,6567000000.0,,0.0,3010289000000,,,43553293000000,,,,,,,,,,16.0462066514,-35.9208387874,215.797596018,4.0633602927,-11.7079189304,,,-38.6204336529,-25.0845198,,,,10.6809713953,,,,,,,,14.4174420847,93.0844632453,,22.0066256507,,,,-0.5882856287,20.0,,1.1792952475,0.0,,,,-3.3320382602,,-3.5416818389,,,12.5465786153,5.8739308328,108.8485851488,-6.2978506423,,27.1820448878,,,12.2809921916,92.119615935,3.5149236475,,,,5.3516048704,-46.9734373457,,0.0,-1.7420845224,5086.6666666667,,,23.0117714279,,,,,9.2839025481,,,13.0069501093,0.0,-4.1666666667,0.0,-5.0,,-0.0046129451,,,112.1898787708,,10.8475220924,16.6787541494,6.7892377844,,,,,6.6806221434,12.5064245332,,,6.6926744967,,,12.5465786153,,,,,,,,0
601288.SH,601288,农业银行,10008271,银行,2024-06-30,中报,2024中报,058001001,2024-08-31,2024-08-31 00:00:00,CNY,3037305000000,638893000000,141872000000.0,456649000000,480391000000.0,,,40454000000.0,740355000000.0,,,,23438734000000,,,,,,,,9037374000000.0,3335744000000.0,,8254000000.0,,,,140016000000,12032000000.0,,28743000000.0,1381000000.0,,,,156071000000.0,,290285000000,,0.0,41984553000000,1107331000000,4664464000000,399249000000,,14903000000.0,,,37354000000.0,114326000000.0,29459210000000,,,,65554000000.0,18741000000.0,,,35170000000.0,24000000.0,,,2580025000000.0,,,,,431739000000,,0.0,38928090000000,349983000000.0,580000000000.0,80000000000.0,500000000000.0,,173423000000.0,,,53573000000.0,,273947000000.0,532458000000.0,1086394000000.0,,,,0,3049778000000,6685000000.0,,0.0,3056463000000,,,41984553000000,,,,,,,,,,-0.087698205,-31.6796468561,29.7566240157,-0.1999720258,-11.1395767397,,,-18.2929046071,-60.7286227448,,,,12.0662737601,,,,,,,,16.1269157996,91.1320746068,,2.1914077009,,,,-0.4316505835,18.4135419742,,1.6300120218,0.0,,,,-0.892828794,,27.6645805938,,,10.3886544969,4.8054107721,56.7397609284,-0.4118233974,,27.5941780822,,,-15.5135367426,103.5067108121,4.350376162,,,,5.5127235269,-38.5238641955,,,-6.9527488227,-4.0,,,28.9318846461,,,,,32.0714718353,,,10.2382489195,0.0,31.8181818182,0.0,38.8888888889,,-0.0017298444,,,70.2567851014,,10.8450943579,16.6519881696,6.9309639884,,,,,12.3536073291,6.7891373802,,,12.3408041883,,,10.3886544969,,,,,,,,0
601288.SH,601288,农业银行,10008271,银行,2024-03-31,一季报,2024一季报,058001001,2024-04-30,2024-04-30 00:00:00,CNY,2827266000000,1009255000000,138705000000.0,474395000000,520180000000.0,,,27941000000.0,1594432000000.0,,,,22921347000000,,,,,,,,8616509000000.0,3351164000000.0,,8374000000.0,,,,141832000000,12707000000.0,,28677000000.0,1381000000.0,,,,162172000000.0,,320942000000,,0.0,42157279000000,1111682000000,3604590000000,385123000000,,14023000000.0,,,37129000000.0,120862000000.0,31060509000000,,,,63544000000.0,14959000000.0,,,34505000000.0,19000000.0,,,2341859000000.0,,,,,369252000000,,0.0,39158056000000,349983000000.0,520000000000.0,80000000000.0,440000000000.0,,173424000000.0,,,37423000000.0,,273569000000.0,456417000000.0,1181076000000.0,,,,0,2991892000000,7331000000.0,,0.0,2999223000000,,,42157279000000,,,,,,,,,,-11.819888717,10.2636153176,4.417443935,-2.4879804481,-5.8347754937,,,26.1900460663,9.8585454921,,,,12.9916103237,,,,,,,,14.3710039378,101.4387952975,,4.6619172603,,,,0.6450331032,36.4143853999,,3.3442646582,0.0,,,,3.7290043622,,47.4077272143,,,14.5218890149,12.5319750051,37.3281250655,0.2248483445,,14.0916117484,,,36.2532110092,173.6787283185,12.2472905336,,,,6.315983202,-54.2370288791,,,-9.6278253582,-82.2429906542,,,25.2270076697,,,,,13.4847069237,,,14.9059420589,0.0,18.1818181818,0.0,22.2222222222,,-0.0011532296,,,52.7718811234,,10.694834465,17.4289573551,7.0977383066,,,,,9.7329929727,9.89356918,,,9.733384897,,,14.5218890149,,,,,,,,0
601288.SH,601288,农业银行,10008271,银行,2023-12-31,年报,2023年报,058001001,2024-03-29,2025-03-29 00:00:00,CNY,2922047000000,1080076000000,54356000000.0,516181000000,547407000000.0,,,24873000000.0,1809559000000.0,,,,21731766000000,,,,,,,,8463255000000.0,2203051000000.0,,8386000000.0,,,,144387000000,12352000000.0,,28674000000.0,1381000000.0,,,,160750000000.0,,164488000000,,0.0,39872989000000,1127069000000,3653497000000,382290000000,,12597000000.0,,,27817000000.0,100521000000.0,28898468000000,,,,78601000000.0,49275000000.0,,,43674000000.0,14000000.0,,,2295921000000.0,,,,,306378000000,,0.0,36976122000000,349983000000.0,480000000000.0,80000000000.0,400000000000.0,,173425000000.0,,,41506000000.0,,273558000000.0,456200000000.0,1114576000000.0,,,,0,2889248000000,7619000000.0,,0.0,2896867000000,,,39872989000000,,,,,,,,标准无保留意见,,14.6291872129,71.2001394866,-34.8163426831,3.168109048,4.855791609,,,-19.0200227902,54.3746006397,,,,14.49237086,,,,,,,,15.8397892143,29.4308932581,,3.6332179931,,,,1.2943553479,23.1505483549,,2.8958983744,0.0,,,,7.2167011272,,52.4815989024,,,17.5310698552,25.0747961417,48.5657809235,14.5421042381,,2.5229917799,,,-10.2793187976,129.610087028,15.0369092999,,,,9.9791518001,-12.2189760217,,,7.0756104737,55.5555555556,,,22.8160616412,,,,,-1.11575516,,,18.3170479405,0.0,9.0909090909,0.0,11.1111111111,,-0.0005766148,,,15.6574804247,,10.858147866,17.3957797221,7.8549220391,,,,,8.2900965982,33.7370545901,,,8.3443166178,,,17.5310698552,,,,,,,,0
601288.SH,601288,农业银行,10008271,银行,2023-09-30,三季报,2023三季报,058001001,2023-10-28,2023-10-28 00:00:00,CNY,2889281000000,841119000000,46007000000.0,467864000000,558434000000.0,,,45797000000.0,1881216000000.0,,,,21448199000000,,,,,,,,8100362000000.0,1807958000000.0,,8452000000.0,,,,140238000000,10340000000.0,,28322000000.0,1381000000.0,,,,162153000000.0,,260893000000,,0.0,38698016000000,1074902000000,2801284000000,400073000000,,12030000000.0,,,36243000000.0,48221000000.0,28823215000000,,,,65457000000.0,40508000000.0,,2128000000.0,36795000000.0,15000000.0,,,2142221000000.0,,,,,393466000000,,0.0,35876558000000,349983000000.0,480000000000.0,80000000000.0,400000000000.0,,173425000000.0,,,28376000000.0,,247144000000.0,456395000000.0,1080298000000.0,,,,0,2815621000000,5837000000.0,,0.0,2821458000000,,,38698016000000,,,,,,,,,,4.0970397018,78.9698666746,-47.9335008261,-15.7117223587,13.8105040047,,,-36.0126865255,28.7590449517,,,,15.3276362253,,,,,,,,14.3705544846,5.8699455881,,-0.259617654,,,,1.6644676748,4.602933738,,5.2119320926,0.0,,,,10.864749559,,33.49553809,,,14.4016404676,20.7928780768,9.0499137927,4.7358128503,,2.3307247363,,,-31.986563579,93.7208741764,15.7991477699,,,,11.0061559856,-16.407684847,,,-12.6839107736,-94.6619217082,,,13.5064578618,,,,,17.0618651783,,,15.008969188,0.0,9.1233981026,0.1264095921,11.120371142,,-0.0754799604,,,-43.4605881884,,11.7843412185,17.6788343376,7.7174194835,,,,,7.2447157918,-9.6579476861,,,7.2032214259,,,14.4016404676,,,,,,,,0
601288.SH,601288,农业银行,10008271,银行,2023-06-30,中报,2023中报,058001001,2023-08-30,2023-08-30 00:00:00,CNY,3039971000000,935143000000,109337000000.0,457564000000,540613000000.0,,,49511000000.0,1885228000000.0,,,,20915065000000,,,,,,,,7782325000000.0,1745256000000.0,,8077000000.0,,,,140623000000,10161000000.0,,28282000000.0,1381000000.0,,,,157477000000.0,,227381000000,,0.0,38033395000000,1056559000000,2975929000000,400900000000,,11680000000.0,,,44213000000.0,56178000000.0,28231053000000,,,,62129000000.0,30485000000.0,,77766000000.0,37798000000.0,25000000.0,,,2001076000000.0,,,,,326898000000,,0.0,35312689000000,349983000000.0,440000000000.0,80000000000.0,360000000000.0,,173426000000.0,,,31466000000.0,,247144000000.0,456450000000.0,1015977000000.0,,,,0,2714446000000,6260000000.0,,0.0,2720706000000,,,38033395000000,,,,,,,,,,13.8767654345,144.5534378694,-39.721367691,-15.5546040757,17.5590662477,,,49.2463977814,70.3560326755,,,,15.9617739285,,,,,,,,12.1589523736,11.3448549316,,-7.0647796571,,,,0.6491740388,5.8547765392,,6.467399488,0.0,,,,6.3789399732,,29.6748732513,,,17.29137845,12.4874902584,38.0149306407,14.7855465842,,-1.3513513514,,,88.8637334472,173.053368329,17.0448751473,,,,13.2067564367,-23.3236078274,,7.4457355237,-9.7145587006,-95.3007518797,,,12.7029604102,,,,,10.880537277,,,18.101821168,0.0,7.3513732436,0.1264095921,9.1008273479,,-0.0749037775,,,-12.7156726768,,11.9240627859,18.439386902,7.6432689119,,,,,7.7376586428,-6.8036325741,,,7.6989945028,,,17.29137845,,,,,,,,0
601288.SH,601288,农业银行,10008271,银行,2023-03-31,一季报,2023一季报,058001001,2023-04-29,2023-04-29 00:00:00,CNY,3206240000000,915311000000,132837000000.0,486499000000,552412000000.0,,,22142000000.0,1451350000000.0,,,,20285884000000,,,,,,,,7533823000000.0,1663614000000.0,,8001000000.0,,,,140923000000,9315000000.0,,27749000000.0,1381000000.0,,,,156342000000.0,,217724000000,,0.0,36811547000000,987881000000,2624801000000,384259000000,,12291000000.0,,,27250000000.0,44162000000.0,27671500000000,,,,59769000000.0,32688000000.0,,,38181000000.0,107000000.0,,,1870091000000.0,,,,,325376000000,,0.0,34078356000000,349983000000.0,440000000000.0,80000000000.0,360000000000.0,,173426000000.0,,,24496000000.0,,247138000000.0,388675000000.0,1102802000000.0,,,,0,2726520000000,6671000000.0,,0.0,2733191000000,,,36811547000000,,,,,,,,,,28.825967378,128.0893108561,-18.3019158031,8.2576381317,24.6104878968,,,-9.4581885095,46.8444158448,,,,16.682433591,,,,,,,,,8.7727534261,,-13.1741725448,,,,-0.1226115553,-0.6081946223,,4.6618639912,0.0,,,,4.5073830707,,32.4685596773,,,19.176337372,12.0122684083,65.4875285448,15.477013325,,-4.5285070685,,,0.279679105,73.3066478298,17.699481406,,,,14.8145302265,-64.5131523238,,,8.8211822379,-83.8612368024,,,27.2756042915,,,,,-0.8604509445,,,20.1885739661,0.0,7.3513732436,0.1264095921,9.1008273479,,-0.0749037775,,,-9.5019949756,,11.9218524272,10.5028530164,10.8754905085,,,,,7.8676543022,1.4446472019,,,7.8509874206,,,19.176337372,,,,,,,,0
601288.SH,601288,农业银行,10008271,银行,2022-12-31,年报,2022年报,058001001,2023-03-31,2024-03-29 00:00:00,CNY,2549130000000,630885000000,83389000000.0,500330000000,522057000000.0,,,30715000000.0,1172187000000.0,,,,18980973000000,,,,,,,,7306000000000.0,1702106000000.0,,8092000000.0,,,,142542000000,10030000000.0,,27867000000.0,1381000000.0,,,,149930000000.0,,107874000000,,0.0,33925488000000,901116000000,2459178000000,333755000000,,12287000000.0,,,31004000000.0,43779000000.0,25121040000000,,,,71469000000.0,56134000000.0,,1936000000.0,40788000000.0,9000000.0,,,1869398000000.0,,,,,309835000000,,0.0,31251728000000,349983000000.0,440000000000.0,80000000000.0,360000000000.0,,173426000000.0,,,35887000000.0,,246764000000.0,388600000000.0,1033403000000.0,,,,0,2668063000000,5697000000.0,,0.0,2673760000000,,,33925488000000,,,,,,,,标准无保留意见,,9.8097446117,188.7345537757,-13.5901102545,11.9446731582,13.4312240761,,,39.7533897534,39.9397352314,,,,15.3542771848,,,,,,,,14.6484861096,21.8156704454,,-2.4707725684,,,,-0.8865433155,5.7793714406,,4.8735511064,0.0,,,,4.8263614562,,-1.0911024719,,,16.7061374849,20.5969382224,51.5797298513,14.6510709194,,-22.5283732661,,,60.3351088587,21.496961119,14.6706275086,,,,19.6414222579,-22.2628444814,,,20.6424324884,-98.6259541985,,,23.9935874008,,,,,-7.4257218663,,,17.2769710486,0.0,22.2222222222,0.0,28.5714285714,,-0.0011532163,,,9.308275715,,11.763107359,10.5182926829,11.6040196338,,,,,10.4968721592,-15.649985194,,,10.4239396141,,,16.7061374849,,,,,,,,0
601288.SH,601288,农业银行,10008271,银行,2022-09-30,三季报,2022三季报,058001001,2022-10-29,2022-10-29 00:00:00,CNY,2775565000000,469978000000,88362000000.0,555076000000,490670000000.0,,,71572000000.0,1461036000000.0,,,,18597623000000,,,,,,,,7082559000000.0,1707716000000.0,,8474000000.0,,,,137942000000,9885000000.0,,26919000000.0,1381000000.0,,,,146262000000.0,,195432000000,,0.0,33826452000000,889872000000,2568809000000,381983000000,,11756000000.0,,,53288000000.0,24892000000.0,24890697000000,,,,58967000000.0,48459000000.0,,,42140000000.0,281000000.0,,,1887312000000.0,,,,,336118000000,,0.0,31194574000000,349983000000.0,439869000000.0,79899000000.0,359970000000.0,,173556000000.0,,,50188000000.0,,221090000000.0,387831000000.0,1002900000000.0,,,,0,2625417000000,6461000000.0,,0.0,2631878000000,,,33826452000000,,,,,,,,,,9.4757082425,59.8798463721,-31.0953071632,23.8945322004,17.1340857874,,,167.4588938714,74.6522581108,,,,14.8642461512,,,,,,,,,23.3361476178,,-13.601141925,,,,-1.6939972491,22.4603567889,,7.3453762412,0.0,,,,5.5890846087,,-3.4374397818,,,16.6885551086,27.917477047,68.2389786761,14.151876567,,-29.520383693,,,250.8097432521,-10.6500592268,12.957480301,,,,17.8585705149,-16.6124619276,,,13.0486103659,-6.0200668896,,,26.0376688155,,,,,-8.1692480445,,,17.0022646502,0.0,37.5127784291,0.0,50.00250025,,0.0,,,61.9072198206,,12.5976552553,10.1924093216,11.7183392299,,,,,13.1436528089,-3.8827729842,,,13.0944717788,,,16.6885551086,,,,,,,,0
601288.SH,601288,农业银行,10008271,银行,2022-06-30,中报,2022中报,058001001,2022-08-30,2022-08-30 00:00:00,CNY,2669527000000,382388000000,181386000000.0,541846000000,459865000000.0,,,33174000000.0,1106640000000.0,,,,18036172000000,,,,,,,,6938657000000.0,1567433000000.0,,8691000000.0,,,,139716000000,9599000000.0,,26564000000.0,1381000000.0,,,,148034000000.0,,175347000000,,0.0,32426420000000,939268000000,2156237000000,349260000000,,11840000000.0,,,23410000000.0,20574000000.0,24119854000000,,,,54881000000.0,39758000000.0,,72377000000.0,41865000000.0,532000000.0,,,1775531000000.0,,,,,294820000000,,0.0,29900207000000,349983000000.0,409869000000.0,79899000000.0,329970000000.0,,173556000000.0,,,36050000000.0,,220814000000.0,385387000000.0,943837000000.0,,,,0,2519496000000,6717000000.0,,0.0,2526213000000,,,32426420000000,,,,,,,,,,12.9268768325,-5.7307819364,5.8526934995,20.4110249624,-2.3653626493,,,-36.4580140975,26.0085672708,,,,13.7189408578,,,,,,,,,5.3657136404,,-4.7039473684,,,,-1.0776136734,18.0543598573,,12.6786850477,0.0,,,,9.9741471532,,-5.5262817612,,,13.1718874286,33.9583891928,52.6668087435,-0.1783448229,,-35.037858005,,,-38.6240889308,-24.1567442032,10.0028394769,,,,20.6918543279,1.3097543574,,5051.3879003559,-7.2983326321,52.435530086,,,23.1055048798,,,,,-13.9420228091,,,13.3012941722,0.0,28.1341148886,0.0,37.501250125,,0.0,,,49.7777223815,,12.4570928018,9.6082524658,12.3075330436,,,,,11.6874607963,2.9898804048,,,11.6623872254,,,13.1718874286,,,,,,,,0
601288.SH,601288,农业银行,10008271,银行,2022-03-31,一季报,2022一季报,058001001,2022-04-30,2022-04-30 00:00:00,CNY,2488815000000,401295000000,162595000000.0,449390000000,443311000000.0,,,24455000000.0,988359000000.0,,,,17385551000000,,,,,,,,6513556000000.0,1529440000000.0,,9215000000.0,,,,141096000000,9372000000.0,,26513000000.0,1381000000.0,,,,149599000000.0,,164359000000,,0.0,30888302000000,881940000000,1586102000000,332758000000,,12874000000.0,,,27174000000.0,25482000000.0,23510299000000,,,,52057000000.0,92113000000.0,,1000000.0,35086000000.0,663000000.0,,,1469324000000.0,,,,,328200000000,,0.0,28354073000000,349983000000.0,409869000000.0,79899000000.0,329970000000.0,,173556000000.0,,,27068000000.0,,220813000000.0,351733000000.0,994631000000.0,,,,0,2527653000000,6576000000.0,,0.0,2534229000000,,,30888302000000,,,,,,,,,,0.9559277785,-14.6727308681,2.2867388022,-10.4308344827,-12.4999753277,,,-58.3858013137,-14.4165292748,,,,12.7554436259,,,,,,,,,0.4258169151,,9.3119810202,,,,-0.6813830386,33.6375303009,,12.6247822947,0.0,,,,10.9603773865,,-7.8952972294,,,8.2009856394,22.621782002,17.1930161592,-7.4046659691,,-60.5043563627,,,-40.9145267552,-22.3866959064,7.6036110965,,,,1.485524905,17.5555470475,,,-20.6414548086,90.5172413793,,,7.9290132072,,,,,-5.8913937364,,,7.9055224393,0.0,28.1341148886,0.0,37.501250125,,0.0,,,28.625736552,,12.5563258232,12.9503379843,11.4932182491,,,,,11.6383991647,5.1655205501,,,11.6205719179,,,8.2009856394,,,,,,,,0
601288.SH,601288,农业银行,10008271,银行,2021-12-31,年报,2021年报,058001001,2022-03-31,2023-03-31 00:00:00,CNY,2321406000000,218500000000,96504000000.0,446944000000,460241000000.0,,,21978000000.0,837637000000.0,,,,16454503000000,,,,,,,,6372522000000.0,1397280000000.0,,8297000000.0,,,,143817000000,9482000000.0,,26572000000.0,1381000000.0,,,,143027000000.0,,109064000000,,0.0,29069155000000,747213000000,1622366000000,291105000000,,15860000000.0,,,19337000000.0,36033000000.0,21907127000000,,,,59736000000.0,72210000000.0,,,33809000000.0,655000000.0,,,1507657000000.0,,,,,334688000000,,0.0,26647796000000,349983000000.0,360000000000.0,80000000000.0,280000000000.0,,173428000000.0,,,32831000000.0,,220792000000.0,351616000000.0,925955000000.0,,,,0,2414605000000,6754000000.0,,0.0,2421359000000,,,29069155000000,,,,,,,,标准无保留意见,,-4.7540388344,-49.6758294275,10.4708266081,-18.2840050608,-21.0657743766,,,-64.5155561296,2.6256851824,,,,13.0704604515,,,,,,,,12.108996485,-10.1641410082,,-6.4072194021,,,,-0.0152948783,29.6240601504,,13.1012173321,0.0,,,,7.2528214165,,-14.659071347,,,6.8520668242,1.3636098491,16.3390022058,-25.4837966518,,-42.9845058777,,,-70.3792775957,-67.0012363203,7.530719361,,,,5.1486507895,11.8234610918,,,-19.6935866983,96.1077844311,,,9.8999522541,,,,,-7.315344056,,,6.6154880667,0.0,12.5439624853,0.1264095921,16.6783345001,,-0.0737514116,,,28.1709935585,,12.6081878503,12.8968145668,11.7979088187,,,,,9.5163754899,13.379217727,,,9.5267841715,,,6.8520668242,,,,,,,,0
601288.SH,601288,农业银行,10008271,银行,2021-09-30,三季报,2021三季报,058001001,2021-10-29,2021-10-29 00:00:00,CNY,2535325000000,293957000000,128238000000.0,448023000000,418896000000.0,,,26760000000.0,836540000000.0,,,,16190959000000,,,,,,,,6199796000000.0,1384603000000.0,,9808000000.0,,,,140319000000,8072000000.0,,25077000000.0,1381000000.0,,,,138520000000.0,,202389000000,,0.0,28988663000000,695661000000,1526881000000,334627000000,,16680000000.0,,,15190000000.0,27859000000.0,22035457000000,,,,50032000000.0,58113000000.0,,,37276000000.0,299000000.0,,,1497419000000.0,,,,,366019000000,,0.0,26661513000000,349983000000.0,319875000000.0,79899000000.0,239976000000.0,,173556000000.0,,,30998000000.0,,196354000000.0,351958000000.0,897704000000.0,,,,0,2320428000000,6722000000.0,,0.0,2327150000000,,,28988663000000,,,,,,,,,,0.5764453581,-43.752236367,4.7764559775,-4.8371269085,-46.7104283942,,,-35.3154459753,20.720507507,,,,12.7745914322,,,,,,,,10.8050646015,-17.1315711511,,16.2085308057,,,,-4.7328399756,,,10.4421738747,0.0,,,,3.6539281786,,-0.4534924328,,,6.1982097285,9.7786944487,13.7922990817,-6.7675813628,,-9.401987942,,,-69.47469957,-49.3445097005,6.0399201341,,,,-5.5679287305,20.6389736563,,,-7.4003229412,-35.1409978308,,,8.7736209519,,,,,-2.6366540668,,,6.0843396648,0.0,0.0,0.0,0.0,,0.0,,,36.947205655,,12.1920281574,12.8870129162,12.1423503193,,,,,7.7590802787,-39.0626416463,,,7.5204481285,,,6.1982097285,,,,,,,,0
601288.SH,601288,农业银行,10008271,银行,2021-06-30,中报,2021中报,058001001,2021-08-31,2021-08-31 00:00:00,CNY,2363943000000,405634000000,171357000000.0,449997000000,471006000000.0,,,52208000000.0,878226000000.0,,,,15860306000000,,,,,,,,6008417000000.0,1487612000000.0,,9120000000.0,,,,141238000000,8131000000.0,,23575000000.0,1381000000.0,,,,134608000000.0,,185604000000,,0.0,28652363000000,701164000000,1412381000000,349884000000,,18226000000.0,,,38142000000.0,27127000000.0,21926574000000,,,,45472000000.0,39244000000.0,,1405000000.0,45161000000.0,349000000.0,,,1442284000000.0,,,,,342583000000,,0.0,26389996000000,349983000000.0,319875000000.0,79899000000.0,239976000000.0,,173556000000.0,,,24069000000.0,,196354000000.0,351604000000.0,840404000000.0,,,,0,2255845000000,6522000000.0,,0.0,2262367000000,,,28652363000000,,,,,,,,,,-0.3445447019,-9.689729181,0.4867264421,-14.2882448401,-45.5534118849,,,155.5832966172,34.9458127625,,,,13.6429204836,,,,,,,,,-17.9263494789,,20.6828106391,,,,-4.7285629486,,,3.5353535354,0.0,,,,7.8779913126,,5.9008798256,,,8.2359683451,10.2904790143,9.8952153233,1.5722795731,,-57.3730617209,,,15.9542773758,-12.5499677627,7.6779869154,,,,-10.7114104503,9.0474602645,,-97.79303195,19.3346369306,-16.9047619048,,,26.7466190713,,,,,8.0148062668,,,8.2483623895,0.0,12.2849079255,0.0,17.0734563053,,0.0,,,-36.1751213174,,12.1920281574,12.7568347631,12.1798071969,,,,,8.3432951016,-40.066164308,,,8.0916040017,,,8.2359683451,,,,,,,,0
601288.SH,601288,农业银行,10008271,银行,2021-03-31,一季报,2021一季报,058001001,2021-04-30,2021-04-30 00:00:00,CNY,2465249000000,470301000000,158960000000.0,501724000000,506641000000.0,,,58766000000.0,1154848000000.0,,,,15418813000000,,,,,,,,5793198000000.0,1522955000000.0,,8430000000.0,,,,142064000000,7013000000.0,,23541000000.0,1381000000.0,,,,134822000000.0,,178448000000,,0.0,28547154000000,719236000000,1353410000000,359368000000,,32596000000.0,,,45991000000.0,32832000000.0,21848987000000,,,,51295000000.0,78357000000.0,,,44212000000.0,348000000.0,,,1361380000000.0,,,,,348746000000,,0.0,26276758000000,349983000000.0,319875000000.0,79899000000.0,239976000000.0,,173556000000.0,,,21044000000.0,,196180000000.0,311405000000.0,892100000000.0,,,,0,2264143000000,6253000000.0,,0.0,2270396000000,,,28547154000000,,,,,,,,,,-2.8545657092,23.7217463591,-17.0502102967,2.9921091742,-38.7368922553,,,105.3965258118,12.6377677816,,,,13.6421882301,,,,,,,,16.2998751922,-12.9050207765,,26.747857465,,,,-5.1287530719,,,2.2321622443,0.0,,,,15.5940806283,,16.0712891895,,,8.8489730267,2.7725185866,-16.9763009394,10.1929928923,,-90.3128213358,,,23.4425745497,-7.6351769538,11.8178239939,,,,3.6597688142,-6.7178571429,,,30.6617016875,-36.6120218579,,,18.94113402,,,,,26.4057935294,,,8.6105880034,0.0,60.0287163683,0.0,100.0016668472,,0.0,,,-50.5579963818,,12.1464340429,12.3524360677,11.1077898754,,,,,12.030715457,-47.1651880017,,,11.6860820617,,,8.8489730267,,,,,,,,0
601288.SH,601288,农业银行,10008271,银行,2020-12-31,年报,2020年报,058001001,2021-03-31,2022-03-31 00:00:00,CNY,2437275000000,434185000000,87357000000.0,546948000000,583069000000.0,,,61937000000.0,816206000000.0,,,,14552433000000,,,,,,,,5684220000000.0,1555370000000.0,,8865000000.0,,,,143839000000,7315000000.0,,23494000000.0,1381000000.0,,,,133355000000.0,,127798000000,,0.0,27205047000000,737161000000,1394516000000,390660000000,,27817000000.0,,,65282000000.0,109195000000.0,20372901000000,,,,56811000000.0,64575000000.0,,,42100000000.0,334000000.0,,,1371845000000.0,,,,,361104000000,,0.0,24994301000000,349983000000.0,319875000000.0,79899000000.0,239976000000.0,,173556000000.0,,,25615000000.0,,196071000000.0,311449000000.0,828240000000.0,,,,0,2204789000000,5957000000.0,,0.0,2210746000000,,,27205047000000,,,,,,,,标准无保留意见,,-9.7270449406,84.1780420969,190.5797824568,4.542387654,-27.2401576817,,,148.3042014112,15.1936840115,,,,13.5156076196,,,,,,,,14.9083810937,-7.1325533129,,32.868705036,,,,-2.9406803107,70.6321436902,,1.6264382732,0.0,,,,10.2544811165,,18.537825103,,,9.3560721216,21.1367938791,-7.273910855,20.0689691206,,-7.9943110406,,,120.9354271017,105.2653345113,8.083895538,,,,12.5616690773,-4.7945508426,,,37.7707965181,-35.7692307692,,,23.7890403641,,,,,35.702367531,,,9.0329105818,0.0,60.0287163683,0.0,100.0016668472,,0.0,,,-19.709745165,,12.0982219427,12.4299679441,11.7580464741,,,,,13.1615644993,8.1910642935,,,13.1475575796,,,9.3560721216,,,,,,,,0
601288.SH,601288,农业银行,10008271,银行,2020-09-30,三季报,2020三季报,058001001,2020-10-31,2020-10-31 00:00:00,CNY,2520794000000,522611000000,122392000000.0,470796000000,786075000000.0,,,41370000000.0,692956000000.0,,,,14356921000000,,,,,,,,5595228000000.0,1670845000000.0,,8440000000.0,,,,147290000000,,,22706000000.0,1381000000.0,,,,133637000000.0,,203311000000,,0.0,27296753000000,633694000000,1341814000000,358917000000,,18411000000.0,,,49762000000.0,54997000000.0,20780341000000,,,,52982000000.0,48171000000.0,,,40255000000.0,461000000.0,,,1376638000000.0,,,,,375931000000,,0.0,25132374000000,349983000000.0,319875000000.0,79899000000.0,239976000000.0,,173556000000.0,,,22635000000.0,,175016000000.0,311779000000.0,800504000000.0,,,,0,2153348000000,11031000000.0,,0.0,2164379000000,,,27296753000000,,,,,,,,,,-11.3875744751,159.1930764271,22.4642539098,-12.4649289655,-3.2008403237,,,-6.6329639577,71.3405467421,,,,12.2237217255,,,,,,,,14.3511251937,-3.8186557309,,42.9539295393,,,,0.2600266834,,,-0.5953944488,0.0,,,,6.4879078848,,1.5833758032,,,9.753511334,30.1054075251,1.2676818486,3.8905741643,,-96.3400015506,,,-19.8279334289,-19.4253984998,10.982653557,,,,11.5809868795,-9.9657963105,,,50.8921208486,262.9921259843,,,37.710483854,,,,,23.1825599151,,,9.5211805416,0.0,60.0287163683,0.0,100.0016668472,,0.0,,,-25.1091847538,,13.4360862295,12.5125403275,9.2677120643,,,,,12.2910397054,89.8296334538,,,12.5252929616,,,9.753511334,,,,,,,,0
601288.SH,601288,农业银行,10008271,银行,2020-06-30,中报,2020中报,058001001,2020-08-31,2020-08-31 00:00:00,CNY,2372116000000,449156000000,170527000000.0,525012000000,865079000000.0,,,20427000000.0,650799000000.0,,,,13956264000000,,,,,,,,5170218000000.0,1812533000000.0,,7557000000.0,,,,148248000000,,,22770000000.0,1381000000.0,,,,124778000000.0,,175262000000,,0.0,26472127000000,635743000000,1285207000000,344468000000,,42757000000.0,,,32894000000.0,31020000000.0,20363098000000,,,,50927000000.0,35988000000.0,,63662000000.0,37844000000.0,420000000.0,,,1137927000000.0,,,,,317163000000,,0.0,24379118000000,349983000000.0,284878000000.0,79899000000.0,204979000000.0,,173556000000.0,,,37711000000.0,,175016000000.0,311825000000.0,749158000000.0,,,,0,2082127000000,10882000000.0,,0.0,2093009000000,,,26472127000000,,,,,,,,,,-7.2126873013,108.9466975558,23.3986048396,13.8077018957,24.0448700301,,,12.1931125391,102.2364753372,,,,11.8667755709,,,,,,,,8.7071376578,-1.1879580707,,52.2974607013,,,,0.1885530077,,,-1.6627078385,0.0,,,,0.6590782585,,-11.9883496121,,,10.4148407312,35.2463393205,0.8889356401,-1.1994837229,,-81.8601829382,,,3.8976626658,-39.4814366818,9.8974946212,,,,16.2106656322,-5.6473179173,,8200.1303780965,42.4688476452,250.0,,,24.7199102134,,,,,15.4066996092,,,9.6330362281,0.0,256.5476413973,,,,0.0,,,54.2056839092,,13.4272641253,12.5396997257,11.2507350801,,,,,20.1689072395,99.0124359912,,,20.4169411467,,,10.4148407312,,,,,,,,0
601288.SH,601288,农业银行,10008271,银行,2020-03-31,一季报,2020一季报,058001001,2020-04-29,2020-04-29 00:00:00,CNY,2537689000000,380128000000,191634000000.0,487148000000,826992000000.0,,,28611000000.0,1025276000000.0,,,,13567860000000,,,,,,,,4981259000000.0,1748614000000.0,,6651000000.0,,,,149744000000,,,23027000000.0,1381000000.0,,,,116634000000.0,,153740000000,,0.0,26226388000000,699833000000,1630149000000,326126000000,,336486000000.0,,,37257000000.0,35546000000.0,19539807000000,,,,49484000000.0,84000000000.0,,,33837000000.0,549000000.0,,,1144583000000.0,,,,,275894000000,,0.0,24193551000000,349983000000.0,199886000000.0,79899000000.0,119987000000.0,,173556000000.0,,,42563000000.0,,174932000000.0,277168000000.0,802914000000.0,,,,0,2021002000000,11835000000.0,,0.0,2032837000000,,,26226388000000,,,,,,,,,,4.2562124885,116.5576646993,76.6944815822,0.0084170418,32.8065983196,,,9.4361995104,29.9074041225,,,,11.6190381857,,,,,,,,,-2.6026268005,,64.1816835349,,,,0.2832823247,,,-0.8525296017,0.0,,,,-0.6795422031,,-18.103172743,,,10.8566659647,63.1103238513,35.5523920316,-4.8429640177,,34.64502653,,,52.7427025254,-26.4301680603,5.9229971235,,,,21.421210188,33.9477922534,,,31.4875262299,243.125,,,46.7320043587,,,,,3.3965318872,,,10.3699697966,0.0,150.1733438466,,,,0.0,,,80.8805405635,,13.3867862768,15.8022277373,12.7978117971,,,,,16.6583449309,131.8769592476,,,16.9968029053,,,10.8566659647,,,,,,,,0
601288.SH,601288,农业银行,10008271,银行,2019-12-31,年报,2019年报,058001001,2020-03-31,2021-03-31 00:00:00,CNY,2699895000000,235742000000,30063000000.0,523183000000,801361000000.0,,,24944000000.0,708551000000.0,,,,12819764000000,,,,,,,,4946741000000.0,1674828000000.0,,6672000000.0,,,,148197000000,4287000000.0,,23118000000.0,1381000000.0,,,,120952000000.0,,107812000000,,0.0,24877491000000,608536000000,1503909000000,325363000000,,30234000000.0,,,29548000000.0,53197000000.0,18849155000000,,,,50471000000.0,67827000000.0,,,30558000000.0,520000000.0,,,1108212000000.0,,,,,266100000000,,0.0,22923630000000,349983000000.0,199886000000.0,79899000000.0,119987000000.0,,173556000000.0,,,31903000000.0,,174910000000.0,277016000000.0,741101000000.0,,,,0,1948355000000,5506000000.0,,0.0,1953861000000,,,24877491000000,,,,,,,,标准无保留意见,,-3.7507303643,114.8421551473,41.3532066955,-5.2227030885,24.5809916906,,,-32.4815937635,90.9835822545,,,,11.8502554019,,,,,,,,9.8373159124,-3.6420709129,,66.5917602996,,,,-2.7910424265,,,-1.9384941676,0.0,,,,6.7603470647,,49.5581727635,,,10.0312829079,8.4357487148,33.7614135452,-0.0546782126,,-89.4398591702,,,-14.4874688893,-66.1383441226,8.6638987357,,,,11.4519156454,19.380104196,,,18.0620484488,274.1007194245,,,41.9559790079,,,,,39.6249383467,,,9.5007213866,0.0,150.1733438466,0.0,,,0.0,,,55.8905448326,,13.3886954887,15.8142062795,13.5014641378,,,,,16.6474285365,22.5461829513,,,16.6632532973,,,10.0312829079,,,,,,,,0
601288.SH,601288,农业银行,10008271,银行,2019-09-30,三季报,2019三季报,058001001,2019-10-26,2019-10-26 00:00:00,CNY,2844741000000,201630000000,99941000000.0,537837000000,812068000000.0,,,44309000000.0,404432000000.0,,,,12793125000000,,,,,,,,4893024000000.0,1737182000000.0,,5904000000.0,,,,146908000000,,,22842000000.0,1381000000.0,,,,125495000000.0,,200142000000,,0.0,24870961000000,487062000000,1325017000000,345476000000,,503033000000.0,,,62069000000.0,68256000000.0,18723954000000,,,,47483000000.0,53503000000.0,,,26678000000.0,127000000.0,,,999661000000.0,,,,,305182000000,,0.0,22947501000000,349983000000.0,199886000000.0,79899000000.0,119987000000.0,,173556000000.0,,,30224000000.0,,154286000000.0,277106000000.0,732608000000.0,,,,0,1917649000000,5811000000.0,,0.0,1923460000000,,,24870961000000,,,,,,,,,,-1.1807629192,120.6910893907,66.4989587672,-2.3016922552,35.9450908178,,,-10.3092992187,-22.0577890755,,,,13.2629102786,,,,,,,,10.3978069458,,,47.3789316026,,,,-1.5691792295,,,-3.121553991,0.0,,,,6.9225526114,,42.0071236998,,,9.5621362249,-13.1912845876,14.0707229408,12.039123991,,64.8180730984,,,48.0618305861,-11.0786868161,8.2329249482,,,,12.361863745,10.9261294135,,,4.9323473883,39.5604395604,,,34.6147164928,,,,,35.0637740425,,,8.934266178,0.0,150.1733438466,,,,0.004033443,,,223.8748392628,,14.8217608097,15.8145502723,13.7625392093,,,,,17.6197573572,29.4786096257,,,17.6523119909,,,9.5621362249,,,,,,,,0
601288.SH,601288,农业银行,10008271,银行,2019-06-30,中报,2019中报,058001001,2019-08-31,2019-08-31 00:00:00,CNY,2556509000000,214962000000,138192000000.0,461315000000,697392000000.0,,,18207000000.0,321801000000.0,,,,12475790000000,,,,,,,,4756098000000.0,1834324000000.0,,4962000000.0,,,,147969000000,,,23155000000.0,1381000000.0,,,,123961000000.0,,199135000000,,0.0,23975153000000,470063000000,1273883000000,348650000000,,235708000000.0,,,31660000000.0,51257000000.0,18529174000000,,,,43823000000.0,38142000000.0,,767000000.0,26563000000.0,120000000.0,,,912386000000.0,,,,,274822000000,,0.0,22237018000000,349983000000.0,79899000000.0,,,,173556000000.0,,,24455000000.0,,154298000000.0,277080000000.0,673396000000.0,,,,0,1732667000000,5468000000.0,,0.0,1738135000000,,,23975153000000,,,,,,,,,,-13.7350289551,105.2574287679,80.9435271627,8.7027725021,7.6840408383,,,-41.6255210003,-12.5093797919,,,,13.4021799291,,,,,,,,12.6063209295,18.0140343699,,154.7227926078,,,,-1.7731014339,,,-3.4604961434,0.0,,,,3.0483648395,,99.482098852,,,9.3714518656,16.7176927756,19.8435493506,14.7883173708,,-25.1454485404,,,-1.4934660859,-54.8038091879,9.3816250631,,,,11.3360941033,10.2306225074,,-93.964906759,-1.7676861063,39.5348837209,,,36.5465056938,,,,,39.5092186485,,,9.2666946422,0.0,0.0,,,,-0.00979415,,,94157.6923076923,,14.8324005716,15.7625589091,14.5081341389,,,,,10.6975606079,21.9175027871,,,10.729618382,,,9.3714518656,,,,,,,,0
601288.SH,601288,农业银行,10008271,银行,2019-03-31,一季报,2019一季报,058001001,2019-04-27,2019-04-27 00:00:00,CNY,2434089000000,175532000000,108455000000.0,487107000000,622704000000.0,,,26144000000.0,789236000000.0,,,,12155507000000,,,,,,,,4580678000000.0,1795340000000.0,,4051000000.0,,,,149321000000,,,23225000000.0,1381000000.0,,,,117432000000.0,,187724000000,,0.0,23657926000000,429055000000,1202597000000,342724000000,,249906000000.0,,,24392000000.0,48316000000.0,18447181000000,,,,40754000000.0,62711000000.0,,,25734000000.0,160000000.0,,,780050000000.0,,,,,266831000000,,0.0,21920411000000,349983000000.0,79899000000.0,,,,173556000000.0,,,23531000000.0,,154279000000.0,239346000000.0,711817000000.0,,,,0,1732411000000,5104000000.0,,0.0,1737515000000,,,23657926000000,,,,,,,,,,-18.2663084484,75.1152257627,45.2963399603,25.4589707928,8.3643818119,,,-49.2132561483,11.3632771933,,,,13.590278685,,,,,,,,13.941290117,,,1661.3043478261,,,,-2.3701175578,,,-3.7106135987,0.0,,,,6.526846703,,35.6642143755,,,9.3297962706,-14.3512187916,31.4152803154,18.0138424985,,-21.8589555179,,,-57.7912751562,-46.8108060503,9.3821602157,,,,12.9983918372,15.4622281958,,,-4.9037360038,83.908045977,,,34.6896982799,,,,,15.053531621,,,8.6490937983,7.7553772545,0.0,,,,75.7119860691,,,471.9728106228,,14.8276606355,3.7405294821,19.0769498427,,,,,18.6589378572,40.4126547455,,,18.712964437,,,9.3297962706,,,,,,,,0
601288.SH,601288,农业银行,10008271,银行,2018-12-31,年报,2018年报,058001001,2019-03-30,2020-03-31 00:00:00,CNY,2805107000000,109728000000,21268000000.0,552013000000,643245000000.0,,,36944000000.0,371001000000.0,,,,11461542000000,,,,,,,,4503698000000.0,1738132000000.0,,4005000000.0,,,,152452000000,,,23575000000.0,1381000000.0,,,,113293000000.0,,72087000000,,0.0,22609471000000,561195000000,1124322000000,325541000000,,286303000000.0,,,34554000000.0,157101000000.0,17346290000000,,,,45285000000.0,56816000000.0,,,25883000000.0,139000000.0,,,780673000000.0,,,,,190582000000,,0.0,20934684000000,349983000000.0,79899000000.0,79899000000.0,,,173556000000.0,,,20465000000.0,,154257000000.0,239190000000.0,652944000000.0,,,,0,1670294000000,4493000000.0,,0.0,1674787000000,,,22609471000000,,,,,,,,标准无保留意见,,-3.1592694793,-15.7526200622,-33.5541114721,9.2513096984,11.2948015883,,,30.6180172536,-31.3451865888,,,,11.1011678496,,,,,,,,,,,1664.3171806167,,,,-1.8073142769,,,-3.9127776646,0.0,,,,15.89958159,,34.3102548815,,,7.3911592921,20.4418099054,15.3470191745,16.2393192912,,-26.9210152844,,,11.9266649391,-50.8735447436,7.1136911992,,,,12.5876386057,41.4600139428,,,141.6939023251,59.7701149425,,,64.3463286577,,,,,11.1064472311,,,6.6790664587,7.7553772545,0.0,,,,75.7119860691,,,203.7673663929,,14.8189775806,3.6576381365,13.0496058507,,,,,17.0973384324,50.6706908115,,,17.1673789717,,,7.3911592921,,,,,,,,0
601288.SH,601288,农业银行,10008271,银行,2018-09-30,三季报,2018三季报,058001001,2018-10-31,2018-10-31 00:00:00,CNY,2878732000000,91363000000,60025000000.0,550508000000,597350000000.0,,,49402000000.0,518887000000.0,,,132200000000.0,11295070000000,,,,,,,,4432175000000.0,0.0,,4006000000.0,,,,149250000000,,,23578000000.0,1381000000.0,,,,117370000000.0,,140938000000,1658090000000.0,0.0,22700325000000,561075000000,1161575000000,308353000000,,305205000000.0,,,41921000000.0,76760000000.0,17299684000000,,0.0,,42259000000.0,48233000000.0,213605000000.0,12709000000.0,25424000000.0,91000000.0,0.0,,742609000000.0,,,,,225954000000,0.0,0.0,21065457000000,349983000000.0,79899000000.0,,,,173549000000.0,,,9332000000.0,,134370000000.0,239267000000.0,643980000000.0,,,0.0,0,1630380000000,4488000000.0,,0.0,1634868000000,,,22700325000000,,,,,,,,,,-1.2864475175,-47.2585263352,-12.6019219569,21.1462624555,18.5173574806,,,117.2471416007,-4.3612650655,,,9.6376649334,10.3366913772,,,,,,,,,,,1712.6696832579,,,,-1.9311513973,,,-4.0530642142,0.0,,,,23.35778698,,25.2570676952,,,8.4939925538,25.5903749301,25.0997556324,19.6089231617,,-9.0707312059,,,75.8726296358,-38.0067840414,5.6781091068,,,,11.5219169768,45.079107261,-5.4359759877,,110.4113216916,75.0,,,64.5299012744,,,,,-15.278475602,,,7.9518259861,7.7553772545,0.0,,,,75.7048991121,,,197.1577303488,,16.7014069828,3.8873016838,13.6436631102,,,,,15.9603152532,32.8203610536,,,16.0007379236,,,8.4939925538,,,,,,,,0
601288.SH,601288,农业银行,10008271,银行,2018-06-30,中报,2018中报,058001001,2018-08-29,2018-08-29 00:00:00,CNY,2963554000000,104728000000,76373000000.0,424382000000,647628000000.0,,,31190000000.0,367812000000.0,,,127765000000.0,11001367000000,,,,,,,,4223651000000.0,1554327000000.0,,1948000000.0,,,,150640000000,,,23985000000.0,1381000000.0,,,,120294000000.0,,99826000000,,0.0,21920851000000,402735000000,1062955000000,303733000000,,314888000000.0,,,32140000000.0,113410000000.0,16939933000000,,,,39361000000.0,34602000000.0,202368000000.0,12709000000.0,27041000000.0,86000000.0,,,668187000000.0,,,,,196992000000,,0.0,20351140000000,349983000000.0,79899000000.0,,,,173573000000.0,,,-26000000.0,,134368000000.0,239352000000.0,588077000000.0,,,,0,1565226000000,4485000000.0,,0.0,1569711000000,,,21920851000000,,,,,,,,,,2.8287006034,-47.317799509,-27.4689687266,9.4207980528,21.5123467793,,,101.8508930883,-38.318039121,,,8.5726182687,10.0506580262,,,,,,,,,,,806.0465116279,,,,-1.6877031313,,,-3.7249628708,0.0,,,,25.338890336,,-8.4945871871,,,6.5485180853,-7.5763799802,14.0465604333,2.7969093204,,7.6643234224,,,210.2017179809,-6.6868525634,5.1846423109,,,,4.9151051523,19.0422128187,-7.2629538487,-76.9827039754,93.8006163549,68.6274509804,,,51.8655139027,,,,,-13.8139530814,,,5.911977245,7.7553772545,0.0,,,,75.7291972503,,,99.7100802855,,16.7027106838,3.8570182632,14.1670970021,,,,,15.4977863046,38.3832150571,,,15.5523868906,,,6.5485180853,,,,,,,,0
601288.SH,601288,农业银行,10008271,银行,2018-03-31,一季报,2018一季报,058001001,2018-04-28,2018-04-28 00:00:00,CNY,2978073000000,100238000000,74644000000.0,388260000000,574639000000.0,,,51478000000.0,708704000000.0,,,126236000000.0,10701186000000,,,,,,,,4020209000000.0,0.0,,230000000.0,,,,152946000000,,,24120000000.0,1381000000.0,,,,110237000000.0,,138374000000,1488092000000.0,0.0,21639047000000,500947000000,915112000000,290410000000,,319814000000.0,,,57789000000.0,90838000000.0,16864890000000,,0.0,,36066000000.0,54313000000.0,207028000000.0,,27061000000.0,87000000.0,0.0,,579146000000.0,,,,,231919000000,0.0,0.0,20175420000000,324794000000.0,79899000000.0,,,,98773000000.0,,,-6326000000.0,,134357000000.0,230716000000.0,597779000000.0,,,0.0,0,1459992000000,3635000000.0,,0.0,1463627000000,,,21639047000000,,,,,,,,,,5.1625866255,-72.1691761368,-32.8626294061,-32.0024308614,14.468096126,,,169.2786525082,23.2027314102,,,6.4797476256,10.2827697529,,,,,,,,,,,6.976744186,,,,-1.7195512203,,,-3.6279367109,0.0,,,,28.1706352897,,78.5931853382,,,6.4704981071,23.6823717925,6.3652076076,-13.2832678899,,5.414536549,,,340.4649390244,-34.7371899876,5.6572049443,,,,1.269163812,89.2109388608,-3.6545809076,,102.4463230343,93.3333333333,,,29.1756256413,,,,,16.4672974167,,,6.42201138,0.0,0.0,,,,0.0,,,-68.4238551651,,16.680995927,16.2285518534,8.8091549975,,,,,7.1361899227,10.1181460164,,,7.1433957154,,,6.4704981071,,,,,,,,0
601288.SH,601288,农业银行,10008271,银行,2017-12-31,年报,2017年报,058001001,2018-03-27,2019-03-30 00:00:00,CNY,2896619000000,130245000000,32008000000.0,505269000000,577965000000.0,,,28284000000.0,540386000000.0,,,118693000000.0,10316311000000,,,,,1426420000000.0,3489135000000.0,659223000000.0,,,,227000000.0,,,,155258000000,,,24535000000.0,1381000000.0,,,,97751000000.0,,53672000000,0.0,0.0,21053382000000,465947000000,974730000000,280061000000,,391772000000.0,,,30872000000.0,319789000000.0,16194279000000,,0.0,,40222000000.0,40164000000.0,228805000000.0,,10709000000.0,87000000.0,,,475017000000.0,,,,,171531000000,0.0,0.0,19623985000000,324794000000.0,79899000000.0,,,,98773000000.0,,,-19722000000.0,,134348000000.0,230750000000.0,577573000000.0,,,0.0,0,1426415000000,2982000000.0,,0.0,1429397000000,,,21053382000000,,,,,,,,标准无保留意见,,3.0219234024,-79.0826527908,-45.8455291431,-13.0269610585,38.2840257923,,,-10.0953591863,67.2757552213,,,7.5409984597,10.6975862301,,,,,1.2448886741,21.0600620647,5.5521842231,,,,6.5727699531,,,,-2.1497583019,,,-2.8932161798,0.0,,,,17.5075432459,,-50.8466659951,,,7.5795420362,60.0906367247,-15.6840051071,-7.2710175782,,30.0833416343,,,48.7233837557,55.3640833301,7.6890405846,,,,0.8019648138,86.1340253962,-0.135303232,,-21.1994113319,50.0,,,22.3592596886,,,,,-28.8648635199,,,7.5377004209,0.0,0.0,,,,0.0,,,-479.0505477609,,16.6863535297,16.3611608381,16.4266866633,,,,,8.2098751852,-12.2424955856,,,8.1572892067,,,7.5795420362,,,,,,,,0
601288.SH,601288,农业银行,10008271,银行,2017-09-30,三季报,2017三季报,058001001,2017-10-31,2017-10-31 00:00:00,CNY,2916248000000,173228000000,68680000000.0,454416000000,504019000000.0,,,22740000000.0,542549000000.0,,,120579000000.0,10236912000000,,,,,1421392000000.0,3400583000000.0,675741000000.0,,,,221000000.0,,,,152189000000,,,24574000000.0,1381000000.0,,,,95146000000.0,,112519000000,0.0,0.0,20923117000000,446750000000,928519000000,257801000000,,335651000000.0,,,23836000000.0,123820000000.0,16370168000000,,0.0,,37893000000.0,33246000000.0,225884000000.0,,12083000000.0,52000000.0,,,451352000000.0,,,,,266702000000,0.0,0.0,19513757000000,324794000000.0,79899000000.0,,,,98773000000.0,,,-9605000000.0,,115140000000.0,230314000000.0,566666000000.0,,,0.0,0,1405981000000,3379000000.0,,0.0,1409360000000,,,20923117000000,,,,,,,,,,1.892360365,-62.5952780933,-3.4511843678,5.0561096392,11.253631058,,,226.3958662265,73.6351271342,,,11.0672045982,11.0248264144,,,,,6.2192490031,21.186202394,11.6858968956,,,,-16.2878787879,,,,1.8088771449,,,-2.7350089056,0.0,,,,23.1567774671,,-14.0190272418,,,9.7513960926,240.8822115568,1.2144394132,-14.260960952,,3.8771613287,,,92.8791066516,29.4118876661,9.1506876789,,,,0.0739469167,32.9999599952,1.3359891614,,-12.2767533033,333.3333333333,,,11.7022671983,,,,,-1.0051594224,,,9.9299952296,0.0,0.0,,,,0.0,,,-138.7033082161,,18.9315374127,16.1934455342,16.3286630742,,,,,7.2910847993,30.5137118579,,,7.3368747739,,,9.7513960926,,,,,,,,0
601288.SH,601288,农业银行,10008271,银行,2017-06-30,中报,2017中报,058001001,2017-08-31,2017-08-31 00:00:00,CNY,2882030000000,198792000000,105297000000.0,387844000000,532973000000.0,,,15452000000.0,596304000000.0,,,117677000000.0,9996639000000,,,,,1362623000000.0,3320161000000.0,672991000000.0,,,,215000000.0,,,,153226000000,,,24913000000.0,1381000000.0,,,,95975000000.0,,109093000000,0.0,0.0,20573586000000,435749000000,932036000000,295469000000,,292472000000.0,,,10361000000.0,121537000000.0,16104949000000,,0.0,,37517000000.0,29067000000.0,218217000000.0,55215000000.0,13953000000.0,51000000.0,,,439986000000.0,,,,,228566000000,0.0,0.0,19215145000000,324794000000.0,79899000000.0,79899000000.0,,,98773000000.0,,,-8968000000.0,,115137000000.0,230463000000.0,515102000000.0,,,0.0,0,1355200000000,3241000000.0,,0.0,1358441000000,,,20573586000000,,,,,,,,,,9.6268655297,-64.4458116625,92.9293854667,5.2748153557,19.8249522812,,,-18.8615837009,11.4920350011,,,7.5363245911,11.1319998346,,,,,1.2675697308,24.6998054101,14.1295260254,,,,-20.3703703704,,,,1.7092485281,,,-1.6190814674,0.0,,,,21.6413181242,,-2.1447023788,,,10.1356670245,559.8458463309,-17.9484380433,5.0089737894,,-6.5283046606,,,-53.1960066856,-24.6268147624,10.8786900672,,,,2.2595944178,58.4032697548,0.4451093211,1.9178233904,-9.454899416,2450.0,,,27.8679663115,,,,,-1.0541079909,,,10.2960958576,0.0,0.0,,,,0.0,,,-145.4398054317,,18.9296670833,16.3085168662,17.5570323982,,,,,7.8694900158,31.2677197246,,,7.9153830388,,,10.1356670245,,,,,,,,0
601288.SH,601288,农业银行,10008271,银行,2017-03-31,一季报,2017一季报,058001001,2017-04-29,2017-04-29 00:00:00,CNY,2831875000000,360169000000,111181000000.0,570991000000,502008000000.0,,,19117000000.0,575234000000.0,,,118554000000.0,9703407000000,,,,,1390801000000.0,3132065000000.0,662848000000.0,,,,215000000.0,,,,155622000000,,,25028000000.0,1381000000.0,,,,86008000000.0,,77480000000,,0.0,20323984000000,405027000000,860349000000,334895000000,,303387000000.0,,,13120000000.0,139188000000.0,15961893000000,,,,35614000000.0,28705000000.0,214881000000.0,,13367000000.0,45000000.0,,,448340000000.0,,,,,199128000000,,0.0,18957939000000,324794000000.0,79899000000.0,79899000000.0,,,98773000000.0,,,-3756000000.0,,115149000000.0,198502000000.0,549383000000.0,,,,0,1362744000000,3301000000.0,,0.0,1366045000000,,,20323984000000,,,,,,,,,,6.3819996116,-47.3910153882,189.9869587898,73.7346230264,3.894104207,,,32.4901240557,10.7938666353,,,2.9409466253,9.5043362034,,,,,6.6338668856,27.5362159503,17.5902485928,,,,-20.6642066421,,,,1.6931210016,,,-1.5382194421,0.0,,,,9.7012831305,,-37.7090301003,,,10.3756326211,245.8724370853,-16.3478479004,55.0963983198,,-15.3687364184,,,-7.7680140598,10.9943301888,10.9250125349,,,,0.3041739424,-42.919922846,-0.4498452643,,-18.6476781693,275.0,,,33.3892667369,,,,,-19.298060751,,,10.5395013229,0.0,0.0,,,,0.0,,,-117.6437429538,,18.9789318151,13.0311985742,18.2870455098,,,,,8.017035497,120.9504685408,,,8.150614166,,,10.3756326211,,,,,,,,0
601288.SH,601288,农业银行,10008271,银行,2016-12-31,年报,2016年报,058001001,2017-04-29,2018-03-27 00:00:00,CNY,2811653000000,622665000000,59105000000.0,580949000000,417955000000.0,,,31460000000.0,323051000000.0,,,110370000000.0,9319364000000,,,,,1408881000000.0,2882152000000.0,624547000000.0,,,,213000000.0,,,,158669000000,,,25266000000.0,1381000000.0,,,,83187000000.0,,109193000000,0.0,0.0,19570061000000,291052000000,1156044000000,302021000000,,301170000000.0,,,20758000000.0,205832000000.0,15038001000000,,0.0,,39902000000.0,21578000000.0,229115000000.0,,13590000000.0,58000000.0,,,388215000000.0,,,,,241134000000,0.0,0.0,18248470000000,324794000000.0,79899000000.0,,,,98773000000.0,,,5203000000.0,,115136000000.0,198305000000.0,496083000000.0,,,0.0,0,1318193000000,3398000000.0,,0.0,1321591000000,,,19570061000000,,,,,,,,标准无保留意见,,8.6815249915,-10.7831379679,44.4792099538,15.2100537033,-4.8504192268,,,96.159122085,-31.5292840959,,,5.3400143164,9.5535447164,,,,,16.0010110807,25.2660785875,12.0424455527,,,,-21.978021978,,,,1.5949749645,,,-1.97858473,0.0,,,,2.009859224,,28.8382575042,,,9.9973509663,380.2917539893,-5.3897165155,-4.3507865176,,-30.0325478635,,,70.2591863517,131.7823521463,11.0769768273,,,,0.0300827275,-52.2758437652,1.6558480453,,-23.1421784866,-47.7477477477,,,1.429944976,,,,,20.3095375896,,,10.066414516,0.0,0.0,,,,0.0,,,-76.6325339082,,19.006077645,12.9260959193,20.4070338952,,,,,8.9333777377,89.4091415831,,,9.0525091077,,,9.9973509663,,,,,,,,0
601288.SH,601288,农业银行,10008271,银行,2016-09-30,三季报,2016三季报,058001001,2016-10-29,2016-10-29 00:00:00,CNY,2862087000000,463118000000,71135000000.0,432546000000,453036000000.0,,,6967000000.0,312465000000.0,,,108564000000.0,9220381000000,,,,,1338168000000.0,2806081000000.0,605037000000.0,,,,264000000.0,,,,149485000000,,,25265000000.0,1381000000.0,,,,77256000000.0,,130865000000,,0.0,19064101000000,131057000000,917378000000,300681000000,,323123000000.0,,,12358000000.0,95679000000.0,14997769000000,,,,37865000000.0,24997000000.0,222906000000.0,,13774000000.0,12000000.0,,,404067000000.0,,,,,269410000000,,0.0,17751076000000,324794000000.0,79899000000.0,,,,98773000000.0,,,24817000000.0,,96812000000.0,198216000000.0,487125000000.0,,,,0,1310436000000,2589000000.0,,0.0,1313025000000,,,19064101000000,,,,,,,,,,5.0418558152,-32.2937789012,81.2079682087,-1.4499555718,9.7500175635,,,-40.1717475311,-47.930917835,,,4.5311868128,8.6968248989,,,,,31.7482211793,23.6999863784,7.131512268,,,,-7.0422535211,,,,0.1708771695,,,-1.8796846479,0.0,,,,-5.6265422296,,25.6517105301,,,7.6489468088,706.5046153846,-31.5484056306,0.7633971508,,-12.5983570418,,,36.9762802039,-19.2152790091,10.6486792042,,,,-8.2972076239,-42.222170858,5.1974345542,,-16.2471117597,1100.0,,,31.0531488082,,,,,30.2976809421,,,7.3585630622,0.0,0.0,,,,0.0,,,133.0015960943,,23.1078331638,12.9281465782,20.2112905455,,,,,11.6685484936,59.617755857,,,11.7347316503,,,7.6489468088,,,,,,,,0
601288.SH,601288,农业银行,10008271,银行,2016-06-30,中报,2016中报,058001001,2016-08-27,2016-08-27 00:00:00,CNY,2628945000000,559124000000,54578000000.0,368411000000,444793000000.0,,,19044000000.0,534840000000.0,,,109430000000.0,8995284000000,,,,,1345567000000.0,2662523000000.0,589673000000.0,,,,270000000.0,,,,150651000000,,,25323000000.0,1381000000.0,,,,78900000000.0,,111484000000,,0.0,18680221000000,66038000000,1135915000000,281375000000,,312899000000.0,,,22137000000.0,161247000000.0,14524837000000,,,,36688000000.0,18350000000.0,217250000000.0,54176000000.0,15410000000.0,2000000.0,,,344094000000.0,,,,,231001000000,,0.0,17421419000000,324794000000.0,79899000000.0,,,,98773000000.0,,,19736000000.0,,96811000000.0,198148000000.0,438172000000.0,,,,0,1256333000000,2469000000.0,,0.0,1258802000000,,,18680221000000,,,,,,,,,,-7.0983110551,-27.0443599791,131.9309875914,-1.8690667718,11.2163226524,,,151.2069647804,-17.3494459984,,,1.0060919328,7.7775684998,,,,,34.2235571312,28.939235156,7.0037399492,,,,76.4705882353,,,,0.2708926812,,,-2.4650464122,0.0,,,,-2.8121651085,,43.2183140207,,,6.9913985203,3773.1964809384,-16.4303218777,-3.2879518528,,-8.8002634862,,,169.3393356856,64.5209672482,8.3434330686,,,,-8.7340481106,-43.0937170502,12.0498022044,-8.3518007883,2.460106383,-33.3333333333,,,5.875728466,,,,,40.405655102,,,6.6344679655,0.0,0.0,,,,0.0,,,209.7786846649,,23.1081270108,12.8855466302,22.9704509672,,,,,12.139648264,44.1330998249,,,12.1884920529,,,6.9913985203,,,,,,,,0
601288.SH,601288,农业银行,10008271,银行,2016-03-31,一季报,2016一季报,058001001,2016-04-29,2016-04-29 00:00:00,CNY,2661987000000,684615000000,38340000000.0,328657000000,483192000000.0,,,14429000000.0,519193000000.0,,,115167000000.0,8861208000000,,,,,1304277000000.0,2455824000000.0,563693000000.0,,,,271000000.0,,,,153031000000,,,25419000000.0,1381000000.0,,,,78402000000.0,,124384000000,,0.0,18413470000000,117103000000,1028484000000,215927000000,,358481000000.0,,,14225000000.0,125401000000.0,14389805000000,,,,35506000000.0,50289000000.0,215852000000.0,,16431000000.0,12000000.0,,,336114000000.0,,,,,246745000000,,0.0,17150375000000,324794000000.0,79899000000.0,,,,98773000000.0,,,21288000000.0,,96781000000.0,175617000000.0,464449000000.0,,,,0,1261601000000,1494000000.0,,0.0,1263095000000,,,18413470000000,,,,,,,,,,-10.4363674536,27.7583803444,77.1146117245,-11.7068833046,23.0310128838,,,82.0694006309,-20.9204243426,,,10.2382479348,9.1079010071,,,,,32.8159972628,35.7616659194,6.0955342203,,,,,,,,0.428539553,,,-1.3811833172,0.0,,,,-4.1774627231,,83.4139436121,,,9.3661817489,16.9743282389,2.5161451735,-18.261794533,,9.3309869894,,,72.0904911686,1701.4796724609,8.7335781925,,,,-7.6326742976,-13.1615755211,16.8207304137,,15.378133558,100.0,,,1.9546819547,,,,,74.5829029108,,,9.161505212,0.0,0.0,,,,0.0,,,2561.0,,23.1091154247,12.012781998,20.9474257114,,,,,12.2748453285,-19.1558441558,,,12.2232390362,,,9.3661817489,,,,,,,,0
601288.SH,601288,农业银行,10008271,银行,2015-12-31,年报,2015年报,058001001,2016-04-01,2017-03-29 00:00:00,CNY,2587057000000,697923000000,40909000000.0,504252000000,439261000000.0,,,16038000000.0,471809000000.0,,,104775000000.0,8506675000000,,,,,1214542000000.0,2300824000000.0,557420000000.0,,,,273000000.0,,,,156178000000,,,25776000000.0,1381000000.0,,,,81548000000.0,,84752000000,,0.0,17791393000000,60599000000,1221901000000,315759000000,,430443000000.0,,,12192000000.0,88804000000.0,13538360000000,,,,39890000000.0,45214000000.0,225383000000.0,,17682000000.0,111000000.0,,,382742000000.0,,,,,200428000000,,0.0,16579508000000,324794000000.0,79899000000.0,,,,98773000000.0,,,22266000000.0,,96748000000.0,175606000000.0,412005000000.0,,,,0,1210091000000,1794000000.0,,0.0,1211885000000,,,17791393000000,,,,,,,,标准无保留意见,,-5.6873606714,21.843035588,102.6401822865,23.875969754,5.9328124246,,,122.9047949965,-7.3827387332,,,6.9700249112,9.9054185558,,,,,30.8910521897,34.4764019989,6.7615113088,,,,,,,,0.7925137141,,,-1.3056629781,0.0,,,,3.6978636826,,113.175038358,,,11.3761343951,-24.365646959,47.0148867641,40.3853763288,,15.5573393326,,,68.3977900552,-32.2215522702,8.0182810773,,,,-1.5329169855,-7.486751376,16.8538335511,,27.1903323263,158.1395348837,,,17.7062863083,,,,,43.3420346862,,,10.9625632122,0.0,100.027538554,,,,0.0,,,883.0463576159,,23.0984553528,12.0600866585,24.8541618054,,,,,17.3630979976,15.5183515776,,,17.3603236043,,,11.3761343951,,,,,,,,0
601288.SH,601288,农业银行,10008271,银行,2015-09-30,三季报,2015三季报,058001001,2015-10-24,2015-10-24 00:00:00,CNY,2724711000000,684011000000,39256000000.0,438910000000,412789000000.0,,,11645000000.0,600097000000.0,,,103858000000.0,8482659000000,,,,,1015701000000.0,2268457000000.0,564761000000.0,,,,284000000.0,,,,149230000000,,,25749000000.0,1381000000.0,,,,81862000000.0,,104149000000,,0.0,17709510000000,16250000000,1340185000000,298403000000,,369699000000.0,,,9022000000.0,118437000000.0,13554404000000,,,,41291000000.0,43264000000.0,211893000000.0,,16446000000.0,1000000.0,,,308323000000.0,,,,,206765000000,,0.0,16534383000000,324794000000.0,79899000000.0,,,,98773000000.0,,,10651000000.0,,78640000000.0,175524000000.0,405224000000.0,,,,0,1173505000000,1622000000.0,,0.0,1175127000000,,,17709510000000,,,,,,,,,,-3.0645868228,15.8896761579,91.7920656635,21.9519649684,4.1836083117,,,85.4299363057,5.9065102563,,,6.1866737555,10.8710688725,,,,,14.8646493844,35.4870518868,-6.2495746245,,,,,,,,0.5525234149,,,-0.4022743976,0.0,,,,11.8608400973,,107.6501315894,,,10.9670636757,-83.7728802389,51.7074352418,27.1601886929,,6.174020178,,,32.8131900486,232.2775221636,7.2462995235,,,,-4.6529349282,-5.4855270344,14.0540307778,,67.440439829,-97.6744186047,,,-6.9095553248,,,,,50.7066481046,,,10.2251343217,0.0,,,,,4.0186610782,,,,,29.5786715879,12.0370724982,26.2722295451,,,,,22.6074155491,3.3779477374,,,22.5759445412,,,10.9670636757,,,,,,,,0
601288.SH,601288,农业银行,10008271,银行,2015-06-30,中报,2015中报,058001001,2015-08-28,2015-08-28 00:00:00,CNY,2829814000000,766389000000,23532000000.0,375428000000,399935000000.0,,,7581000000.0,647110000000.0,,,108340000000.0,8346156000000,,,,,1002482000000.0,2064944000000.0,551077000000.0,,,,153000000.0,,,,150244000000,,,25963000000.0,1381000000.0,,,,81183000000.0,,77842000000,,0.0,17459554000000,1705000000,1359243000000,290941000000,,343092000000.0,,,8219000000.0,98010000000.0,13406292000000,,,,40199000000.0,32246000000.0,193887000000.0,59113000000.0,15040000000.0,3000000.0,,,324998000000.0,,,,,164524000000,,0.0,16337512000000,324794000000.0,79899000000.0,,,,98773000000.0,,,6371000000.0,,78639000000.0,175530000000.0,356323000000.0,,,,0,1120329000000,1713000000.0,,0.0,1122042000000,,,17459554000000,,,,,,,,,,-0.7550825155,46.2856390258,10.9424355287,-31.3740257081,13.8206407436,,,15.0030339806,-13.8319489311,,,13.7845927637,11.2338193536,,,,,21.2559071738,26.1708699305,-7.6650737906,,,,,,,,1.4298637646,,,-0.6733233865,0.0,,,,15.4249722751,,57.2692742848,,,9.0771363734,1109.219858156,48.9235377644,25.8787338618,,11.4796498593,,,46.6892736034,-20.9099272123,4.6589469819,,,,-5.1574849593,-1.8804771178,13.2365394836,2.8248882395,67.7448137408,-40.0,,,18.0274406409,,,,,37.3173194895,,,8.203505228,0.0,,,,,6.8532421731,,,,,29.5770238429,12.0358964212,30.7612138026,,,,,23.6271484944,12.6232741617,,,23.6087104525,,,9.0771363734,,,,,,,,0
601288.SH,601288,农业银行,10008271,银行,2015-03-31,一季报,2015一季报,058001001,2015-04-29,2015-04-29 00:00:00,CNY,2972174000000,535867000000,21647000000.0,372234000000,392740000000.0,,,7925000000.0,656545000000.0,,,104471000000.0,8121509000000,,,,,982018000000.0,1808923000000.0,531307000000.0,,,,,,,,152378000000,,,25775000000.0,1381000000.0,,,,81820000000.0,,67816000000,,0.0,16836530000000,100110000000,1003241000000,264169000000,,327886000000.0,,,8266000000.0,6961000000.0,13234003000000,,,,38440000000.0,57911000000.0,184772000000.0,,14241000000.0,6000000.0,,,329670000000.0,,,,,141334000000,,0.0,15711010000000,324794000000.0,79899000000.0,,,,98773000000.0,,,800000000.0,,78614000000.0,156783000000.0,384009000000.0,,,,0,1123672000000,1848000000.0,,0.0,1125520000000,,,16836530000000,,,,,,,,,,5.2971796392,27.1650114501,2.992672947,-2.6001449613,17.7698279662,,,-4.3105530065,-10.7823033574,,,20.5193576669,12.4927558153,,,,,25.0046780425,14.5819859823,-13.7684617132,,,,,,,,1.9967201044,,,-2.6108969999,0.0,,,,13.0110497238,,11.4020533881,,,9.8838437198,81957.3770491803,34.1577439099,53.406464501,,13.5512335674,,,34.5377604167,-39.3957861745,5.5728053322,,,,-3.1274413447,-10.7509978886,16.0533373531,,95.5912649361,-33.3333333333,,,23.1706724752,,,,,21.5274553303,,,8.9758338214,0.0,,,,,19.0136517538,,,,,29.5400991975,12.5037672756,29.4253849809,,,,,24.3506206066,21.819380356,,,24.3463783311,,,9.8838437198,,,,,,,,0
601288.SH,601288,农业银行,10008271,银行,2014-12-31,年报,2014年报,058001001,2015-03-25,2016-04-01 00:00:00,CNY,2743065000000,572805000000,20188000000.0,407062000000,414660000000.0,,,7195000000.0,509418000000.0,,,97948000000.0,7739996000000,,,,,927903000000.0,1710950000000.0,522117000000.0,,,,,,,,154950000000,,,26117000000.0,1381000000.0,,,,78640000000.0,,39757000000,,0.0,15974152000000,80121000000,831141000000,224923000000,,372493000000.0,,,7240000000.0,131021000000.0,12533397000000,,,,40511000000.0,48873000000.0,192876000000.0,,13902000000.0,43000000.0,,,325167000000.0,,,,,139825000000,,0.0,14941533000000,324794000000.0,39944000000.0,,,,98773000000.0,,,2265000000.0,,78594000000.0,156707000000.0,329989000000.0,,,,0,1031066000000,1553000000.0,,0.0,1032619000000,,,15974152000000,,,,,,,,标准无保留意见,,5.3484481539,44.0373870317,5.2280427417,31.8825225575,28.4246257147,,,-12.1060346934,-30.8843880757,,,30.5590360161,12.132869696,,,,,18.7623110388,12.2806902413,-11.8179668631,,,,,,,,2.7118037373,,,-1.385742335,0.0,,,,6.1626729666,,7.1559484664,,,9.6967457033,76939.4230769231,13.9557745621,28.9969775698,,21.6267930085,,,-5.1735428946,389.1215888304,6.1126143185,,,,-11.1074539749,-5.568544102,18.0912029781,,194.346813466,437.5,,,22.1234052302,,,,,7.5543829421,,,8.922633135,0.0,,,,,0.0,,,109.5260125331,,29.6246206624,12.5736329416,35.5291150886,,,,,22.2934665547,8.677396781,,,22.270427465,,,9.6967457033,,,,,,,,0
601288.SH,601288,农业银行,10008271,银行,2014-09-30,三季报,2014三季报,058001001,2014-10-31,2014-10-31 00:00:00,CNY,2810852000000,590226000000,20468000000.0,359904000000,396213000000.0,,,6280000000.0,566629000000.0,,,97807000000.0,7650922000000,,,,,884259000000.0,1674298000000.0,602409000000.0,,,,,,,,148410000000,,,25853000000.0,1381000000.0,,,,73182000000.0,,50156000000,,0.0,15959249000000,100141000000,883401000000,234667000000,,348201000000.0,,,6793000000.0,35644000000.0,12638575000000,,,,43306000000.0,45775000000.0,185783000000.0,,9822000000.0,43000000.0,,,331208000000.0,,,,,137197000000,,0.0,15000556000000,324794000000.0,,,,,94957000000.0,,,,,60689000000.0,156666000000.0,320913000000.0,,-895000000.0,,0,957124000000,1569000000.0,,0.0,958693000000,,,15959249000000,,,,,,,,,,3.9410562905,55.4789288179,,39.7435797877,18.7037686161,,,-16.1100721347,-24.9315064863,,,20.2727462771,12.4764250626,,,,,4.6864234012,14.100953875,-3.0555394628,,,,,,,,6.0541096771,,,-1.8488990129,0.0,,,,9.3117046066,,-54.5144556898,,,9.3142747667,90937.2727272727,19.2407421155,5.9856196988,,-6.6850508916,,,10.115091587,1518.7102633969,7.083481324,,,,-2.9100529101,1.0708765732,20.7080715478,,111.3621691414,230.7692307692,,,40.3174011405,,,,,-1.7916964925,,,8.931381365,0.0,,,,,7.4101305341,,,,,37.8261758227,12.5344787955,38.4785666819,,11.9094488189,,,15.709976728,-1.7532874139,,,15.6763259377,,,9.3142747667,,,,,,,,0
601288.SH,601288,农业银行,10008271,银行,2014-06-30,中报,2014中报,058001001,2014-08-27,2014-08-27 00:00:00,CNY,2851344000000,523899000000,21211000000.0,547064000000,351373000000.0,,,6592000000.0,750986000000.0,,,95215000000.0,7503254000000,,,,,826749000000.0,1636625000000.0,596824000000.0,,,,,,,,148126000000,,,26139000000.0,1381000000.0,,,,70334000000.0,,49496000000,,0.0,16006612000000,141000000,912712000000,231128000000,,307762000000.0,,,5603000000.0,123922000000.0,12809504000000,,,,42385000000.0,32864000000.0,171223000000.0,57489000000.0,8966000000.0,5000000.0,,,275358000000.0,,,,,119813000000,,0.0,15098875000000,324794000000.0,,,,,92438000000.0,,,,,60689000000.0,156673000000.0,272499000000.0,,-877000000.0,,0,906216000000,1521000000.0,,0.0,907737000000,,,16006612000000,,,,,,,,标准无保留意见,,11.733939939,4.2161987969,,118.304289357,41.4243337774,,,-16.0361737358,-4.4123861455,,,22.503988472,12.8747980605,,,,,-3.2431009058,18.4997549092,-2.7194429412,,,,,,,,6.8868972882,,,-1.7183035043,0.0,,,,13.2920975484,,-31.7964476168,,,12.5434932752,56.6666666667,16.9537829124,0.8724343056,,2.7627150337,,,-5.9425885513,771.2789144344,11.5112730423,,,,-1.6703398678,-1.5517344677,21.0330251364,13.1005311824,91.8271287976,-37.5,,,24.1245943022,,,,,0.1873081972,,,12.4150030861,0.0,,,,,-4.1934413996,,,,,37.8261758227,12.5702338013,46.3915033522,,9.1191709845,,,14.7591139568,-2.6871401152,,,14.7246505761,,,12.5434932752,,,,,,,,0
601288.SH,601288,农业银行,10008271,银行,2014-03-31,一季报,2014一季报,058001001,2014-04-26,2014-04-26 00:00:00,CNY,2822653000000,421395000000,21018000000.0,382171000000,333481000000.0,,,8282000000.0,735891000000.0,,,86684000000.0,7219584000000,,,,,785585000000.0,1578715000000.0,616140000000.0,,,,,,,,149395000000,,,26466000000.0,1381000000.0,,,,72400000000.0,,60875000000,,0.0,15322116000000,122000000,747807000000,172202000000,,288756000000.0,,,6144000000.0,11486000000.0,12535428000000,,,,39681000000.0,64887000000.0,159213000000.0,,7281000000.0,9000000.0,,,267653000000.0,,,,,116298000000,,0.0,14416967000000,324794000000.0,,,,,82993000000.0,,,,,60687000000.0,139358000000.0,296703000000.0,,-903000000.0,,0,903632000000,1517000000.0,,0.0,905149000000,,,15322116000000,,,,,,,,,,3.4456055867,0.1202217212,,44.1083421004,47.6814681304,,,52.8890529814,-24.4503875571,,,17.0077209654,11.4463544754,,,,,-4.8402082024,15.9792242902,0.9683218322,,,,,,,,6.7373986354,,,-0.9283521749,0.0,,,,25.2075262867,,-16.2792936517,,,7.3899450635,74.2857142857,-12.3354106294,-23.6821811929,,48.4675383437,,,-6.0119320789,694.3291839557,7.9585329371,,,,0.007560865,7.5498906053,19.5319714408,,57.2909915749,-68.9655172414,,,31.1079761153,,,,,-12.4637768428,,,7.0507051128,0.0,,,,,-16.5958173797,,,,,37.8278939838,84.1873620491,16.2848027842,,-122.962962963,,,13.1321831885,-3.9265357821,,,13.0985269624,,,7.3899450635,,,,,,,,0
601288.SH,601288,农业银行,10008271,银行,2013-12-31,年报,2013年报,058001001,2014-03-26,2015-03-25 00:00:00,CNY,2603802000000,397678000000,19185000000.0,308655000000,322882000000.0,,,8186000000.0,737052000000.0,,,75022000000.0,6902522000000,,,,,781311000000.0,1523815000000.0,592090000000.0,,,,1000000.0,,,,150859000000,,,26484000000.0,1381000000.0,,,,74075000000.0,,37102000000,,0.0,14562102000000,104000000,729354000000,174363000000,,306259000000.0,,,7635000000.0,26787000000.0,11811411000000,,,,45573000000.0,51755000000.0,163328000000.0,,4723000000.0,8000000.0,,,266261000000.0,,,,,130004000000,,0.0,13717565000000,324794000000.0,,,,,98773000000.0,,,-23777000000.0,,60632000000.0,139204000000.0,243482000000.0,,-1005000000.0,,0,843108000000,1429000000.0,,0.0,844537000000,,,14562102000000,,,,,,,,标准无保留意见,,-0.3562420425,51.6506313088,108.4646310986,38.1748589847,76.1927368967,,,69.6580310881,-9.5219857111,,,25.0512559799,12.1739145979,,,,,3.416002319,16.4287635353,-2.7118243032,,,,-99.0740740741,,,,6.6216693759,,,-0.4286036544,0.0,,,,30.0725210276,,77.5895079456,,,9.9496071606,57.5757575758,-7.0119028191,16.4586130202,,92.9251315002,,,38.4657236126,251.0286987289,8.7313051215,,,,-4.4531102585,6.8148515056,22.1198707979,,15.4767726161,-46.6666666667,,,38.2175987209,,,,,33.4935206292,,,9.8021145942,0.0,,,,,0.9205901586,,,,,37.8125284117,84.7456502409,16.7846590691,,-46.9298245614,,,12.4421357268,-7.1474983756,,,12.4020102375,,,9.9496071606,,,,,,,,0
601288.SH,601288,农业银行,10008271,银行,2013-09-30,三季报,2013三季报,058001001,2013-10-31,2013-10-31 00:00:00,CNY,2704275000000,379618000000,,257546000000,333783000000.0,,,7486000000.0,754816000000.0,,,81321000000.0,6802245000000,,,,,844674000000.0,1467383000000.0,621396000000.0,,,,1000000.0,,,,139938000000,,,26340000000.0,1381000000.0,,,,66948000000.0,,110268000000,,0.0,14599419000000,110000000,740855000000,221414000000,,373146000000.0,,,6169000000.0,2202000000.0,11802544000000,,,,44604000000.0,45290000000.0,153911000000.0,,4647000000.0,13000000.0,,,236042000000.0,,,,,139700000000,,0.0,13770647000000,324794000000.0,,,,,88406000000.0,,,,,44033000000.0,139216000000.0,231742000000.0,,-1016000000.0,,0,827175000000,1597000000.0,,0.0,828772000000,,,14599419000000,,,,,,,,,,5.3772386489,10.505693859,,40.5488886342,141.8016516952,,,5.8840169731,-3.8121343492,,,18.3780715034,13.6792375577,,,,,24.9532538847,12.502539655,-10.6149398006,,,,-99.0990990991,,,,8.852882379,,,0.1939974894,,,,,17.1669087663,,11.4065751985,,,11.7712521014,66.6666666667,-12.3198714246,92.318182213,,196.2228502477,,,-13.7564658185,-35.764294049,9.3723685051,,,,-10.8561835478,12.4602701629,26.2165619721,,65.1385927505,-59.375,,,67.7042110424,,,,,53.2974871063,,,11.6403649893,0.0,,,,,-10.9609322281,,,,,49.2188823749,84.7959115949,17.0544201881,,-339.8268398268,,,13.8302732725,330.4582210243,,,13.9918436961,,,11.7712521014,,,,,,,,0
601288.SH,601288,农业银行,10008271,银行,2013-06-30,中报,2013中报,058001001,2013-08-29,2013-08-29 00:00:00,CNY,2551905000000,502704000000,,250597000000,248453000000.0,,,7851000000.0,785652000000.0,,,77724000000.0,6647413000000,,,,,854460000000.0,1381121000000.0,613508000000.0,,,,1000000.0,,,,138582000000,,,26596000000.0,1381000000.0,,,,62082000000.0,,72571000000,,0.0,14222601000000,90000000,780404000000,229129000000,,299488000000.0,,,5957000000.0,14223000000.0,11487183000000,,,,43105000000.0,33382000000.0,141468000000.0,50830000000.0,4674000000.0,8000000.0,,,221840000000.0,,,,,119589000000,,0.0,13431370000000,324794000000.0,,,,,96484000000.0,,,,,44033000000.0,139178000000.0,186144000000.0,,-965000000.0,,0,789668000000,1563000000.0,,0.0,791231000000,,,14222601000000,,,,,,,,,,0.2761232562,44.8172154524,,78.4828067576,156.1239111386,,,14.0139413302,-20.3757174174,,,20.2655236975,14.0258913777,,,,,33.308994917,10.7167822638,-16.1634947683,,,,-99.1379310345,,,,7.5972266435,,,4.4865247112,,,,,19.4160190813,,26.2126297849,,,10.2406542788,36.3636363636,-14.6681653968,92.3917880683,,154.9246261098,,,-25.4536353398,4.8429898275,8.3227860098,,,,-4.7487514916,16.7733585196,30.4622081228,19.0119409974,27.7398196228,-75.0,,,61.6037996999,,,,,80.3837277705,,,10.006760262,0.0,,,,,-7.3089190332,,,,,49.2188823749,84.7552800308,17.5166353111,,-46.2121212121,,,14.2023301285,331.7679558011,,,14.3684972811,,,10.2406542788,,,,,,,,0
601288.SH,601288,农业银行,10008271,银行,2013-03-31,一季报,2013一季报,058001001,2013-04-27,2013-04-27 00:00:00,CNY,2728635000000,420889000000,,265197000000,225811000000.0,,,5417000000.0,974050000000.0,,,74084000000.0,6478080000000,,,,,825543000000.0,1361205000000.0,610231000000.0,,,,,,,,139965000000,,,26714000000.0,1381000000.0,,,,57824000000.0,,72712000000,,0.0,14267738000000,70000000,853032000000,225638000000,,194491000000.0,,,6537000000.0,1446000000.0,11611336000000,,,,39678000000.0,60332000000.0,133197000000.0,,4629000000.0,29000000.0,,,204147000000.0,,,,,132857000000,,0.0,13467419000000,324794000000.0,,,,,99507000000.0,,,,,44031000000.0,75661000000.0,255152000000.0,,-405000000.0,,0,798740000000,1579000000.0,,0.0,800319000000,,,14267738000000,,,,,,,,,,7.3384220675,84.3885535043,,60.7050011817,,,,-29.7405966278,8.3811973839,,,20.8075141869,14.7017172466,,,,,17.9128161913,8.3556619048,-13.0034799691,,,,,,,,7.3491175997,,,4.1968952336,,,,,23.8572591355,,64.8162839722,,,13.6026820535,40.0,-1.8904641799,150.6587571375,,,,,-27.1237458194,-69.2340425532,14.4653903289,,,,-0.211256979,8.8926992149,37.9179307703,,41.5596330275,7.4074074074,,,59.3292697204,,,,,142.6966497388,,,13.5020987164,0.0,,,,,-0.9220077066,,,,,49.2121047816,16.5719127956,46.2281289938,,-19.4690265487,,,15.1268897982,718.1347150259,,,15.3223993637,,,13.6026820535,,,,,,,,0
601288.SH,601288,农业银行,10008271,银行,2012-12-31,年报,2012年报,058001001,2013-03-27,2014-03-26 00:00:00,CNY,2613111000000,262233000000,9203000000.0,223380000000,183255000000.0,,,4825000000.0,814620000000.0,,,59993000000.0,6153411000000,,,,,755503000000.0,1308796000000.0,608594000000.0,,,,108000000.0,,,,141490000000,,,26598000000.0,1381000000.0,,,,56949000000.0,,20892000000,0.0,0.0,13244342000000,66000000,784352000000,149721000000,,158745000000.0,,,5514000000.0,7631000000.0,10862935000000,,0.0,,47697000000.0,48453000000.0,133744000000.0,,4090000000.0,15000000.0,,,192639000000.0,,,,,97386000000,0.0,0.0,12492988000000,324794000000.0,,,,,97872000000.0,,,,,43996000000.0,75349000000.0,208488000000.0,,-684000000.0,0.0,0,749815000000,1539000000.0,,0.0,751354000000,,,13244342000000,,,,,,,,标准无保留意见,,5.0673439798,98.8511761227,,5.0295510219,169.2867219185,,,-43.3951196621,53.8644605621,,,23.3028465728,13.7396152298,,,,,16.0174017733,11.0195370553,-16.6211361886,,,,-19.4029850746,,,,7.3398323408,,,3.3734939759,,,,,24.6203334938,,17.3444169849,,,13.4168672148,32.0,27.4786642201,37.4154467441,,-23.8304304016,,,-46.3827304551,-91.7125511789,12.8965459042,,,,17.4311248984,7.6924786629,46.7408358294,,21.4010092015,-44.4444444444,,,61.3527096072,,,,,36.8434364725,,,13.286425774,0.0,,,,,-2.2228438415,,,,,49.0934968993,16.1825022358,59.0467326793,,7.4424898512,,,15.4270082712,722.9946524064,,,15.6306364537,,,13.4168672148,,,,,,,,0
601288.SH,601288,农业银行,10008271,银行,2012-09-30,三季报,2012三季报,058001001,2012-10-27,2012-10-27 00:00:00,CNY,2566280000000,343528000000,,183243000000,138040000000.0,,,7070000000.0,784731000000.0,,,68696000000.0,5983718000000,,,,,675992000000.0,1304311000000.0,695190000000.0,,,,111000000.0,,,,128557000000,,,26289000000.0,,,,,57139000000.0,,98978000000,,0.0,13061873000000,66000000,844952000000,115129000000,,125968000000.0,,,7153000000.0,3428000000.0,10791157000000,,,,50036000000.0,40272000000.0,121942000000.0,,2814000000.0,32000000.0,,,140749000000.0,,,,,91130000000,,0.0,12334828000000,324794000000.0,,,,,99289000000.0,,,,,29509000000.0,75335000000.0,197978000000.0,,-231000000.0,,0,726674000000,371000000.0,,0.0,727045000000,,,13061873000000,,,,,,,,,,3.128478599,403.4041118975,,-21.9345631151,99.5201341312,,,-25.6493847934,13.1127479244,,,38.9932016834,13.3661031881,,,,,-6.004519067,18.0844283415,8.7675545097,,,,-9.0163934426,,,,9.2131643333,,,2.1130316566,,,,,15.8959068598,,136.7781445864,,,12.7085229336,120.0,39.3962890435,29.9541719343,,8.2385289569,,,-36.372531578,-95.9338117549,11.2051667863,,,,23.5731397101,-3.3456535305,40.0344510795,,-16.0751565762,-58.9743589744,,,17.6604833519,,,,,38.6640292149,,,12.4564458818,0.0,,,,,8.3810896071,,,,,71.1460387426,16.3546782813,61.8908995756,,30.6306306306,,,17.1391679872,101.6304347826,,,17.1642211962,,,12.7085229336,,,,,,,,0
601288.SH,601288,农业银行,10008271,银行,2012-06-30,中报,2012中报,058001001,2012-08-30,2012-08-30 00:00:00,CNY,2544878000000,347130000000,,140404000000,97005000000.0,,,6886000000.0,986699000000.0,,,64627000000.0,5829740000000,,,,,640962000000.0,1247436000000.0,731791000000.0,,,,116000000.0,,,,128797000000,,,25454000000.0,,,,,51988000000.0,,57499000000,,0.0,12901412000000,66000000,914552000000,119095000000,,117481000000.0,,,7991000000.0,13566000000.0,10604586000000,,,,45254000000.0,28587000000.0,108436000000.0,42710000000.0,3659000000.0,32000000.0,,,137274000000.0,,,,,66297000000,,0.0,12209586000000,324794000000.0,,,,,104092000000.0,,,,,29509000000.0,75331000000.0,158398000000.0,,-660000000.0,,0,691464000000,362000000.0,,0.0,691826000000,,,12901412000000,,,,,,,,,,3.7701989507,256.2682814184,,-46.3539696549,74.2907450994,,,-22.086444897,54.7411177066,,,36.747778248,12.3699808808,,,,,-13.3704020068,19.4102601411,3.5728691793,,,,-7.9365079365,,,,9.34738129,,,-2.062331666,,,,,16.2704358911,,73.6762618177,,,12.5602436759,120.0,43.5994705414,63.0745847654,,232.252043327,,,-26.546557588,-79.6443844249,9.2514392546,,,,12.4853968333,-6.6303034262,37.6667893915,146.365943701,4.9928263989,-60.0,,,15.3621190984,,,,,24.2517382911,,,12.3001947614,0.0,,,,,9.712575229,,,,,71.1460387426,16.3664730598,79.567174162,,-25.0,,,17.3301297062,104.5197740113,,,17.3563083855,,,12.5602436759,,,,,,,,0
601288.SH,601288,农业银行,10008271,银行,2012-03-31,一季报,2012一季报,058001001,2012-04-28,2012-04-28 00:00:00,CNY,2542086000000,228262000000,,165021000000,,,,7710000000.0,898726000000.0,,,61324000000.0,5647762000000,,,,,700130000000.0,1256238000000.0,701443000000.0,,,,412000000.0,,,,130383000000,,,25638000000.0,,,,,46686000000.0,,44117000000,103394000000.0,0.0,12559332000000,50000000,869469000000,90018000000,,,,,8970000000.0,4700000000.0,10143971000000,,,,39762000000.0,55405000000.0,96577000000.0,,3270000000.0,27000000.0,,,128129000000.0,,,,,54742000000,370258000000.0,0.0,11865348000000,324794000000.0,,,,,100433000000.0,,,,,29509000000.0,64905000000.0,174489000000.0,,-339000000.0,,0,693791000000,193000000.0,,0.0,693984000000,,,12559332000000,,,,,,,,,,11.9726517592,196.3248562267,,62.0028862295,,,,-27.3874552646,25.054928235,,,22.3738825032,12.1231516668,,,,,-0.3196298274,26.4035837079,-3.6030514209,,,,205.1851851852,,,,7.6691220189,,,-1.6570771001,,,,,22.102785406,,55.5441949018,,,14.5931980575,66.6666666667,38.2461903429,39.9076793957,,,,,-31.9165085389,-65.4919236417,8.306597379,,,,15.8127748813,54.8274416655,33.6243514355,,-14.9102263856,-66.6666666667,,,98.231635621,,,,,-7.4663195794,,,14.2727429797,0.0,,,,,3.7338098288,,,,,71.1460387426,11.2282144877,119.3919505111,,0.2941176471,,,20.3662387231,13.5294117647,,,20.3642229044,,,14.5931980575,,,,,,,,0
601288.SH,601288,农业银行,10008271,银行,2011-12-31,年报,2011年报,058001001,2012-03-23,2013-03-27 00:00:00,CNY,2487082000000,131874000000,,212683000000,68052000000.0,,,8524000000.0,529440000000.0,,,48655000000.0,5410086000000,,,,,651198000000.0,1178888000000.0,729914000000.0,,,,134000000.0,,,,131815000000,,,25730000000.0,,,,,45698000000.0,,17804000000,0.0,0.0,11677577000000,50000000,615281000000,108955000000,,208410000000.0,,,10284000000.0,92079000000.0,9622026000000,,0.0,,40617000000.0,44992000000.0,91143000000.0,,3369000000.0,27000000.0,,,119390000000.0,,,,,71166000000,0.0,0.0,11027789000000,324794000000.0,,,,,100097000000.0,,,,,29509000000.0,64854000000.0,131086000000.0,,-739000000.0,0.0,0,649601000000,187000000.0,,0.0,649788000000,,,11677577000000,,,,,,,,标准无保留意见,,19.4373423642,69.3014776681,,122.9965923984,35.4080028653,,,-7.075111741,0.7821735249,,,25.9154783779,12.9924177236,,,,,-2.5886196472,13.7200503927,-5.4531465144,,,,-4.9645390071,,,,8.5871275465,,,-2.1449760402,,,,,45.211312361,,27.8471923022,,,12.9642871722,66.6666666667,16.9180047506,92.1537159183,,495.2360551795,,,-16.9171110034,145.7602690368,8.2597755039,,,,17.4444829979,106.5938102672,23.5485488878,,-13.6375288388,-67.0731707317,,,91.5019889645,,,,,65.6371465146,,,12.5839469861,0.0,,,,,3.6179375168,,,,,71.1460387426,11.1751092826,188.2024448158,,-91.4507772021,,,19.8368848361,13.3333333333,,,19.8349058344,,,12.9642871722,,,,,,,,0
601288.SH,601288,农业银行,10008271,银行,2011-09-30,三季报,2011三季报,058001001,2011-10-27,2011-10-27 00:00:00,CNY,2488430000000,68241000000,,234730000000,69186000000.0,,,9509000000.0,693760000000.0,,,49424000000.0,5278225000000,,,,,719175000000.0,1104558000000.0,639152000000.0,,,,122000000.0,,,,117712000000,,,25745000000.0,,,,,49302000000.0,,41802000000,,0.0,11589073000000,30000000,606151000000,88592000000,,116380000000.0,,,11242000000.0,84305000000.0,9703827000000,,,,40491000000.0,41666000000.0,87080000000.0,,3353000000.0,78000000.0,,,119623000000.0,,,,,65720000000,,0.0,10968538000000,324794000000.0,,,,,91611000000.0,,,,,17242000000.0,64746000000.0,122291000000.0,,-333000000.0,,0,620351000000,184000000.0,,0.0,620535000000,,,11589073000000,,,,,,,,,,34.925592285,-16.9564952845,,203.8340064202,-13.2974923869,,,51.2245547074,23.6540836897,,,14.5532506664,14.2559253935,,,,,11.0163473858,-5.5059465249,-20.2155042205,,,,-67.2043010753,,,,7.9025767479,,,-0.9883855088,,,,,80.6397244715,,82.7090344858,,,14.549107938,0.0,23.5726430211,85.0988257908,,108.5438841702,,,22.1956521739,57.8272427737,11.9971981735,,,,14.1652804015,147.0120939056,19.2092870441,,-16.3214374844,,,,,,,,,37.325783062,,,14.3885331746,0.0,,,,,-14.3229897312,,,,,40.6018103237,10.9823617134,375.3410813542,,-664.406779661,,,17.466692419,8.2352941176,,,17.4637217526,,,14.549107938,,,,,,,,0
601288.SH,601288,农业银行,10008271,银行,2011-06-30,中报,2011中报,058001001,2011-08-26,2011-08-26 00:00:00,CNY,2452417000000,97435000000,,261723000000,55657000000.0,,,8838000000.0,637645000000.0,,,47260000000.0,5187987000000,,,,,739888000000.0,1044664000000.0,706547000000.0,,,,126000000.0,,,,117787000000,,,25990000000.0,,,,,44713000000.0,,33107000000,,0.0,11461784000000,30000000,636877000000,73031000000,,35359000000.0,,,10879000000.0,66645000000.0,9706587000000,,,,40231000000.0,30617000000.0,78767000000.0,17336000000.0,3485000000.0,80000000.0,,,118994000000.0,,,,,53357000000,,0.0,10872275000000,324794000000.0,,,,,94877000000.0,,,,,17242000000.0,64736000000.0,88211000000.0,,-528000000.0,,0,589332000000,177000000.0,,0.0,589509000000,,,11461784000000,,,,,,,,,,34.2704937106,22.4996542577,,352.8863125108,-42.7320526408,,,54.8895899054,47.8401695312,,,20.773811045,15.8490519692,,,,,21.9977014792,-3.5259003144,-12.8955346058,,,,-63.0498533724,,,,7.3464812351,,,-0.6764245041,,,,,80.4908569814,,73.108496732,,,18.2118709769,0.0,23.1096506065,155.8272322836,,-46.4590178828,,,28.1389870436,-44.7708626834,16.2629808763,,,,16.8724399384,183.0713757396,11.5300747621,-45.9550456714,-20.5607476636,,,,108.1078717711,,,,,26.6755300207,,,16.3861992924,20.2940740741,,,,,669.3561466104,,,,,40.6018103237,10.9557109557,6107.6706544687,,-444.3298969072,,,66.3543751394,14.9350649351,,,66.3320326057,,,18.2118709769,,,,,,,,0
601288.SH,601288,农业银行,10008271,银行,2011-03-31,一季报,2011一季报,058001001,2011-04-28,2011-04-28 00:00:00,CNY,2270274000000,77031000000,,101863000000,56493000000.0,,,10618000000.0,718665000000.0,,,50112000000.0,5037106000000,,,,,702375000000.0,993831000000.0,727661000000.0,,,,135000000.0,,,,121096000000,,,26070000000.0,,,,,38235000000.0,,28363000000,,0.0,10959928000000,30000000,628928000000,64341000000,,27175000000.0,,,13175000000.0,13620000000.0,9365977000000,,,,34333000000.0,35785000000.0,72275000000.0,,3843000000.0,81000000.0,,,64636000000.0,,,,,59159000000,,0.0,10383358000000,324794000000.0,,,,,96818000000.0,,,,,17242000000.0,58353000000.0,79533000000.0,,-340000000.0,,0,576400000000,170000000.0,,0.0,576570000000,,,10959928000000,,,,,,,,,,,,,,,,,,,,,,,,,,,,,,,,,,,,,,,,,,,,,,,,,,,,,,,,,,,,,,,,,,,,,,,,,,,,,,,,,,,,,,,,,,,,,,,,,,,,,,,,,,,,,,,,,0
601288.SH,601288,农业银行,10008271,银行,2010-12-31,年报,2010年报,058001001,2011-03-30,2012-03-23 00:00:00,CNY,2082332000000,77893000000,,95375000000,50257000000.0,,,9173000000.0,525331000000.0,,,38641000000.0,4788008000000,,,,,668503000000.0,1036658000000.0,772013000000.0,,,,141000000.0,,,,121391000000,,,26294000000.0,,,,,31470000000.0,,13926000000,,0.0,10337406000000,30000000,526250000000,56702000000,,35013000000.0,,,12378000000.0,37467000000.0,8887905000000,,,,34584000000.0,21778000000.0,73771000000.0,,3901000000.0,82000000.0,,,62344000000.0,,,,,42965000000,,0.0,9795170000000,324794000000.0,,,,,96602000000.0,,,,,17242000000.0,58335000000.0,45484000000.0,,-386000000.0,,0,542071000000,165000000.0,,0.0,542236000000,,,10337406000000,,,,,,,,标准无保留意见,,37.1935543805,26.2590569433,,92.9301102458,-55.1980815861,,,96.0880718256,24.7541516957,,,20.2757804962,19.3571972544,,,,,-8.472141975,17.280281475,-13.2763573089,,,,0.0,,,,8.4109562127,,,-1.3062082426,,,,,60.0793529681,,51.7985611511,,,16.3783122667,-48.275862069,-8.310668718,115.498631803,,-69.2596071958,,,60.9622886866,-62.8347815736,18.5430492724,,,,15.5187387267,130.5770248809,10.4984871634,,-22.7065583515,,,,12.9850124141,,,,,-18.8635419421,,,14.702067283,24.9207692308,,,,,1989.1435986159,,,,,124.622199062,441.5428889714,-23.9614156511,,-451.4285714286,,,58.1216326983,55.6603773585,,,58.1208719108,,,16.3783122667,,,,,,,,0
601288.SH,601288,农业银行,10008271,银行,2010-09-30,三季报,2010三季报,058001001,2010-10-28,2010-10-28 00:00:00,CNY,1844298000000,82175000000,,77256000000,79797000000.0,,,6288000000.0,561049000000.0,,,43145000000.0,4619651000000,,,,,647810000000.0,1168918000000.0,801098000000.0,,,,372000000.0,,,,109091000000,,,26002000000.0,,,,,27293000000.0,,22879000000,,0.0,10117122000000,30000000,490522000000,47862000000,,55806000000.0,,,9200000000.0,53416000000.0,8664348000000,,58336000000.0,58336000000.0,35467000000.0,16868000000.0,73048000000.0,32077000000.0,4007000000.0,,,,,,,,,47857000000,,0.0,9588844000000,324794000000.0,,,,,106926000000.0,,,,,12263000000.0,58339000000.0,25727000000.0,,59000000.0,,0,528108000000,170000000.0,,0.0,528278000000,,,10117122000000,,,,,,,,,,,,,,,,,,,,,,,,,,,,,,,,,,,,,,,,,,,,,,,,,,,,,,,,,,,,,,,,,,,,,,,,,,,,,,,,,,,,,,,,,,,,,,,,,,,,,,,,,,,,,,,,,0
601288.SH,601288,农业银行,10008271,银行,2010-06-30,中报,2010中报,058001001,2010-08-28,2010-08-28 00:00:00,CNY,1826475000000,79539000000,,57790000000,97187000000.0,,,5706000000.0,431307000000.0,,,39131000000.0,4478230000000,,,,,606477000000.0,1082844000000.0,811149000000.0,,,,341000000.0,,,,109726000000,,,26167000000.0,,,,,24773000000.0,,19125000000,,0.0,9695967000000,30000000,517325000000,28547000000,,66041000000.0,,,8490000000.0,120670000000.0,8348820000000,,,,34423000000.0,10816000000.0,70624000000.0,32077000000.0,4387000000.0,,,,57179000000.0,,,,,42121000000,,0.0,9341550000000,270000000000.0,,,,,12332000000.0,,,,,12263000000.0,58344000000.0,1421000000.0,,-97000000.0,,0,354263000000,154000000.0,,0.0,354417000000,,,9695967000000,,,,,,,,标准无保留意见,,,,,,,,,,,,,,,,,,,,,,,,,,,,,,,,,,,,,,,,,,,,,,,,,,,,,,,,,,,,,,,,,,,,,,,,,,,,,,,,,,,,,,,,,,,,,,,,,,,,,,,,,0
601288.SH,601288,农业银行,10008271,银行,2009-12-31,年报,2009年报,058001001,2010-06-17,2011-03-30 00:00:00,CNY,1517806000000,61693000000,,49435000000,112176000000.0,,,4678000000.0,421093000000.0,,,32127000000.0,4011495000000,,,,,730382000000.0,883915000000.0,890199000000.0,,,,141000000.0,,,,111973000000,,,26642000000.0,,,,,19659000000.0,,9174000000,,0.0,8882588000000,58000000,573949000000,26312000000,,113899000000.0,,,7690000000.0,100812000000.0,7497618000000,,,,29938000000.0,9445000000.0,66762000000.0,,5047000000.0,,,,55179000000.0,,,,,52954000000,,0.0,8539663000000,260000000000.0,,,,,4624000000.0,,,,,7676000000.0,10772000000.0,59817000000.0,,-70000000.0,,0,342819000000,106000000.0,,0.0,342925000000,,,8882588000000,,,,,,,,标准无保留意见,,32.4572120738,-1.5558179613,,11.1423368331,180.320863633,,,-34.5825758635,70.9189430531,,,7.2687813022,33.0519498611,,,,,-8.7037335643,53.3714601014,-0.2613911882,,,,-59.3659942363,,,,7.787607212,,,-1.3259259259,,,,,14.9178698778,,62.5730994152,,,26.6344954793,-81.5286624204,98.0691716246,-22.9087925932,,402.2666137496,,,-33.3275533206,187.2955257908,22.9636167906,,,,-56.0665649213,-63.9131929851,0.3758720231,,-12.7420470263,,,,971.4368932039,,,,,-13.3336606602,,,27.0063104103,0.0,,,,,-73.2593106639,,,,,546.6722830666,16731.25,397.5628015305,,41.6666666667,,,18.032329701,10.4166666667,,,18.0298133482,,,26.6344954793,,,,,,,,0
601288.SH,601288,农业银行,10008271,银行,2008-12-31,年报,2008年报,058001001,2010-06-17,2010-07-13 00:00:00,CNY,1145884000000,62668000000,,44479000000,40017000000.0,40017000000.0,,7151000000.0,246370000000.0,,,29950000000.0,3014984000000,,,,,800013000000.0,576323000000.0,892532000000.0,,,,347000000.0,,,,103883000000,,,27000000000.0,,,,,17107000000.0,,5643000000,0.0,0.0,7014351000000,314000000,289772000000,34131000000,,22677000000.0,22677000000.0,,11534000000.0,35090000000.0,6097428000000,,,,68144000000.0,26173000000.0,66512000000.0,,5784000000.0,,,,5150000000.0,,,,,61101000000,0.0,0.0,6723810000000,260000000000.0,,,,,17292000000.0,,,,,1187000000.0,64000000.0,12022000000.0,,-120000000.0,,0,290445000000,96000000.0,,0.0,290541000000,,,7014351000000,,,,,,,,标准无保留意见,,22.2910223326,281.3777994158,,-15.274867614,132.5893635571,,,-29.9402370922,70.0886446482,,,25.930286339,11.2872029742,,,,,51.1731792904,8.1654830185,288.4914883152,,,,-4.4077134986,,,,35.8835840419,,,1176.5957446809,,,,,48.4467198889,,-53.4136877735,,,32.2088976999,-99.79186966,-2.3080190683,12.3654320988,,116.2185354691,,,58.1299698382,-52.1875979344,15.3244613305,,,,16.7869200843,-20.2139982929,48.843038088,,7.2103799815,,,,23.9768897448,,,,,93.9960629921,,,11.4484716094,113.7946913134,,,,,470.5957993999,,,,,,12.2807017544,101.4233619853,,-1100.0,,,139.9179499866,,,,139.9311439586,,,32.2088976999,,,,,,,,0
601288.SH,601288,农业银行,10008271,银行,2007-12-31,年报,2007年报,058001001,2009-04-27,2010-06-17 00:00:00,CNY,937014000000,16432000000,,52498000000,17205000000.0,,,10207000000.0,144848000000.0,,,23783000000.0,2709192000000,,,,,529203000000.0,532816000000.0,229743000000.0,,,,363000000.0,,,,76450000000,,,2115000000.0,,,,,11524000000.0,,12113000000,,0.0,5305506000000,150867000000,296618000000,30375000000,,10488000000.0,,,7294000000.0,73391000000.0,5287194000000,,,,58349000000.0,32804000000.0,44686000000.0,,5395000000.0,,,,4154000000.0,,,,,31496000000,,0.0,6033111000000,121612000000.0,,,,,-4666000000.0,,,,,,57000000.0,-844620000000.0,,12000000.0,,0,-727605000000,,,0.0,-727605000000,,,5305506000000,,,,,,,,标准无保留意见,,35.9630743157,-49.9497426213,,-32.0493405299,,,,,,,,750.9123434705,-12.9531281478,,,,,,,-82.414159731,,,,,,,,1.434276692,,,,,,,,,,-75.6262953498,,,-1.0836321982,0.0,58.7423403174,15.9085705564,,,,,,,11.1850074191,,,,,,,,,,,,,,,,,-80.4063553681,,,14.2637688812,,,,,,,,,,,,,,,,,-100.0,-969.9038760431,,,,-969.9038760431,,,-1.0836321982,,,,,,,,0
601288.SH,601288,农业银行,10008271,银行,2006-12-31,年报,2006年报,058001001,2008-05-28,2008-05-28 00:00:00,CNY,689168000000,32831000000,,77259000000,,,,,,,,2795000000.0,3112337000000,,,,,,,1306409000000.0,,,,,,,,75369000000,9299000000.0,,,,,,,,,49697000000,35526000000.0,,5363628000000,150867000000,186855000000,26206000000,,,,,,,4755312000000,,,,,,,,,,,,,,,,,160746000000,0.0,,5279986000000,,,,,,,,,,,,,,,,,83642000000,83642000000,,,,83642000000,,,5363628000000,,,,,,,,标准无保留意见,,49.8777782611,73.9114312957,,89.8535410626,,,,,,,,-72.1862871928,11.4228648471,,,,,,,3.9258300525,,,,,,,,16.4197778773,16.0489205042,,,,,,,,,-12.9817373186,-42.1306401694,,12.4210153009,0.0855789516,-6.6663003681,18.0131495992,,,,,,,17.7974729827,,,,,,,,,,,,,,,,,-42.8789714761,,,12.5457751312,,,,,,,,,,,,,,,,,5.0686497419,5.0686497419,,,,5.0686497419,,,12.4210153009,,,,,,,,0
601288.SH,601288,农业银行,10008271,银行,2005-12-31,年报,2005年报,058001001,2008-05-23,2008-05-23 00:00:00,CNY,459820000000,18878000000,,40694000000,,,,,,,,10049000000.0,2793266000000,,,,,,,1257059000000.0,,,,,,,,64739000000,8013000000.0,,,,,,,,,57111000000,61390000000.0,,4771019000000,150738000000,200201000000,22206000000,,,,,,,4036854000000,,,,,,,,,,,,,,,,,281413000000,0.0,,4691412000000,,,,,,,,,,,,,,,,,79607000000,79607000000,,,,79607000000,,,4771019000000,,,,,,,,标准无保留意见,,9.1273278732,15.4264750841,,-24.1010146225,,,,,,,,-73.1389163615,9.2103704393,,,,,,,62.6098891148,,,,,,,,-8.6639390519,1.1359333586,,,,,,,,,-9.3620060308,201.064194988,,18.8663074532,-0.6380762791,45.4526300494,-11.3249740436,,,,,,,15.6178532794,,,,,,,,,,,,,,,,,116.8568764497,,,19.2012818031,,,,,,,,,,,,,,,,,1.9778896532,1.9778896532,,,,1.9778896532,,,18.8663074532,,,,,,,,0
601288.SH,601288,农业银行,10008271,银行,2004-12-31,年报,2004年报,058001001,2009-05-11,2009-05-11 00:00:00,CNY,421361000000,16355000000,,53616000000,,,,,,,,37411000000.0,2557693000000,,,,,,,773052000000.0,,,,,,,,70880000000,7923000000.0,,,,,,,,,63010000000,20391000000.0,,4013769000000,151706000000,137640000000,25042000000,,,,,,,3491549000000,,,,,,,,,,,,,,,,,129769000000,0.0,,3935706000000,,,,,,,,,,,,,,,,,78063000000,78063000000,,,,78063000000,,,4013769000000,,,,,,,,,,9.1244117898,14.6271376507,,-4.3834932411,,,,,,,,-34.2894279241,14.187973822,,,,,,,34.148233371,,,,,,,,2.5462962963,22.7040421248,,,,,,,,,-14.8663072703,-52.1674876847,,14.8755186009,-0.1250855849,-0.7298848917,44.3010257001,,,,,,,16.4902738742,,,,,,,,,,,,,,,,,155.1644807991,,,17.2720763446,,,,,,,,,,,,,,,,,-43.4198986729,-43.4198986729,,,,-43.4198986729,,,14.8755186009,,,,,,,,0
601288.SH,601288,农业银行,10008271,银行,2003-12-31,年报,2003年报,058001001,2009-05-12,2009-05-12 00:00:00,CNY,386129000000,14268000000,,56074000000,,,,,,,,56933000000.0,2239897000000,,,,,,,576267000000.0,,,,,,,,69120000000,6457000000.0,,,,,,,,,74013000000,42630000000.0,,3494016000000,151896000000,138652000000,17354000000,,,,,,,2997288000000,,,,,,,,,,,,,,,,,50857000000,0.0,,3356047000000,,,,,,,,,,,,,,,,,137969000000,137969000000,,,,137969000000,,,3494016000000,,,,,,,,,,11.4584926956,-29.1734921817,,-22.7290265682,,,,,,,,-7.7559948153,18.5663922928,,,,,,,37.1332908163,,,,,,,,3.9711191336,5.1286225985,,,,,,,,,1.1963685088,-20.1924516999,,17.3841265404,-0.6943082415,-1.7544356896,-20.7688444505,,,,,,,20.877006055,,,,,,,,,,,,,,,,,13.2193503863,,,18.1487865276,,,,,,,,,,,,,,,,,1.4179653043,1.4179653043,,,,1.4179653043,,,17.3841265404,,,,,,,,0
601288.SH,601288,农业银行,10008271,银行,2002-12-31,年报,2002年报,058001001,2009-05-12,2009-05-12 00:00:00,CNY,346433000000,20145000000,,72568000000,,,,,,,,61720000000.0,1889150000000,,,,,,,420224000000.0,,,,,,,,66480000000,6142000000.0,,,,,,,,,73138000000,53416000000.0,,2976566000000,152958000000,141128000000,21903000000,,,,,,,2479618000000,,,,,,,,,,,,,,,,,44919000000,0.0,,2840526000000,,,,,,,,,,,,,,,,,136040000000,136040000000,,,,136040000000,,,2976566000000,,,,,,,,,,,,,,,,,,,,,,,,,,,,,,,,,,,,,,,,,,,,,,,,,,,,,,,,,,,,,,,,,,,,,,,,,,,,,,,,,,,,,,,,,,,,,,,,,,,,,,,,,,,,,,,,,0
