ts_code,SECURITY_CODE,SECURITY_NAME_ABBR,ORG_CODE,ORG_TYPE,end_date,REPORT_TYPE,REPORT_DATE_NAME,SECURITY_TYPE_CODE,ann_date,UPDATE_DATE,CURRENCY,revenue,OPERATE_INCOME_YOY,interest_ni,INTEREST_NI_YOY,interest_income,INTEREST_INCOME_YOY,interest_expense,INTEREST_EXPENSE_YOY,FEE_COMMISSION_NI,FEE_COMMISSION_NI_YOY,FEE_COMMISSION_INCOME,FEE_COMMISSION_INCOME_YOY,FEE_COMMISSION_EXPENSE,FEE_COMMISSION_EXPENSE_YOY,INVEST_INCOME,INVEST_INCOME_YOY,INVEST_JOINT_INCOME,INVEST_JOINT_INCOME_YOY,FAIRVALUE_CHANGE_INCOME,FAIRVALUE_CHANGE_INCOME_YOY,EXCHANGE_INCOME,EXCHANGE_INCOME_YOY,OTHER_BUSINESS_INCOME,OTHER_BUSINESS_INCOME_YOY,ASSET_DISPOSAL_INCOME,ASSET_DISPOSAL_INCOME_YOY,OTHER_INCOME,OTHER_INCOME_YOY,OPERATE_INCOME_OTHER,OPERATE_INCOME_OTHER_YOY,OPERATE_INCOME_BALANCE,OPERATE_INCOME_BALANCE_YOY,OPERATE_EXPENSE,OPERATE_EXPENSE_YOY,OPERATE_TAX_ADD,OPERATE_TAX_ADD_YOY,BUSINESS_MANAGE_EXPENSE,BUSINESS_MANAGE_EXPENSE_YOY,ASSET_IMPAIRMENT_LOSS,ASSET_IMPAIRMENT_LOSS_YOY,CREDIT_IMPAIRMENT_LOSS,CREDIT_IMPAIRMENT_LOSS_YOY,OTHER_BUSINESS_COST,OTHER_BUSINESS_COST_YOY,OPERATE_EXPENSE_OTHER,OPERATE_EXPENSE_OTHER_YOY,OPERATE_EXPENSE_BALANCE,OPERATE_EXPENSE_BALANCE_YOY,OPERATE_PROFIT_OTHER,OPERATE_PROFIT_OTHER_YOY,OPERATE_PROFIT_BALANCE,OPERATE_PROFIT_BALANCE_YOY,operate_profit,OPERATE_PROFIT_YOY,NONBUSINESS_INCOME,NONBUSINESS_INCOME_YOY,NONCURRENT_DISPOSAL_INCOME,NONCURRENT_DISPOSAL_INCOME_YOY,NONBUSINESS_EXPENSE,NONBUSINESS_EXPENSE_YOY,NONCURRENT_DISPOSAL_LOSS,NONCURRENT_DISPOSAL_LOSS_YOY,EFFECT_TP_OTHER,EFFECT_TP_OTHER_YOY,TOTAL_PROFIT_BALANCE,TOTAL_PROFIT_BALANCE_YOY,total_profit,TOTAL_PROFIT_YOY,income_tax,INCOME_TAX_YOY,EFFECT_NETPROFIT_OTHER,EFFECT_NETPROFIT_OTHER_YOY,EFFECT_NETPROFIT_BALANCE,EFFECT_NETPROFIT_BALANCE_YOY,n_income,NETPROFIT_YOY,CONTINUED_NETPROFIT,CONTINUED_NETPROFIT_YOY,DISCONTINUED_NETPROFIT,DISCONTINUED_NETPROFIT_YOY,n_income_attr_p,PARENT_NETPROFIT_YOY,MINORITY_INTEREST,MINORITY_INTEREST_YOY,DEDUCT_PARENT_NETPROFIT,DEDUCT_PARENT_NETPROFIT_YOY,NETPROFIT_OTHER,NETPROFIT_OTHER_YOY,NETPROFIT_BALANCE,NETPROFIT_BALANCE_YOY,BASIC_EPS,BASIC_EPS_YOY,DILUTED_EPS,DILUTED_EPS_YOY,OTHER_COMPRE_INCOME,OTHER_COMPRE_INCOME_YOY,PARENT_OCI,PARENT_OCI_YOY,MINORITY_OCI,MINORITY_OCI_YOY,PARENT_OCI_OTHER,PARENT_OCI_OTHER_YOY,PARENT_OCI_BALANCE,PARENT_OCI_BALANCE_YOY,UNABLE_OCI,UNABLE_OCI_YOY,SETUP_PROFIT_CHANGE,SETUP_PROFIT_CHANGE_YOY,RIGHTLAW_UNABLE_OCI,RIGHTLAW_UNABLE_OCI_YOY,UNABLE_OCI_OTHER,UNABLE_OCI_OTHER_YOY,UNABLE_OCI_BALANCE,UNABLE_OCI_BALANCE_YOY,ABLE_OCI,ABLE_OCI_YOY,RIGHTLAW_ABLE_OCI,RIGHTLAW_ABLE_OCI_YOY,AFA_FAIRVALUE_CHANGE,AFA_FAIRVALUE_CHANGE_YOY,HMI_AFA,HMI_AFA_YOY,CASHFLOW_HEDGE_VALID,CASHFLOW_HEDGE_VALID_YOY,CONVERT_DIFF,CONVERT_DIFF_YOY,ABLE_OCI_OTHER,ABLE_OCI_OTHER_YOY,ABLE_OCI_BALANCE,ABLE_OCI_BALANCE_YOY,OCI_OTHER,OCI_OTHER_YOY,OCI_BALANCE,OCI_BALANCE_YOY,TOTAL_COMPRE_INCOME,TOTAL_COMPRE_INCOME_YOY,PARENT_TCI,PARENT_TCI_YOY,MINORITY_TCI,MINORITY_TCI_YOY,TCI_BALANCE,TCI_BALANCE_YOY,EFFECT_TCI_BALANCE,EFFECT_TCI_BALANCE_YOY,OTHERRIGHT_FAIRVALUE_CHANGE,OTHERRIGHT_FAIRVALUE_CHANGE_YOY,CREDITRISK_FAIRVALUE_CHANGE,CREDITRISK_FAIRVALUE_CHANGE_YOY,CREDITOR_FAIRVALUE_CHANGE,CREDITOR_FAIRVALUE_CHANGE_YOY,FINANCE_OCI_AMT,FINANCE_OCI_AMT_YOY,CREDITOR_IMPAIRMENT_RESERVE,CREDITOR_IMPAIRMENT_RESERVE_YOY,ACF_END_INCOME,ACF_END_INCOME_YOY,OPINION_TYPE,OSOPINION_TYPE
601288.SH,601288,农业银行,10008271,银行,2025-09-30,三季报,2025三季报,058001001,2025-10-31,2025-10-31 00:00:00,CNY,550876000000,1.9740398214,427308000000,-2.3956363238,901051000000,-6.3854788304,473743000000,-9.7143978838,69877000000,13.3391724652,79828000000,10.8183521899,9951000000,-4.1514159122,34233000000,35.4367779712,607000000.0,1497.3684210526,8539000000.0,109.3405246384,2994000000.0,-42.7861647239,7925000000,28.3400809717,,,,,,,0.0,,300804000000,0.7472209476,5561000000,1.3301749271,160511000000,2.6587103624,,,127403000000.0,-2.7799398684,7312000000.0,30.9221128021,,,,,,,,,250072000000,3.4899167767,353000000,2.6162790698,,,1133000000,77.8649921507,,,,,0.0,,249292000000,3.2923686326,26969000000,3.3928845269,,,,,222323000000,3.2801887932,,,,,220859000000,3.0260481779,1464000000.0,64.4943820225,220833000000.0,3.2721337848,,,,,0.59,5.3571428571,0.59,5.3571428571,-15791000000.0,-194.2296216732,-14571000000.0,-177.9197860963,-1220000000.0,37.1781668383,,,,,3143000000.0,1108.8461538462,,,,,-1000000.0,-101.9607843137,,,-17714000000.0,-196.0629067245,,,,,,,,,-174000000.0,64.6341463415,342000000.0,110.4459376909,,,,,,,206532000000.0,-10.9852598914,206288000000.0,-11.4917278781,244000000.0,123.1939163498,,,,,3144000000.0,1404.3062200957,,,-20119000000.0,-199.0986109743,,,2237000000.0,17.4894957983,20181000000.0,318.6060983199,,
601288.SH,601288,农业银行,10008271,银行,2025-06-30,中报,2025中报,058001001,2025-08-30,2025-08-30 00:00:00,CNY,369937000000,0.8456117873,282473000000,-2.8795109473,598005000000,-7.1490013167,315532000000,-10.6647791619,51441000000,10.0671858952,58097000000,8.2223422685,6656000000,-4.1888585001,23153000000,52.5431545658,441000000.0,975.6097560976,4992000000.0,-5.5975794251,2306000000.0,-49.5956284153,5572000000,32.351543943,,,,,,,0.0,,209001000000,-0.0674183091,3859000000,0.4163413999,102874000000,2.2167463212,,,97955000000.0,-3.0129309491,4299000000.0,18.5931034483,,,,,,,,,160936000000,2.0565275567,186000000,-26.1904761905,,,582000000,22.7848101266,,,,,0.0,,160540000000,1.9489302792,20597000000,-1.8115078419,,,,,139943000000,2.5268509971,,,,,139510000000,2.6624083831,433000000.0,-28.073089701,139385000000.0,2.8770287924,,,,,0.37,0.0,0.37,0.0,159000000.0,-98.4934621944,916000000.0,-92.423490488,-757000000.0,50.7161458333,,,,,3320000000.0,2323.3576642336,,,,,13000000.0,-53.5714285714,,,-2404000000.0,-120.1121057475,,,,,,,,,113000000.0,-16.9117647059,-1116000000.0,58.0293343362,,,,,,,140102000000.0,-4.723627659,140426000000.0,-5.1060264086,-324000000.0,65.3104925054,,,,,3307000000.0,2933.9449541284,,,-5585000000.0,-129.3669155537,,,4184000000.0,192.1180096874,15088000000.0,250.8837209302,,
601288.SH,601288,农业银行,10008271,银行,2025-03-31,一季报,2025一季报,058001001,2025-04-30,2025-04-30 00:00:00,CNY,186674000000,0.3510356358,140577000000,-2.7384370568,297478000000,-8.1410070343,156901000000,-12.4958869425,28009000000,-3.5403106382,31430000000,-3.3071835102,3421000000,-1.3552479815,7173000000,95.769650655,72000000.0,1540.0,3911000000.0,-7.1241985277,4384000000.0,64.0718562874,2620000000,37.7497371188,,,,,,,0.0,,108676000000,2.1640626469,1733000000,-4.3598233996,47750000000,1.1566816371,,,57060000000.0,2.6055996116,2120000000.0,22.5433526012,,,,,,,,,77998000000,-2.0703855764,76000000,-10.5882352941,,,431000000,47.0989761092,,,,,0.0,,77643000000,-2.2608542404,5527000000,-35.7325581395,,,,,72116000000,1.8026793151,,,,,71931000000,2.1950387861,185000000.0,-59.1611479029,71991000000.0,2.3369866519,,,,,0.19,0.0,0.19,0.0,-21611000000.0,-350.1353884607,-20705000000.0,-409.9753694581,-906000000.0,-22.2672064777,,,,,119000000.0,-1.652892562,,,,,,,,,-20824000000.0,-398.0626644343,,,,,,,,,166000000.0,184.2639593909,-126000000.0,91.0064239829,,,,,,,50505000000.0,-23.5213059148,51226000000.0,-22.7663359768,-721000000.0,-150.3472222222,,,,,119000000.0,0.8474576271,,,-16507000000.0,-261.3587487781,,,-4357000000.0,65.9954733474,6308000000.0,1420.0,,
601288.SH,601288,农业银行,10008271,银行,2024-12-31,年报,2024年报,058001001,2025-03-29,2025-03-29 00:00:00,CNY,710555000000,2.263437858,580692000000,1.5639702667,1275680000000,4.2479435286,694988000000,6.6017535141,75567000000,-5.650930793,89965000000,-5.0100306198,14398000000,-1.498255456,31139000000,12.2166564561,72000000.0,-61.9047619048,7992000000.0,160.325732899,7222000000.0,49.554773245,7943000000,8.2595066103,,,,,,,0.0,,390774000000,1.2276088956,7548000000,3.9669421488,244420000000,3.8776689786,,,130840000000.0,-3.5864030595,7699000000.0,2.0275642725,,,,,,,,,319781000000,3.558370818,674000000,17.6265270506,,,1254000000,-35.593220339,,,,,0.0,,319201000000,3.8325542663,36530000000,-2.8431607224,,,,,282671000000,4.7628048329,,,,,282083000000,4.7249736408,588000000.0,26.724137931,281561000000.0,4.5583506012,,,,,0.75,4.1666666667,0.75,4.1666666667,38713000000.0,834.8708041536,40315000000.0,688.6345852895,-1602000000.0,-64.9845520082,,,,,532000000.0,19.5505617978,,,,,50000000.0,,,,39783000000.0,752.4319691451,,,,,,,,,469000000.0,-38.772845953,-4806000000.0,-240.6094968108,,,,,,,321384000000.0,17.3101280839,322398000000.0,17.4628736319,-1014000000.0,-100.0,,,,,482000000.0,8.3146067416,,,39536000000.0,239.5105195363,,,4584000000.0,172.3827569872,7167000000.0,590.4624277457,标准无保留意见,
601288.SH,601288,农业银行,10008271,银行,2024-09-30,三季报,2024三季报,058001001,2024-10-31,2025-10-31 00:00:00,CNY,540212000000,1.2850655657,437796000000,0.9611925429,962512000000,5.7021334543,524716000000,10.0123490181,61653000000,-7.6456401576,72035000000,-6.6154165262,10382000000,0.0096329833,25276000000,25.1163251163,38000000.0,-79.8941798942,4079000000.0,8.8313767343,5233000000.0,46.5005599104,6175000000,13.2819666116,,,,,,,0.0,,298573000000,1.0375388739,5488000000,5.7825751735,156354000000,0.6041887849,,,131046000000.0,1.1344693462,5585000000.0,5.7364634608,,,,,,,,,241639000000,1.5925936826,344000000,5.1987767584,,,637000000,-17.0572916667,,,,,0.0,,241346000000,1.6578914115,26084000000,-11.9408527734,,,,,215262000000,3.59643677,,,,,214372000000,3.3835529235,890000000.0,105.5427251732,213836000000.0,3.4218251991,,,,,0.56,1.8181818182,0.56,1.8181818182,16758000000.0,289.6130346232,18700000000.0,333.1961591221,-1942000000.0,-137.1184371184,,,,,260000000.0,-33.6734693878,,,,,51000000.0,,,,18440000000.0,319.2367138271,,,,,,,,,-492000000.0,-142.1593830334,-3274000000.0,-168.1408681409,,,,,,,232020000000.0,16.6216807154,233072000000.0,16.9236017398,-1052000000.0,-172.5388601036,,,,,209000000.0,-46.6836734694,,,20302000000.0,521.2362301102,,,1904000000.0,116.3784946237,4821000000.0,725.5136986301,,
601288.SH,601288,农业银行,10008271,银行,2024-06-30,中报,2024中报,058001001,2024-08-31,2025-08-30 00:00:00,CNY,366835000000,0.2944569907,290848000000,0.1470279353,644048000000,7.1482878348,353200000000,13.6934268976,46736000000,-7.8748694092,53683000000,-6.8343138786,6947000000,0.8272859216,15178000000,26.7262252651,41000000.0,-82.4034334764,5288000000.0,-28.1131049483,4575000000.0,177.2727272727,4210000000,16.2020425062,,,,,,,0.0,,209142000000,-0.1356087592,3843000000,8.3450803496,100643000000,0.5434619726,,,100998000000.0,-1.3228857277,3625000000.0,6.6176470588,,,,,,,,,157693000000,0.870583118,252000000,43.1818181818,,,474000000,-12.0593692022,,,,,0.0,,157471000000,0.9630118806,20977000000,-5.2443761857,,,,,136494000000,1.9898229857,,,,,135892000000,1.9949862648,602000000.0,0.837520938,135487000000.0,1.9841777631,,,,,0.37,0.0,0.37,0.0,10554000000.0,292.2754600109,12090000000.0,345.2830188679,-1536000000.0,-174.2857142857,,,,,137000000.0,-65.8354114713,,,,,28000000.0,,,,11953000000.0,324.2589118199,,,,,,,,,136000000.0,-91.8269230769,-2659000000.0,-184.385026738,,,,,,,147048000000.0,14.5751196023,147982000000.0,15.3361131678,-934000000.0,-2624.3243243243,,,,,109000000.0,-72.8179551122,,,19018000000.0,148.5363303711,,,-4542000000.0,66.873313398,4300000000.0,1729.7872340426,,
601288.SH,601288,农业银行,10008271,银行,2024-03-31,一季报,2024一季报,058001001,2024-04-30,2025-04-30 00:00:00,CNY,186021000000,-1.7633079848,144535000000,-0.7362283407,323842000000,9.6553989307,179307000000,19.7615549025,29037000000,-10.789886018,32505000000,-9.5324241581,3468000000,2.5732031943,3664000000,-20.4688517473,-5000000.0,-104.5045045045,4211000000.0,52.0216606498,2672000000.0,21.2341197822,1902000000,17.1903881701,,,,,,,0.0,,106374000000,0.2129102762,1812000000,11.6451016636,47204000000,1.6692153611,,,55611000000.0,-1.5960929344,1730000000.0,10.3316326531,,,,,,,,,79647000000,-4.2842378503,85000000,13.3333333333,,,293000000,12.6923076923,,,,,0.0,,79439000000,-4.3214857817,8600000000,-21.1876832845,,,,,70839000000,-1.7693961034,,,,,70386000000,-1.6323336222,453000000.0,-19.2513368984,70347000000.0,-1.5547594391,,,,,0.19,-5.0,0.19,-5.0,-4801000000.0,60.0316350316,-4060000000.0,65.8794856711,-741000000.0,-555.7522123894,,,,,121000000.0,-62.8834355828,,,,,3000000.0,,,,-4181000000.0,65.799591002,,,,,,,,,-197000000.0,78.7486515642,-1401000000.0,-665.5737704918,,,,,,,66038000000.0,9.8747150725,66326000000.0,11.1826334758,-288000000.0,-164.2857142857,,,,,118000000.0,-63.8036809816,,,10230000000.0,806.9799585349,,,-12813000000.0,-32.5299958626,415000000.0,178.5234899329,,
601288.SH,601288,农业银行,10008271,银行,2023-12-31,年报,2023年报,058001001,2024-03-29,2025-03-29 00:00:00,CNY,694828000000,0.0253364274,571750000000,-3.0739994202,1223698000000,10.3958270183,651948000000,25.717679591,80093000000,-1.4628084939,94710000000,-0.8459138592,14617000000,2.6763135712,27749000000,62.6839420766,189000000.0,186.3636363636,3070000000.0,-45.634850363,4829000000.0,188.8173625161,7337000000,17.9581993569,,,,,,,0.0,,386035000000,-0.163448135,7260000000,11.2643678161,235296000000,3.2271650434,,,135707000000.0,-6.5803422687,7546000000.0,9.7280791043,,,,,,,,,308793000000,0.2623504391,573000000,20.6315789474,,,1947000000,-2.9895366218,,,,,0.0,,307419000000,0.3152196258,37599000000,-20.9889255469,,,,,269820000000,4.2315329166,,,,,269356000000,3.9053820516,464000000.0,226.7759562842,269286000000.0,3.7095519422,,,,,0.72,4.347826087,0.72,4.347826087,4141000000.0,22.8418866805,5112000000.0,29.9771167048,-971000000.0,-72.7758007117,,,,,445000000.0,368.4210526316,,,,,,,,,4667000000.0,21.5997915581,,,,,,,,,766000000.0,-80.1400051854,-1411000000.0,-301.9943019943,,,,,,,273961000000.0,4.470764995,274468000000.0,4.2950240344,-507000000.0,45.3663793103,,,,,445000000.0,368.4210526316,,,11645000000.0,196.2476237706,,,-6333000000.0,-150.9452176012,1038000000.0,548.75,标准无保留意见,
601288.SH,601288,农业银行,10008271,银行,2023-09-30,三季报,2023三季报,058001001,2023-10-28,2024-10-31 00:00:00,CNY,533358000000,-0.5350346029,433628000000,-3.2052269374,910589000000,10.3111791664,476961000000,26.3519706691,66757000000,-0.887833123,77138000000,-0.7718233039,10381000000,-0.0192622556,20202000000,168.0376807748,189000000.0,71.8181818182,3748000000.0,-75.864511559,3572000000.0,157.2435897436,5451000000,34.2941611234,,,,,,,0.0,,295507000000,-1.7955534878,5188000000,10.265674814,155415000000,5.2704661528,,,129576000000.0,-9.7490475229,5282000000.0,5.915379988,,,,,,,,,237851000000,1.0768452768,327000000,-57.421875,,,768000000,-28.4249767008,,,,,0.0,,237410000000,1.0203734277,29621000000,-21.0674980681,,,,,207789000000,5.2176114642,,,,,207356000000,4.9701829521,433000000.0,916.9811320755,206761000000.0,4.5683969898,,,,,0.55,3.7735849057,0.55,3.7735849057,-8838000000.0,-154.5892526251,-8019000000.0,-147.7634165227,-819000000.0,-36.7278797997,,,,,392000000.0,13166.6666666667,,,,,,,,,-8411000000.0,-150.0893282515,,,,,,,,,1167000000.0,-73.0111008326,-1221000000.0,-114.9647887324,,,,,,,198951000000.0,-6.8908388908,199337000000.0,-6.9939858254,-386000000.0,40.7975460123,,,,,392000000.0,13166.6666666667,,,3268000000.0,143.4112646121,,,-11625000000.0,-156.5308305777,584000000.0,279.2207792208,,
601288.SH,601288,农业银行,10008271,银行,2023-06-30,中报,2023中报,058001001,2023-08-30,2024-08-31 00:00:00,CNY,365758000000,0.8342247169,290421000000,-3.2500824514,601081000000,10.7511824458,310660000000,28.078695878,50731000000,2.5096486088,57621000000,2.4792359543,6890000000,2.2558622737,11977000000,49.5816160859,233000000.0,79.2307692308,7356000000.0,54.830561987,1650000000.0,170.3324808184,3623000000,36.5109269028,,,,,,,0.0,,209426000000,1.3830729684,3547000000,4.3542218299,100099000000,6.0247216956,,,102352000000.0,-3.0105468639,3400000000.0,5.8201058201,,,,,,,,,156332000000,0.108220257,176000000,-65.8252427184,,,539000000,-14.3084260731,,,,,0.0,,155969000000,-0.0512659485,22138000000,-18.8073058021,,,,,133831000000,3.9197720196,,,,,133234000000,3.481110973,597000000.0,1825.8064516129,132851000000.0,3.1547970308,,,,,0.37,5.7142857143,0.37,5.7142857143,-5489000000.0,-292.3265592151,-4929000000.0,-261.3420621931,-560000000.0,-178.6069651741,,,,,401000000.0,1079.4117647059,,,,,,,,,-5330000000.0,-276.4316451506,,,,,,,,,1664000000.0,-17.4603174603,-935000000.0,-470.1219512195,,,,,,,128342000000.0,-2.5030956342,128305000000.0,-2.6569150349,37000000.0,121.7647058824,,,,,401000000.0,1079.4117647059,,,7652000000.0,185.5736971595,,,-13711000000.0,-235.6047868658,235000000.0,132.6732673267,,
601288.SH,601288,农业银行,10008271,银行,2023-03-31,一季报,2023一季报,058001001,2023-04-29,2024-04-30 00:00:00,CNY,189360000000,2.1882841801,145607000000,-3.5376655382,295327000000,10.4678651316,149720000000,28.6309549379,32549000000,2.778742619,35930000000,2.2219693306,3381000000,-2.8448275862,4607000000,192.6937738247,111000000.0,-67.638483965,2770000000.0,267.8787878788,2204000000.0,42.2853453841,1623000000,33.4703947368,,,,,,,0.0,,106148000000,6.0408986923,1623000000,3.7723785166,46429000000,4.796406645,,,56513000000.0,6.8662304754,1568000000.0,16.1481481481,,,,,,,,,83212000000,-2.3379184076,75000000,-66.3677130045,,,260000000,-9.4076655052,,,,,0.0,,83027000000,-2.4817946911,10912000000,-27.2921108742,,,,,72115000000,2.8275252381,,,,,71554000000,1.7533880349,561000000.0,396.8253968254,71458000000.0,1.5417844912,,,,,0.2,0.0,0.2,0.0,-12012000000.0,-102.5974025974,-11899000000.0,-104.6259673259,-113000000.0,0.8771929825,,,,,326000000.0,111.6883116883,,,,,,,,,-12225000000.0,-104.8081755738,,,,,,,,,-927000000.0,-102.4017467249,-183000000.0,-251.9230769231,,,,,,,60103000000.0,-6.3859944239,59655000000.0,-7.5202306762,448000000.0,247.8547854785,,,,,326000000.0,111.6883116883,,,-1447000000.0,75.256497948,,,-9668000000.0,-2585.3470437018,149000000.0,192.1568627451,,
601288.SH,601288,农业银行,10008271,银行,2022-12-31,年报,2022年报,058001001,2023-03-31,2024-03-29 00:00:00,CNY,694652000000,-3.5091642763,589883000000,2.0581777791,1108464000000,9.9651393731,518581000000,20.5926604609,81282000000,1.1863710491,95518000000,-3.2444971181,14236000000,-22.5967812092,17057000000,-36.9287087709,66000000.0,-83.8630806846,5647000000.0,240.5075889525,-5437000000.0,-178.8656803017,6220000000,-80.3661616162,,,,,,,0.0,,386667000000,-8.8271009637,6525000000,-1.2261580381,227940000000,3.936016926,,,145266000000.0,-12.4302231653,6877000000.0,-78.6355587312,,,,,,,,,307985000000,4.1151136533,475000000,-75.8146639511,,,2007000000,5.8544303797,,,,,0.0,,306453000000,3.5734081384,47587000000,-11.7844431262,,,,,258866000000,6.9977184049,,,,,259232000000,7.4835291045,-366000000.0,-148.6055776892,259654000000.0,7.6741254333,,,,,0.69,6.1538461538,0.69,6.1538461538,3371000000.0,-53.9480874317,3933000000.0,-45.4961197339,-562000000.0,-640.3846153846,,,,,95000000.0,156.8862275449,,,,,,,,,3838000000.0,-48.0157117703,,,,,,,,,3857000000.0,323.7238979118,-351000000.0,,,,,,,,262237000000.0,5.2078987066,263165000000.0,5.9444683755,-928000000.0,-208.284714119,,,,,95000000.0,156.8862275449,,,-12099000000.0,-288.9878163074,,,12431000000.0,359.5563770795,160000000.0,1354.5454545455,标准无保留意见,
601288.SH,601288,农业银行,10008271,银行,2022-09-30,三季报,2022三季报,058001001,2022-10-29,2023-10-28 00:00:00,CNY,536227000000,-1.5911263964,447987000000,4.2516353786,825473000000,10.2770040545,377486000000,18.3980077032,67355000000,2.8697538029,77738000000,-1.8818866829,10383000000,-24.5037446375,7537000000,-64.0821578345,110000000.0,-66.4634146341,15529000000.0,439.2833733887,-6240000000.0,-237.3844121532,4059000000,-85.8841940532,,,,,,,0.0,,300910000000,-4.153832923,4705000000,0.8142275552,147634000000,5.937141217,,,143573000000.0,1.3819059993,4987000000.0,-82.3749779113,,,,,,,,,235317000000,1.8926502299,768000000,-33.9638865004,,,1073000000,31.9803198032,,,,,0.0,,235012000000,1.6065993359,37527000000,-14.5676820107,,,,,197485000000,5.398409564,,,,,197538000000,5.7999346577,-53000000.0,-108.0181543116,197728000000.0,6.0903437656,,,,,0.53,6.0,0.53,6.0,16190000000.0,195.0610533989,16789000000.0,211.88928107,-599000000.0,-675.9615384615,,,,,-3000000.0,-102.9702970297,,,,,,,,,16792000000.0,217.9098826202,,,,,,,,,4324000000.0,653.6491677337,-568000000.0,-109.3682995217,,,,,,,213675000000.0,10.7945265145,214327000000.0,11.5751827249,-652000000.0,-185.2287581699,,,,,-3000000.0,-102.9702970297,,,-7528000000.0,-210.4298078334,,,20564000000.0,2827.3209549072,154000000.0,1825.0,,
601288.SH,601288,农业银行,10008271,银行,2022-06-30,中报,2022中报,058001001,2022-08-30,2023-08-30 00:00:00,CNY,362732000000,-0.7673641793,300177000000,5.9359747598,542731000000,9.98234952,242554000000,15.4392377471,49489000000,2.7808930426,56227000000,-2.1917998852,6738000000,-27.8354931991,8007000000,-27.2685984195,130000000.0,12.0689655172,4751000000.0,211.2907003982,-2346000000.0,-174.2170199304,2654000000,-89.0007874342,,,,,,,0.0,,206569000000,-2.7141457717,3399000000,6.6185696361,94411000000,5.2660333601,,,105529000000.0,9.7682498076,3213000000.0,-86.2191722067,,,,,,,,,156163000000,1.9307463856,515000000,-30.6864064603,,,629000000,53.4146341463,,,,,0.0,,156049000000,1.6354257578,27266000000,-11.2001302719,,,,,128783000000,4.8439751533,,,,,128752000000,5.2944928769,31000000.0,-94.4144144144,128788000000.0,5.5786462048,,,,,0.35,2.9411764706,0.35,2.9411764706,2854000000.0,285.8072916667,3055000000.0,297.6067270375,-201000000.0,-2110.0,,,,,34000000.0,-75.7142857143,,,,,,,,,3021000000.0,279.1814946619,,,,,,,,,2016000000.0,409.2024539877,-164000000.0,84.1392649903,,,,,,,131637000000.0,8.5245306974,131807000000.0,9.1732100851,-170000000.0,-130.0884955752,,,,,34000000.0,-75.7142857143,,,-8942000000.0,-635.4491017964,,,10111000000.0,473.9275147929,101000000.0,10000.0,,
601288.SH,601288,农业银行,10008271,银行,2022-03-31,一季报,2022一季报,058001001,2022-04-30,2023-04-29 00:00:00,CNY,185305000000,-4.703988645,150947000000,7.7330992349,267342000000,10.2400323287,116395000000,13.6703223727,31669000000,4.2738138356,35149000000,0.356898127,3480000000,-25.2095422308,1574000000,-78.7440918298,343000000.0,63.3333333333,-1650000000.0,48.0478589421,1549000000.0,296.1636828645,1216000000,-93.7154374903,,,,,,,0.0,,100101000000,-11.892229694,1564000000,4.6854082999,44304000000,1.9443613521,1000000.0,-66.6666666667,52882000000.0,5.2713301748,1350000000.0,-92.67180545,,,,,,,,,85204000000,5.3983176645,223000000,-0.8888888889,,,287000000,22.1276595745,,,,,0.0,,85140000000,5.3321786465,15008000000,2.4996585166,,,,,70132000000,5.9587840696,,,,,70321000000,6.7718376581,-189000000.0,-157.7981651376,70373000000.0,7.0100208324,,,,,0.2,11.1111111111,0.2,11.1111111111,-5929000000.0,-28.8352890048,-5815000000.0,-27.2150514111,-114000000.0,-267.7419354839,,,,,154000000.0,3950.0,,,,,,,,,-5969000000.0,-30.6984891614,,,,,,,,,-458000000.0,-5625.0,-52000000.0,95.8598726115,,,,,,,64203000000.0,4.249342383,64506000000.0,5.2471855115,-303000000.0,-202.3648648649,,,,,154000000.0,3950.0,,,-5848000000.0,,,,389000000.0,111.7771722676,51000000.0,,,
601288.SH,601288,农业银行,10008271,银行,2021-12-31,年报,2021年报,058001001,2022-03-31,2023-03-31 00:00:00,CNY,719915000000,9.4160596145,577987000000,6.0372900075,1008014000000,8.2800892009,430027000000,11.4484013342,80329000000,7.7590717017,98721000000,8.2870807099,18392000000,10.6551952349,27044000000,693.777516877,409000000.0,-21.0424710425,-4019000000.0,-235.4110512129,6894000000.0,121.2451861361,31680000000,9.8245857311,,,,,,,0.0,,424103000000,8.192300824,6606000000,13.6418372613,219308000000,14.0162621914,,,165886000000.0,0.7207086868,32189000000.0,11.2805088847,,,,,,,,,295812000000,11.2196442469,1964000000,23.9116719243,,,1896000000,-24.3415802075,,,,,0.0,,295880000000,11.631767591,53944000000,10.8818088386,,,,,241936000000,11.8003696858,,,,,241183000000,11.6975801783,753000000.0,58.5263157895,241148000000.0,11.402767191,,,,,0.65,10.1694915254,0.65,10.1694915254,7320000000.0,215.5120719583,7216000000.0,214.7582697201,104000000.0,312.2448979592,,,,,-167000000.0,-96.4705882353,,,,,,,,,7383000000.0,219.0230533613,,,,,,,,,-1724000000.0,33.46198379,,,,,,,,,249256000000.0,18.6577360125,248399000000.0,18.4900566217,857000000.0,101.1737089202,,,,,-167000000.0,-96.4705882353,,,6402000000.0,197.934832492,,,2705000000.0,-7.5213675214,11000000.0,1000.0,标准无保留意见,
601288.SH,601288,农业银行,10008271,银行,2021-09-30,三季报,2021三季报,058001001,2021-10-29,2022-10-29 00:00:00,CNY,544897000000,9.3634845578,429717000000,5.8575303186,748545000000,8.0603715841,318828000000,11.178605926,65476000000,6.5308645993,79229000000,8.6296017001,13753000000,19.872744705,20984000000,3581.4035087719,328000000.0,2150.0,-4577000000.0,-221.4058355438,4542000000.0,557.3082489146,28755000000,11.4016736402,,,,,,,0.0,,313951000000,5.3392520417,4667000000,17.7643199596,139360000000,7.7811893363,,,141616000000.0,1.8292682927,28295000000.0,10.6873215194,,,,,,,,,230946000000,15.3541851893,1163000000,46.4735516373,,,813000000,-31.2764158918,,,,,0.0,,231296000000,15.7539148321,43926000000,29.5522916298,,,,,187370000000,12.9340429507,,,,,186709000000,12.9276922612,661000000.0,14.7569444444,186377000000.0,12.6498960398,,,,,0.5,11.1111111111,0.5,11.1111111111,5487000000.0,159.7777535679,5383000000.0,158.081570997,104000000.0,16.8539325843,,,,,101000000.0,74.1379310345,,,,,,,,,5282000000.0,156.6373579241,,,,,,,,,-781000000.0,26.5286923801,6063000000.0,173.3752874259,,,,,,,192857000000.0,23.0488987571,192092000000.0,23.0830348504,765000000.0,15.037593985,,,,,101000000.0,74.1379310345,,,6817000000.0,,,,-754000000.0,,8000000.0,,,
601288.SH,601288,农业银行,10008271,银行,2021-06-30,中报,2021中报,058001001,2021-08-31,2022-08-30 00:00:00,CNY,365537000000,7.7733421391,283357000000,6.1226400608,493471000000,7.6434621568,210114000000,9.7648128219,48150000000,8.8430760884,57487000000,12.1259996099,9337000000,32.7787258248,11009000000,423.5086688216,116000000.0,5900.0,-4269000000.0,-139.3601327678,3161000000.0,394.3202979516,24129000000,11.9363518278,,,,,,,0.0,,212332000000,2.8192339354,3188000000,18.293135436,89688000000,7.3387907511,,,96138000000.0,-3.0114100663,23315000000.0,10.5762390325,,,,,,,,,153205000000,15.485218073,743000000,41.2547528517,,,410000000,-35.2290679305,,,,,0.0,,153538000000,15.8296556147,30705000000,31.4145088808,,,,,122833000000,12.49473395,,,,,122278000000,12.3527574104,555000000.0,55.8988764045,121983000000.0,12.146619963,,,,,0.34,13.3333333333,0.34,13.3333333333,-1536000000.0,-125.7372654155,-1546000000.0,-126.6184573003,10000000.0,-93.75,,,,,140000000.0,1066.6666666667,,,,,,,,,-1686000000.0,-129.0890269151,,,,,,,,,-652000000.0,-215.1943462898,-1034000000.0,-119.7705544933,,,,,,,121297000000.0,5.3309366262,120732000000.0,5.31218925,565000000.0,9.496124031,,,,,140000000.0,1066.6666666667,,,1670000000.0,,,,-2704000000.0,-171.3644761151,1000000.0,,,
601288.SH,601288,农业银行,10008271,银行,2021-03-31,一季报,2021一季报,058001001,2021-04-30,2022-04-30 00:00:00,CNY,194452000000,4.1487686523,140112000000,4.7582019918,242509000000,6.1973138551,102397000000,8.2317749897,30371000000,12.2357723577,35024000000,17.7871195561,4653000000,73.9439252336,7405000000,26346.4285714286,210000000.0,1054.5454545455,-3176000000.0,-128.4894151417,391000000.0,116.3188647746,19349000000,13.0330646104,,,,,,,0.0,,113612000000,7.9223345239,1494000000,12.3308270677,43459000000,2.3262932354,3000000.0,,50234000000.0,11.9994649068,18422000000.0,10.85569864,,,,,,,,,80840000000,-0.7294250559,225000000,30.0578034682,,,235000000,6.8181818182,,,,,0.0,,80830000000,-0.684384484,14642000000,-13.981905769,,,,,66188000000,2.8322846267,,,,,65861000000,2.6080047362,327000000.0,83.7078651685,65763000000.0,2.5639825949,,,,,0.18,0.0,0.18,0.0,-4602000000.0,-142.2783647221,-4571000000.0,-142.8799249531,-31000000.0,-113.7777777778,,,,,-4000000.0,96.9696969697,,,,,,,,,-4567000000.0,-142.3183839881,,,,,,,,,-8000000.0,-102.1857923497,-1256000000.0,-112.0468060618,,,,,,,61586000000.0,-18.1581395349,61290000000.0,-18.1129504189,296000000.0,-26.5508684864,,,,,-4000000.0,96.9696969697,,,,,,,-3303000000.0,-392.3008849558,,,,
601288.SH,601288,农业银行,10008271,银行,2020-12-31,年报,2020年报,058001001,2021-03-31,2022-03-31 00:00:00,CNY,657961000000,4.8931238322,545079000000,8.8264419909,930932000000,6.6188698261,385853000000,3.648695839,74545000000,2.2186570132,91166000000,3.2270483265,16621000000,8.0057183703,3407000000,-78.4898036492,518000000.0,1051.1111111111,2968000000.0,-69.2148117415,3116000000.0,39.7936294302,28846000000,11.9711202546,,,,,,,0.0,,391990000000,8.5956178334,5813000000,2.1976090014,192348000000,0.5877923273,,,164699000000.0,18.8261606724,28926000000.0,14.2056222363,,,,,,,,,265971000000,-0.125420101,1585000000,-12.527593819,,,2506000000,62.6216742375,,,,,0.0,,265050000000,-0.5724446312,48650000000,-9.3230448073,,,,,216400000000,1.6325073735,,,,,215925000000,1.8043545908,475000000.0,-42.4939467312,216465000000.0,2.2754655113,,,,,0.59,0.0,0.59,0.0,-6337000000.0,-154.1577642937,-6288000000.0,-154.9746459171,-49000000.0,-118.6311787072,,,,,-85000000.0,-129.8245614035,,,,,,,,,-6203000000.0,-155.6173226934,,,,,,,,,-2591000000.0,-447.3190348525,-3612000000.0,-134.7074084751,,,,,,,210063000000.0,-6.4828046745,209637000000.0,-6.217790423,426000000.0,-60.8815426997,,,,,-85000000.0,-129.8245614035,,,-6537000000.0,,,,2925000000.0,,1000000.0,,标准无保留意见,
601288.SH,601288,农业银行,10008271,银行,2020-09-30,三季报,2020三季报,058001001,2020-10-31,2021-10-29 00:00:00,CNY,498244000000,4.897669591,405939000000,12.6128725314,692710000000,8.3537722273,286771000000,2.8476030284,61462000000,-12.0174069886,72935000000,-9.6231769123,11473000000,5.8004426411,570000000,-94.2788316772,-16000000.0,63.6363636364,3770000000.0,-68.7474094338,691000000.0,243.659043659,25812000000,11.7112438328,,,,,,,0.0,,298038000000,15.3897974354,3963000000,-1.368840219,129299000000,0.4490331803,,,139072000000.0,33.5138196865,25563000000.0,19.5314691854,,,,,,,,,200206000000,-7.6084598949,794000000,-33.389261745,,,1183000000,110.1243339254,,,,,0.0,,199817000000,-8.0548678919,33906000000,-4.5734710534,,,,,165911000000,-8.7353059282,,,,,165335000000,-8.4883572903,576000000.0,-48.5714285714,165448000000.0,-8.2149831351,,,,,0.45,-11.7647058824,0.45,-11.7647058824,-9179000000.0,-192.1864015266,-9268000000.0,-194.9687467978,89000000.0,-55.0505050505,,,,,58000000.0,-66.2790697674,,,,,,,,,-9326000000.0,-197.2775633671,,,,,,,,,-1063000000.0,-207.0493454179,-8263000000.0,-196.1484756807,,,,,,,156732000000.0,-18.261468177,156067000000.0,-18.0449509006,665000000.0,-49.5447647951,,,,,58000000.0,-66.2790697674,,,,,,,,,,,,
601288.SH,601288,农业银行,10008271,银行,2020-06-30,中报,2020中报,058001001,2020-08-31,2021-08-31 00:00:00,CNY,339172000000,4.9486507477,267009000000,12.3623922704,458431000000,8.743743625,191422000000,4.0687623003,44238000000,-13.086701114,51270000000,-10.5173135996,7032000000,9.92652806,-3403000000,-160.95289271,-2000000.0,92.0,10846000000.0,23.5448228728,-1074000000.0,-264.471669219,21556000000,9.7947333571,,,,,,,0.0,,206510000000,15.9120121688,2695000000,-2.1067925899,83556000000,0.4121952099,,,99123000000.0,34.9071112623,21085000000.0,12.3454816709,,,,,,,,,132662000000,-8.5203216152,526000000,-58.3531274743,,,633000000,51.0739856802,,,,,0.0,,132555000000,-9.1230066775,23365000000,-0.5321413367,,,,,109190000000,-10.7720720426,,,,,108834000000,-10.3841245008,356000000.0,-61.5965480043,108771000000.0,-10.2756788861,,,,,0.3,-11.7647058824,0.3,-11.7647058824,5968000000.0,47.7959385835,5808000000.0,45.5639097744,160000000.0,233.3333333333,,,,,12000000.0,-93.9393939394,,,,,,,,,5796000000.0,52.8481012658,,,,,,,,,566000000.0,269.9346405229,5230000000.0,297.4164133739,,,,,,,115158000000.0,-8.9011945257,114642000000.0,-8.6044564914,516000000.0,-47.0769230769,,,,,12000000.0,-93.9393939394,,,,,,,3789000000.0,63.1080499354,,,,
601288.SH,601288,农业银行,10008271,银行,2020-03-31,一季报,2020一季报,058001001,2020-04-29,2021-04-30 00:00:00,CNY,186706000000,7.9032080957,133748000000,12.2866521706,228357000000,9.5431803246,94609000000,5.8858421936,27060000000,-7.3858580327,29735000000,-8.0834621329,2675000000,-14.5913154534,28000000,-99.3098348533,-22000000.0,-148.8888888889,11148000000.0,257.3076923077,-2396000000.0,-242.1958456973,17118000000,8.0818285137,,,,,,,0.0,,105272000000,6.580812376,1330000000,0.5291005291,42471000000,6.1536154365,,,44852000000.0,5.3704834845,16618000000.0,11.1943793911,,,,,,,,,81434000000,9.6621284962,173000000,-72.0967741935,,,220000000,2.3255813953,,,,,0.0,,81387000000,9.0043394407,17022000000,35.7091604879,,,,,64365000000,3.6123050176,,,,,64187000000,4.7933911283,178000000.0,-79.5402298851,64119000000.0,4.8655632605,,,,,0.18,5.8823529412,0.18,5.8823529412,10885000000.0,287.7805486284,10660000000.0,247.6842791911,225000000.0,186.8725868726,,,,,-132000000.0,-222.2222222222,,,,,,,,,10792000000.0,264.8411088573,,,,,,,,,366000000.0,149.931787176,10426000000.0,322.7899432279,,,,,,,75250000000.0,15.8976096599,74847000000.0,16.3720322776,403000000.0,-34.0425531915,,,,,-132000000.0,-222.2222222222,,,,,,,1130000000.0,-7.7551020408,,,,
601288.SH,601288,农业银行,10008271,银行,2019-12-31,年报,2019年报,058001001,2020-03-31,2021-03-31 00:00:00,CNY,627268000000,4.7912754683,500870000000,4.8371567314,873140000000,11.2671461558,372270000000,21.2748074693,72927000000,-6.6725534611,88316000000,-3.5061458618,15389000000,14.9805738195,15839000000,-11.6669455134,45000000.0,304.5454545455,9641000000.0,88.30078125,2229000000.0,192.9040735874,25762000000,36.4874172185,,,,,,,0.0,,360963000000,3.6142399504,5688000000,6.7166979362,191224000000,2.1495726496,,,138605000000.0,1.4328891231,25328000000.0,33.6993243243,,,,,,,,,266305000000,6.4300444416,1812000000,-54.0917152268,,,1541000000,-38.0875853757,,,,,0.0,,266576000000,5.9211519664,53652000000,9.3978753339,,,,,212924000000,5.079676851,,,,,212098000000,4.5935803297,826000000.0,643.4210526316,211649000000.0,4.6260090661,,,,,0.59,0.0,0.59,0.0,11701000000.0,-62.2146155585,11438000000.0,-62.2458410351,263000000.0,-60.8047690015,,,,,285000000.0,91.2751677852,,,,,,,,,11153000000.0,-63.0046107407,,,,,,,,,746000000.0,-50.4318936877,10407000000.0,-63.6652468403,,,,,,,224625000000.0,-3.841214394,223536000000.0,-4.0943199516,1089000000.0,109.8265895954,,,,,285000000.0,91.2751677852,,,,,,,,,,,标准无保留意见,
601288.SH,601288,农业银行,10008271,银行,2019-09-30,三季报,2019三季报,058001001,2019-10-26,2020-10-31 00:00:00,CNY,474981000000,3.8327853658,360473000000,1.4231250791,639304000000,10.434462661,278831000000,24.7655313132,69857000000,12.0185369295,80701000000,14.9865352008,10844000000,38.6523462473,9963000000,-21.2411067194,-44000000.0,-251.724137931,12063000000.0,24.9663317103,-481000000.0,-361.4130434783,23106000000,34.4622905028,,,,,,,0.0,,258288000000,3.8272761259,4018000000,3.8511243215,128721000000,2.6622428878,,,104163000000.0,1.6026141241,21386000000.0,26.1190068998,,,,,,,,,216693000000,3.8393528879,1192000000,-56.1442236939,,,563000000,-58.234421365,,,,,0.0,,217322000000,3.4615402926,35531000000,-7.1012105525,,,,,181791000000,5.8130194873,,,,,180671000000,5.2793818578,1120000000.0,480.310880829,180256000000.0,5.2343978049,,,,,0.51,0.0,0.51,0.0,9957000000.0,-48.8965304866,9759000000.0,-49.0737358451,198000000.0,-38.3177570093,,,,,172000000.0,-22.1719457014,,,,,,,,,9587000000.0,-49.3876042657,,,,,,,,,993000000.0,-40.6100478469,8594000000.0,-50.2374059062,,,,,,,191748000000.0,0.2404750951,190430000000.0,-0.1803180727,1318000000.0,156.420233463,,,,,172000000.0,-22.1719457014,,,,,,,,,,,,
601288.SH,601288,农业银行,10008271,银行,2019-06-30,中报,2019中报,058001001,2019-08-31,2020-08-31 00:00:00,CNY,323179000000,5.5099215807,237632000000,1.6246637558,421570000000,11.4397796423,183938000000,27.3270986633,50899000000,16.6418406398,57296000000,18.1458264599,6397000000,31.6526034163,5583000000,-41.175850806,-25000000.0,-516.6666666667,8779000000.0,99.7497155859,653000000.0,13160.0,19633000000,31.3156310615,,,,,,,0.0,,178161000000,7.7080726191,2753000000,4.0438397581,83213000000,1.8531438573,,,73475000000.0,10.6267973561,18768000000.0,28.3457566847,,,,,,,,,145018000000,2.9292147831,1263000000,-23.6396614268,,,419000000,-57.804632427,,,,,0.0,,145862000000,3.0448174522,23490000000,-8.1560838286,,,,,122372000000,5.5149341243,,,,,121445000000,4.8847472558,927000000.0,395.7219251337,121228000000.0,4.9529465747,,,,,0.34,-2.8571428571,0.34,-2.8571428571,4038000000.0,-60.0118835413,3990000000.0,-59.3064762876,48000000.0,-83.6177474403,,,,,198000000.0,63.6363636364,,,,,,,,,3792000000.0,-60.8426270136,,,,,,,,,153000000.0,-55.2631578947,1316000000.0,-85.9130807108,,,,,,,126410000000.0,0.2665101448,125435000000.0,-0.1265984044,975000000.0,103.125,,,,,198000000.0,63.6363636364,,,,,,,2323000000.0,,,,,
601288.SH,601288,农业银行,10008271,银行,2019-03-31,一季报,2019一季报,058001001,2019-04-27,2020-04-29 00:00:00,CNY,173031000000,11.0133769608,119113000000,1.3891608005,208463000000,10.9158432962,89350000000,26.7987398178,29218000000,24.9379970923,32350000000,26.1110244815,3132000000,38.2171226831,4057000000,29.2861695347,45000000.0,1400.0,3120000000.0,119.1011235955,1685000000.0,488.2488479263,15838000000,45.7037718491,,,,,,,0.0,,98772000000,15.277421162,1323000000,8.4426229508,40009000000,2.3745554106,,,42566000000.0,25.3341970438,14945000000.0,30.993075642,,,,,,,,,74259000000,5.8076742231,620000000,-54.9418604651,,,215000000,0.9389671362,,,,,0.0,,74664000000,4.6505760659,12543000000,1.9258898098,,,,,62121000000,5.218495935,,,,,61251000000,4.2818714247,870000000.0,186.1842105263,61144000000.0,4.4553778871,,,,,0.17,0.0,0.17,0.0,2807000000.0,-27.4489532179,3066000000.0,-12.8977272727,-259000000.0,-174.212034384,,,,,108000000.0,200.0,,,,,,,,,2958000000.0,-15.0975889782,,,,,,,,,-733000000.0,32.9981718464,2466000000.0,-46.1336828309,,,,,,,64928000000.0,3.2093977014,64317000000.0,3.3105242868,611000000.0,-6.4318529862,,,,,108000000.0,200.0,,,,,,,1225000000.0,,,,,
601288.SH,601288,农业银行,10008271,银行,2018-12-31,年报,2018年报,058001001,2019-03-30,2020-03-31 00:00:00,CNY,598588000000,11.4603912923,477760000000,8.1076188537,784724000000,9.9516743053,306964000000,12.950336499,78141000000,7.1848895107,91525000000,7.3518889945,13384000000,8.3373806055,17931000000,185.6164383562,-22000000.0,-257.1428571429,5120000000.0,128.1380523192,761000000.0,-93.0950004537,18875000000,-18.3077256005,,,,,,,0.0,,348372000000,15.4761786378,5330000000,7.6115485564,187200000000,5.7567369075,,,136647000000.0,,18944000000.0,-12.1091212768,,,,,,,,,250216000000,6.3129360379,3947000000,-32.7712485096,,,2489000000,42.1473443746,,,,,0.0,,251674000000,5.0927433835,49043000000,5.8215557234,,,,,202631000000,4.9178545355,,,,,202783000000,5.0896031343,-152000000.0,-188.8888888889,202291000000.0,4.9798905005,,,,,0.59,1.724137931,0.59,1.724137931,30967000000.0,221.3820947005,30296000000.0,221.5486459378,671000000.0,214.3100511073,,,,,149000000.0,,,,,,,,,,30147000000.0,220.9508525577,,,,,,,,,1505000000.0,190.8267954134,28642000000.0,,,,,,,,233598000000.0,39.360819945,233079000000.0,38.7069514452,519000000.0,224.7596153846,,,,,149000000.0,,,,,,,,,,30000000.0,,标准无保留意见,
601288.SH,601288,农业银行,10008271,银行,2018-09-30,三季报,2018三季报,058001001,2018-10-31,2019-10-26 00:00:00,CNY,457448000000,12.0125370357,355415000000,9.6080305927,578899000000,10.0342515225,223484000000,10.7189568388,62362000000,7.267316855,70183000000,5.5177183408,7821000000,-6.6260744986,12650000000,155.2461662631,29000000.0,262.5,9653000000.0,210.0558659218,184000000.0,-97.7879297908,17184000000,-20.037226617,,,,,0.0,,0.0,,248767000000,15.1102206263,3869000000,7.9821378733,125383000000,4.318055128,103200000000.0,44.0877930274,102520000000.0,,16957000000.0,-18.1335393231,0.0,,,,,,,,208681000000,8.5308771674,2718000000,-27.7703959607,,,1348000000,54.7646383467,,,,,0.0,,210051000000,7.6246349336,38247000000,9.1897910243,,,,,171804000000,7.2822869703,,,,,171611000000,7.2501718643,193000000.0,46.2121212121,171290000000.0,7.3010304758,,,,,0.51,4.0816326531,0.51,4.0816326531,19484000000.0,230.2493482185,19163000000.0,229.4097784981,321000000.0,312.582781457,,,,,221000000.0,,,,,,221000000.0,,,,18942000000.0,227.9173419773,,,,,,,,,1672000000.0,248.2269503546,17270000000.0,,,,,,,,191288000000.0,31.7564728653,190774000000.0,31.3852426275,514000000.0,2805.2631578947,,,,,221000000.0,,,,,,,,,,15000000.0,,,
601288.SH,601288,农业银行,10008271,银行,2018-06-30,中报,2018中报,058001001,2018-08-29,2019-08-31 00:00:00,CNY,306302000000,10.5971049239,233833000000,10.6519403946,378294000000,9.7777132908,144461000000,8.3915454279,43637000000,2.7599199341,48496000000,2.6109771063,4859000000,1.2924744632,9491000000,327.908025248,6000000.0,200.0,4395000000.0,264.8537134284,-5000000.0,-100.1163331782,14951000000,-22.5938389852,,,,,0.0,,0.0,,165411000000,14.1537038826,2646000000,9.746992949,81699000000,4.1986047164,65405000000.0,46.3297313019,66417000000.0,,14623000000.0,-24.5731675865,0.0,,,,,,,,140891000000,6.6943832307,1654000000,-30.152027027,,,993000000,-17.8660049628,,,,,0.0,,141552000000,6.2622926207,25576000000,4.2216788916,,,,,115976000000,6.7231066532,,,,,115789000000,6.6265781404,187000000.0,142.8571428571,115507000000.0,6.0533999302,,,,,0.35,6.0606060606,0.35,6.0606060606,10098000000.0,170.1006594932,9805000000.0,169.1906005222,293000000.0,225.2136752137,,,,,121000000.0,,,,121000000.0,,,,,,9684000000.0,168.3367440548,9342000000.0,,,,,,,,342000000.0,146.4043419267,9342000000.0,,,,,,,,126074000000.0,33.7442316873,125594000000.0,33.0134926182,480000000.0,405.7324840764,,,,,121000000.0,,,,,,,,,,2000000.0,,,
601288.SH,601288,农业银行,10008271,银行,2018-03-31,一季报,2018一季报,058001001,2018-04-28,2019-04-27 00:00:00,CNY,155865000000,5.038817155,117481000000,13.8315601806,187947000000,11.1513918541,70466000000,6.9530242088,23386000000,-8.1857799066,25652000000,-7.078171412,2266000000,6.1358313817,3138000000,290.7845579078,3000000.0,50.0,1424000000.0,6.3480209111,-434000000.0,-272.9083665339,10870000000,-37.2329368287,,,,,0.0,,0.0,,85682000000,6.3052109181,1220000000,16.3012392755,39081000000,1.7495899399,33972000000.0,43.7724829658,33962000000.0,,11409000000.0,-34.8541083766,0.0,,,,,,,,70183000000,3.5330737004,1376000000,26.3544536272,,,213000000,417.9104477612,,,,,0.0,,71346000000,3.4839870039,12306000000,-6.5248765667,,,,,59040000000,5.8462862368,,,,,58736000000,5.4316998743,304000000.0,340.5797101449,58536000000.0,5.7274451368,,,,,0.17,6.25,0.17,6.25,3869000000.0,142.4,3520000000.0,139.2900993414,349000000.0,310.2409638554,,,,,36000000.0,,,,36000000.0,,4578000000.0,,,,3484000000.0,138.88826878,,,,,,,,,-1094000000.0,-106.8052930057,4578000000.0,,,,,,,,62909000000.0,34.8415998628,62256000000.0,33.1650659879,653000000.0,773.1958762887,,,,,36000000.0,,,,,,,,,,,,,
601288.SH,601288,农业银行,10008271,银行,2017-12-31,年报,2017年报,058001001,2018-03-27,2019-03-30 00:00:00,CNY,537041000000,6.131229052,441930000000,11.0086811486,713699000000,8.5985787976,271769000000,4.8952857352,72903000000,-19.8295485787,85257000000,-15.4355825787,12354000000,24.9898826386,6278000000,404.7572815534,14000000.0,255.5555555556,-18196000000.0,-354.9530615104,11021000000.0,11345.9183673469,23105000000,92.5737622937,,,,,0.0,,0.0,,301683000000,7.1998891341,4953000000,-56.7385797886,177010000000,1.1410580928,98166000000.0,13.5575966499,,,21554000000.0,153.1892399859,0.0,,,,,,,,235358000000,4.7921814822,5871000000,43.0904216427,,,1751000000,-15.5737704918,,,,,0.0,,239478000000,5.6719500141,46345000000,8.8830936942,,,,,193133000000,4.9293708573,,,,,192962000000,4.9042899625,171000000.0,43.6974789916,192695000000.0,4.4666478727,,,,,0.58,5.4545454545,0.58,5.4545454545,-25512000000.0,-46.7894131185,-24925000000.0,-46.0763054563,-587000000.0,-85.1735015773,,,,,,,,,,,,,,,-24925000000.0,-46.0763054563,,,-23268000000.0,-23.4311177126,,,,,-1657000000.0,-192.6733780761,,,,,,,,,167621000000.0,0.5645548356,168037000000.0,0.6945193495,-416000000.0,-110.101010101,,,,,,,,,,,,,,,,,标准无保留意见,
601288.SH,601288,农业银行,10008271,银行,2017-09-30,三季报,2017三季报,058001001,2017-10-31,2018-10-31 00:00:00,CNY,408390000000,5.7583243991,324260000000,8.7679163829,526108000000,6.8971052273,201848000000,4.022840416,58137000000,-20.5138021083,66513000000,-15.3099812827,8376000000,55.2260934025,4956000000,18.1969949917,8000000.0,188.8888888889,-8771000000.0,-709.8799630656,8318000000.0,615.2192605331,21490000000,102.3731048121,,,,,0.0,,0.0,,216112000000,9.954362061,3583000000,-63.9682220434,120193000000,0.6708992227,71623000000.0,18.316676303,,,20713000000.0,210.2606351108,0.0,,,,,,,,192278000000,1.4087032652,3763000000,23.9051695752,,,871000000,20.6371191136,,,,,0.0,,195170000000,1.6923541856,35028000000,-7.2032214481,,,,,160142000000,3.8702772823,,,,,160010000000,3.7880262048,132000000.0,2540.0,159635000000.0,3.5978739836,,,,,0.49,4.2553191489,0.49,4.2553191489,-14959000000.0,-728.2654346913,-14808000000.0,-680.478243826,-151000000.0,11.1764705882,,,,,,,,,,,,,,,-14808000000.0,-680.478243826,,,-13680000000.0,-808.4412221647,,,,,-1128000000.0,-281.935483871,,,,,,,,,145183000000.0,-7.2644932165,145202000000.0,-7.3500041475,-19000000.0,88.4848484848,,,,,,,,,,,,,,,,,,
601288.SH,601288,农业银行,10008271,银行,2017-06-30,中报,2017中报,058001001,2017-08-31,2018-08-29 00:00:00,CNY,276953000000,6.3628857269,211323000000,6.2154133808,344600000000,4.5002426007,133277000000,1.8913939283,42465000000,-16.9112467715,47262000000,-13.1947250487,4797000000,43.7088076693,2218000000,48.0640854473,2000000.0,166.6666666667,-2666000000.0,-226.3157894737,4298000000.0,556.1832061069,19315000000,114.9933214604,,,,,0.0,,0.0,,144902000000,11.3380357445,2411000000,-73.4207915335,78407000000,0.2723994168,44697000000.0,21.6741527154,,,19387000000.0,215.4409371949,0.0,,,,,,,,132051000000,1.3912883238,2368000000,11.9092627599,,,1209000000,34.6325167038,,,,,0.0,,133210000000,1.3335159025,24540000000,-7.0665757782,,,,,108670000000,3.4449933842,,,,,108593000000,3.2763343097,77000000.0,179.381443299,108914000000.0,3.3859530884,,,,,0.33,3.125,0.33,3.125,-14405000000.0,-429.7903641045,-14171000000.0,-460.1185770751,-234000000.0,-23.8095238095,,,,,,,,,,,,,,,-14171000000.0,-460.1185770751,,,-13434000000.0,-370.87276551,,,,,-737000000.0,-328.173374613,,,,,,,,,94265000000.0,-7.8831646015,94422000000.0,-7.9869028825,-157000000.0,45.1048951049,,,,,,,,,,,,,,,,,,
601288.SH,601288,农业银行,10008271,银行,2017-03-31,一季报,2017一季报,058001001,2017-04-29,2018-04-28 00:00:00,CNY,148388000000,7.4917056633,103206000000,1.4768347361,169091000000,0.2632718044,65885000000,-1.5804490387,25471000000,-11.9199114738,27606000000,-8.9722029874,2135000000,51.5259048971,803000000,4.0155440415,2000000.0,200.0,1339000000.0,149.5192307692,251000000.0,-88.8394842152,17318000000,143.6752497538,,,,,0.0,,0.0,,80600000000,16.5379832856,1049000000,-85.8032210042,38409000000,-0.4251678635,23629000000.0,30.0583443417,,,17513000000.0,248.0325914149,0.0,,,,,,,,67788000000,-1.5910806573,1089000000,10.8961303462,,,-67000000,-108.4810126582,,,,,0.0,,68944000000,-0.1910938676,13165000000,-9.2569616763,,,,,55779000000,2.2192493769,,,,,55710000000,1.868782914,69000000.0,157.5,55365000000.0,0.5776881574,,,,,0.16,0.0,0.16,0.0,-9125000000.0,-687.9965457686,-8959000000.0,-816.0531697342,-166000000.0,7.7777777778,,,,,,,,,,,,,,,-8959000000.0,-816.0531697342,,,-8430000000.0,-4801.1627906977,,,,,-529000000.0,34.3672456576,,,,,,,,,46654000000.0,-12.6493166074,46751000000.0,-12.9566188792,-97000000.0,67.6666666667,,,,,,,,,,,,,,,,,,
601288.SH,601288,农业银行,10008271,银行,2016-12-31,年报,2016年报,058001001,2017-03-29,2018-03-27 00:00:00,CNY,506016000000,-5.6236105101,398104000000,-8.7210528729,657190000000,-9.4521440686,259086000000,-10.5529720044,90935000000,10.1588147646,100819000000,11.4095962163,9884000000,24.4052863436,-2060000000,-343.4988179669,-9000000.0,40.0,7137000000.0,35.0425733207,-98000000.0,-103.4482758621,11998000000,41.0533740889,,,,,0.0,,0.0,,281421000000,-7.2127320745,11449000000,-60.622527945,175013000000,-1.9221824336,86446000000.0,2.701610987,,,8513000000.0,-26.6563280779,0.0,,,,,,,,224595000000,-3.5538989398,4103000000,-12.3103227185,,,2074000000,-69.012401016,,,,,0.0,,226624000000,-1.8336026198,42564000000,-15.01307829,,,,,184060000000,1.8177392767,,,,,183941000000,1.8600967981,119000000.0,-38.0208333333,184456000000.0,0.1406103248,,,,,0.55,0.0,0.55,0.0,-17380000000.0,-186.5882821841,-17063000000.0,-185.3107344633,-317000000.0,-546.4788732394,,,,,,,,,,,,,,,-17063000000.0,-185.3107344633,,,-18851000000.0,-197.6179379628,,,,,1788000000.0,159.1304347826,,,,,,,,,166680000000.0,-17.0110432869,166878000000.0,-16.8035177458,-198000000.0,-175.2851711027,,,,,,,,,,,,,,,,,标准无保留意见,
601288.SH,601288,农业银行,10008271,银行,2016-09-30,三季报,2016三季报,058001001,2016-10-29,2017-10-31 00:00:00,CNY,386154000000,-5.1861636826,298121000000,-9.3140475756,492163000000,-10.2203615535,194042000000,-11.5780359991,73141000000,9.8015372606,78537000000,11.0408890397,5396000000,31.0981535471,4193000000,3453.3898305085,-9000000.0,-80.0,-1083000000.0,-143.8284095508,1163000000.0,-59.6180555556,10619000000,64.5081332301,,,,,0.0,,0.0,,196547000000,-7.0528371662,9944000000,-55.1809618245,119392000000,-3.5559073945,60535000000.0,5.5260176066,,,6676000000.0,-17.7325939618,0.0,,,,,,,,189607000000,-3.1703393509,3037000000,5.8926080893,,,722000000,-56.6886622675,,,,,0.0,,191922000000,-2.5855768059,37747000000,-13.5155569812,,,,,154175000000,0.5248744865,,,,,154170000000,0.6265909536,5000000.0,-96.875,154091000000.0,0.1520892777,,,,,0.47,0.0,0.47,0.0,2381000000.0,-71.3718889022,2551000000.0,-69.5802528023,-170000000.0,-146.3768115942,,,,,,,,,,,,,,,2551000000.0,-69.5802528023,,,1931000000.0,-76.0570365778,,,,,620000000.0,93.1464174455,,,,,,,,,156556000000.0,-3.1734153024,156721000000.0,-3.0167825936,-165000000.0,-281.3186813187,,,,,,,,,,,,,,,,,,
601288.SH,601288,农业银行,10008271,银行,2016-06-30,中报,2016中报,058001001,2016-08-27,2017-08-31 00:00:00,CNY,260385000000,-5.0199345607,198957000000,-9.3561070285,329760000000,-9.3642635297,130803000000,-9.3766671055,51108000000,7.2728417606,54446000000,8.5446570973,3338000000,32.6181962654,1498000000,-43.2790609618,-3000000.0,,-817000000.0,-339.247311828,655000000.0,13200.0,8984000000,96.9743477308,,,,,,,0.0,,130146000000,-7.9218638348,9071000000,-39.7635965204,78194000000,-3.53922258,36735000000.0,-6.5766384375,,,6146000000.0,4.1694915254,,,,,,,,,130239000000,-1.9314177284,2116000000,-2.1276595745,,,898000000,212.8919860627,,,,,0.0,,131457000000,-2.3923551556,26406000000,-12.3161215341,,,,,105051000000,0.4657434681,,,,,105148000000,0.7985428749,-97000000.0,-138.9558232932,105347000000.0,1.1803914789,,,,,0.32,0.0,0.32,0.0,-2719000000.0,-167.6704828273,-2530000000.0,-161.6171456405,-189000000.0,-114.7727272727,,,,,,,,,,,,,,,-2530000000.0,-161.6171456405,,,-2853000000.0,-168.0095351609,,,,,323000000.0,462.9213483146,,,,,,,,,102332000000.0,-5.7560184929,102618000000.0,-5.3522841516,-286000000.0,-277.6397515528,,,,,,,,,,,,,,,,,,
601288.SH,601288,农业银行,10008271,银行,2016-03-31,一季报,2016一季报,058001001,2017-04-29,2017-04-29 00:00:00,CNY,138046000000,-1.001843047,101704000000,-7.0704117249,168647000000,-6.3800377484,66943000000,-5.3113242242,28918000000,7.1910445548,30327000000,8.3687689834,1409000000,39.9205561072,772000000,-55.8857142857,-2000000.0,,-2704000000.0,-192.0086393089,2249000000.0,1495.0354609929,7107000000,245.3352769679,,,,,,,0.0,,69162000000,-1.769685263,7389000000,-3.4748530372,38573000000,-4.1116662938,18168000000.0,-9.5579450418,,,5032000000.0,106.3986874487,,,,,,,,,68884000000,-0.2187296299,982000000,-18.1666666667,,,790000000,2157.1428571429,,,,,0.0,,69076000000,-1.6011396011,14508000000,-8.6455512877,,,,,54568000000,0.458403137,,,,,54688000000,1.056988691,-120000000.0,-159.1133004926,55047000000.0,2.1090706733,,,,,0.16,-5.8823529412,0.16,-5.8823529412,-1158000000.0,15.6591405681,-978000000.0,33.2423208191,-180000000.0,-295.652173913,,,,,,,,,,,,,,,-978000000.0,33.2423208191,,,-172000000.0,85.7142857143,,,,,-806000000.0,-208.8122605364,,,,,,,,,53410000000.0,0.8763645979,53710000000.0,2.011357809,-300000000.0,-201.6949152542,,,,,,,,,,,,,,,,,,
601288.SH,601288,农业银行,10008271,银行,2015-12-31,年报,2015年报,058001001,2016-04-01,2017-03-29 00:00:00,CNY,536168000000,2.9393807909,436140000000,1.4536242908,725793000000,3.790135409,289653000000,7.5186155799,82549000000,3.0278446888,90494000000,2.9709955281,7945000000,2.3840206186,846000000,-55.1669316375,-15000000.0,,5285000000.0,183.9871037077,2842000000.0,-2.5042881647,8506000000,103.4441521167,,,,,0.0,,0.0,,303297000000,4.6161965272,29075000000,0.6752077562,178443000000,-0.8605938042,84172000000.0,23.8351649968,,,11607000000.0,-11.2003672252,0.0,,,,,,,,232871000000,0.8344014133,4679000000,43.17625459,,,6693000000,242.3529411765,,,,,0.0,,230857000000,-0.6027805405,50083000000,-5.0505242004,,,,,180774000000,0.7041390452,,,,,180582000000,0.6246482523,192000000.0,291.8367346939,184197000000.0,2.4865352088,,,,,0.55,0.0,0.55,0.0,20072000000.0,-23.1458437033,20001000000.0,-23.1971430766,71000000.0,-5.3333333333,,,,,,,,,,,,,,,20001000000.0,-23.1971430766,,,19311000000.0,-25.4113557358,,,,,690000000.0,353.9473684211,,,,,,,,,200846000000.0,-2.3250837682,200583000000.0,-2.3941256332,263000000.0,112.0967741935,,,,,,,,,,,,,,,,,标准无保留意见,
601288.SH,601288,农业银行,10008271,银行,2015-09-30,三季报,2015三季报,058001001,2016-10-29,2016-10-29 00:00:00,CNY,407276000000,3.3784641314,328740000000,3.4446951317,548190000000,5.9572568128,219450000000,9.9581111957,66612000000,1.0497572816,70728000000,0.6761277098,4116000000,-5.0080775444,118000000,145.3846153846,-5000000.0,,2471000000.0,-33.6644295302,2880000000.0,44.7236180905,6455000000,34.5352230096,,,,,0.0,,0.0,,211461000000,6.9453997411,22187000000,2.1594990331,123794000000,2.0291431774,57365000000.0,27.418315897,,,8115000000.0,-15.9676918298,0.0,,,,,,,,195815000000,-0.2155545817,2868000000,60.7623318386,,,1667000000,121.9707057257,,,,,0.0,,197016000000,-0.1292638046,43646000000,-2.5018987625,,,,,153370000000,0.5671945182,,,,,153210000000,0.5057760809,160000000.0,142.4242424242,153857000000.0,0.9971248146,,,,,0.47,0.0,0.47,0.0,8317000000.0,-56.5464994775,8386000000.0,-56.0159446134,-69000000.0,-193.2432432432,,,,,,,,,,,,,,,8386000000.0,-56.0159446134,,,8065000000.0,-57.4541042414,,,,,321000000.0,191.8181818182,,,,,,,,,161687000000.0,-5.8015089283,161596000000.0,-5.7776741203,91000000.0,-35.0,,,,,,,,,,,,,,,,,,
601288.SH,601288,农业银行,10008271,银行,2015-06-30,中报,2015中报,058001001,2016-08-27,2016-08-27 00:00:00,CNY,274147000000,2.8173345585,219493000000,4.8009434773,363830000000,7.6955409789,144337000000,12.4172469118,47643000000,-0.4284400602,50160000000,-0.5570864971,2517000000,-2.9309679907,2641000000,255.9952746604,,,-186000000.0,-103.6838978015,-5000000.0,-100.6784260516,4561000000,-13.2229832572,,,,,,,0.0,,141343000000,7.0439708578,15059000000,4.1640727675,81063000000,2.3148089715,39321000000.0,35.8754621791,,,5900000000.0,-37.3473505363,,,,,,,,,132804000000,-1.3291924543,2162000000,69.7017268446,,,287000000,1.4134275618,,,,,0.0,,134679000000,-0.6674828888,30115000000,-4.4483929308,,,,,104564000000,0.4775769456,,,,,104315000000,0.2720316826,249000000.0,611.4285714286,104118000000.0,0.2657884093,,,,,0.32,0.0,0.32,0.0,4018000000.0,-75.8272169414,4106000000.0,-75.2127980682,-88000000.0,-254.3859649123,,,,,,,,,,,,,,,4106000000.0,-75.2127980682,,,4195000000.0,-74.4783111273,,,,,-89000000.0,-169.53125,,,,,,,,,108582000000.0,-10.0315687428,108421000000.0,-10.0964368931,161000000.0,75.0,,,,,,,,,,,,,,,,,,
601288.SH,601288,农业银行,10008271,银行,2015-03-31,一季报,2015一季报,058001001,2016-04-29,2016-04-29 00:00:00,CNY,139443000000,2.4562821455,109442000000,6.1080840007,180140000000,8.9407097414,70698000000,13.636802006,26978000000,0.3384535277,27985000000,-0.0285785732,1007000000,-8.9511754069,1750000000,182.1596244131,,,-926000000.0,-122.2649675403,141000000.0,42.4242424242,2058000000,-47.8062389044,,,,,0.0,,0.0,,70408000000,6.3324020237,7655000000,5.5425341238,40227000000,2.4030751216,20088000000.0,50.5847076462,,,2438000000.0,-61.5396750276,,,,,0.0,,,,69035000000,-1.216283895,1200000000,109.0592334495,,,35000000,-76.3513513514,,,0.0,,0.0,,70200000000,-0.1578700346,15881000000,-5.4083030556,,,,,54319000000,1.489107283,,,,,54116000000,1.2839228898,203000000.0,120.652173913,53910000000.0,1.0136970901,,,,,0.17,6.25,0.17,6.25,-1373000000.0,-119.365303244,-1465000000.0,-120.6512545813,92000000.0,2400.0,0.0,,0.0,,0.0,,0.0,,,,,,,,-1465000000.0,-120.6512545813,,,-1204000000.0,-117.2196796339,,,,,-261000000.0,-355.8823529412,0.0,,0.0,,0.0,,0.0,,52946000000.0,-12.6476605293,52651000000.0,-13.0080629172,295000000.0,235.2272727273,,,,,,,,,,,,,,,,,,
601288.SH,601288,农业银行,10008271,银行,2014-12-31,年报,2014年报,058001001,2015-03-25,2016-04-01 00:00:00,CNY,520858000000,12.5875168873,429891000000,14.2713223215,699289000000,14.0050930575,269398000000,13.5828182577,80123000000,-3.6647389114,87883000000,-2.0223641816,7760000000,18.9089794667,1887000000,-49.9336694083,0.0,-100.0,1861000000.0,189.2994241843,2915000000.0,834.2948717949,4181000000,233.1474103586,,,,,0.0,,0.0,,289914000000,15.7576991723,28880000000,6.0750752957,179992000000,7.176372514,67971000000.0,28.271371957,,,13071000000.0,470.039249891,0.0,,,,,,,,230944000000,8.8454867657,3268000000,3.8779402416,,,1955000000,70.2961672474,,,,,0.0,,232257000000,8.4431350211,52747000000,9.9743552322,,,,,179510000000,8.0012754872,,,,,179461000000,7.9042780266,49000000.0,147.1153846154,179728000000.0,8.4927471493,,,,,0.55,7.8431372549,0.55,7.8431372549,26117000000.0,217.6653451072,26042000000.0,217.348594088,75000000.0,1975.0,,,,,,,,,,,,,,,26042000000.0,217.348594088,,,25890000000.0,218.3759315989,,,,,152000000.0,147.3520249221,,,,,,,,,205627000000.0,42.7816546887,205503000000.0,42.5886222185,124000000.0,214.8148148148,,,,,,,,,,,,,,,,,标准无保留意见,
601288.SH,601288,农业银行,10008271,银行,2014-09-30,三季报,2014三季报,058001001,2015-10-24,2015-10-24 00:00:00,CNY,393966000000,12.1320881992,317793000000,15.2994659391,517369000000,14.4254608588,199576000000,13.0607689737,65920000000,-2.0068381151,70253000000,-1.2273992633,4333000000,12.3703319502,-260000000,-103.835373949,,,3725000000.0,198.544973545,1990000000.0,561.716937355,4798000000,-18.3874808641,,,,,0.0,,0.0,,197728000000,14.1708914115,21718000000,5.151544495,121332000000,5.3576700648,45021000000.0,43.0009846584,,,9657000000.0,64.039408867,,,,,0.0,,,,196238000000,10.1501501502,1784000000,15.0225660864,,,751000000,-38.0873866447,,,0.0,,0.0,,197271000000,10.520300516,44766000000,10.6535495353,,,,,152505000000,10.4812477814,,,,,152439000000,10.4726497956,66000000.0,34.693877551,152338000000.0,10.6166994634,,,,,0.47,11.9047619048,0.47,11.9047619048,19140000000.0,295.5255899479,19066000000.0,,74000000.0,,,,,,,,,,,,,,,,19066000000.0,,,,18956000000.0,,,,,,110000000.0,,,,,,,,,,171645000000.0,33.8383444576,171505000000.0,33.7896871831,140000000.0,141.3793103448,,,,,,,,,,,,,,,,,,
601288.SH,601288,农业银行,10008271,银行,2014-06-30,中报,2014中报,058001001,2015-08-28,2015-08-28 00:00:00,CNY,266635000000,13.4819840142,209438000000,16.3531516316,337832000000,13.9541865258,128394000000,10.246348563,47848000000,0.5273441603,50441000000,1.448080288,2593000000,22.0809792844,-1693000000,-149.589923843,,,5049000000.0,923.6541598695,737000000.0,189.0196078431,5256000000,22.1473390658,,,,,0.0,,0.0,,132042000000,14.2054005432,14457000000,5.8578018599,79229000000,5.4165890524,28939000000.0,28.7837657425,,,9417000000.0,117.3822714681,,,,,0.0,,,,134593000000,12.7811295458,1274000000,17.3112338858,,,283000000,-69.3722943723,,,0.0,,0.0,,135584000000,13.4575153554,31517000000,16.2216977653,,,,,104067000000,12.6461291999,,,,,104032000000,12.6472626473,35000000.0,9.375,103842000000.0,12.8165571188,,,,,0.32,14.2857142857,0.32,14.2857142857,16622000000.0,1091.1747167561,16565000000.0,,57000000.0,,,,,,,,,,,,,,,,16565000000.0,,,,16437000000.0,,,,,,128000000.0,,,,,,,,,,120689000000.0,33.0536783269,120597000000.0,32.9874397627,92000000.0,283.3333333333,,,,,,,,,,,,,,,,,标准无保留意见,
601288.SH,601288,农业银行,10008271,银行,2014-03-31,一季报,2014一季报,058001001,2015-04-29,2015-04-29 00:00:00,CNY,136100000000,14.0525094066,103142000000,15.5160827883,165356000000,13.3242869087,62214000000,9.8682583972,26887000000,3.4473471586,27993000000,5.0433412136,1106000000,68.085106383,-2130000000,-219.7301854975,,,4159000000.0,4936.0465116279,99000000.0,151.832460733,3943000000,54.6274509804,,,,,0.0,,0.0,,66215000000,13.3023048887,7253000000,2.5014132278,39283000000,7.6718561561,13340000000.0,7.2174891497,,,6339000000.0,159.901599016,,,,,0.0,,,,69885000000,14.7725406471,574000000,12.5490196078,,,148000000,-78.1065088757,,,0.0,,0.0,,70311000000,15.7878268889,16789000000,22.7894390404,,,,,53522000000,13.7531614631,,,,,53430000000,13.6542511327,92000000.0,130.0,53369000000.0,14.290303238,,,,,0.16,14.2857142857,0.16,14.2857142857,7090000000.0,270.4284221526,7094000000.0,,-4000000.0,,0.0,,0.0,,0.0,,0.0,,,,,,,,7094000000.0,,,,6992000000.0,,,,,,102000000.0,,0.0,,0.0,,0.0,,0.0,,60612000000.0,23.7863780251,60524000000.0,23.7077158917,88000000.0,120.0,,,,,,,,,,,,,,,,,,
601288.SH,601288,农业银行,10008271,银行,2013-12-31,年报,2013年报,058001001,2014-03-26,2015-03-25 00:00:00,CNY,462625000000,9.6361300964,376202000000,10.0395169051,613384000000,8.3596702134,237182000000,5.7979159976,83171000000,11.125808348,89697000000,14.1575350311,6526000000,75.0067042102,3769000000,7952.0833333333,309000000.0,1717.6470588235,-2084000000.0,-174.3754461099,312000000.0,-78.9615643965,1255000000,25.0,,,,,0.0,,0.0,,250449000000,6.5772171937,27226000000,7.2988098053,167940000000,8.257590408,52990000000.0,-2.2955655942,,,2293000000.0,802.7559055118,0.0,,,,,,,,212176000000,13.4807002155,3146000000,4.8666666667,,,1148000000,-43.8356164384,,,,,0.0,,214174000000,13.9665934113,47963000000,12.0735582765,,,,,166211000000,14.5248086212,,,,,166315000000,14.6256909314,-104000000.0,-381.0810810811,165659000000.0,15.0953227913,,,,,0.51,13.3333333333,0.51,13.3333333333,-22196000000.0,-922.8571428571,-22192000000.0,-922.6728110599,-4000000.0,,,,,,,,,,,,,,,,-22192000000.0,-922.6728110599,,,-21871000000.0,-882.9662921348,,,,,-321000000.0,-683.6363636364,,,,,,,,,144015000000.0,0.7372640091,144123000000.0,0.8389073913,-108000000.0,-391.8918918919,,,,,,,,,,,,,,,,,标准无保留意见,
601288.SH,601288,农业银行,10008271,银行,2013-09-30,三季报,2013三季报,058001001,2014-10-31,2014-10-31 00:00:00,CNY,351341000000,11.0320700814,275624000000,8.7124065711,452145000000,7.2755528139,176521000000,5.1064336539,67270000000,15.7632077095,71126000000,18.0103200544,3856000000,78.4359093012,6779000000,596.9941348974,,,-3780000000.0,-212.600536193,-431000000.0,-122.9011689692,5879000000,544.6271929825,,,,,0.0,,0.0,,173186000000,6.3397621284,20654000000,8.5167866337,115162000000,4.6936790334,31483000000.0,-6.3591207876,,,5887000000.0,2730.2884615385,,,,,0.0,,,,178155000000,16.0082307206,1551000000,1.4388489209,,,1213000000,862.6984126984,,,0.0,,0.0,,178493000000,15.1760940545,40456000000,16.0561117645,,,,,138037000000,14.9207009949,,,,,137988000000,14.9105202235,49000000.0,53.125,137717000000.0,15.7947398513,,,,,0.42,13.5135135135,0.42,13.5135135135,-9789000000.0,-3163.0,,,,,,,,,,,,,,,,,,,,,,,,,,,,,,,,,,,,,,,128248000000.0,7.0383507908,128190000000.0,7.0185251663,58000000.0,81.25,,,,,,,,,,,,,,,,,,
601288.SH,601288,农业银行,10008271,银行,2013-06-30,中报,2013中报,058001001,2013-08-29,2014-08-27 00:00:00,CNY,234958000000,11.956734091,180002000000,7.2474648173,296463000000,6.3231623343,116461000000,4.925491468,47597000000,22.2661768861,49721000000,23.8504458726,2124000000,74.527526705,3414000000,777.6349614396,304000000.0,,-613000000.0,-150.6611570248,255000000.0,-74.0853658537,4303000000,735.5339805825,,,,,0.0,,0.0,,115618000000,8.8517737441,13657000000,8.9161815137,75158000000,6.195865655,22471000000.0,-1.3217987002,,,4332000000.0,3181.8181818182,0.0,,,,0.0,,,,119340000000,15.1385927505,1086000000,3.7249283668,,,924000000,33.1412103746,,,0.0,,0.0,,119502000000,14.9035595469,27118000000,15.4940374787,,,,,92384000000,14.7313777601,,,,,92352000000,14.7244065144,32000000.0,39.1304347826,92045000000.0,14.7164026571,,,,,0.28,12.0,0.28,12.0,-1677000000.0,-141.1634756996,,,,,,,,,,,,,,,,,,,,,,,,,,,,,,,,,,,,,,,90707000000.0,7.2237458036,90683000000.0,7.2245279226,24000000.0,4.347826087,,,,,,,,,,,,,,,,,,
601288.SH,601288,农业银行,10008271,银行,2013-03-31,一季报,2013一季报,058001001,2014-04-26,2014-04-26 00:00:00,CNY,119331000000,11.5201300886,89288000000,4.0228345081,145914000000,6.364491227,56626000000,10.2788813586,25991000000,22.19558063,26649000000,21.6960453009,658000000,4.7770700637,1779000000,190.0303643725,305000000.0,,-86000000.0,-111.3157894737,-191000000.0,-129.84375,2550000000,436.8421052632,,,,,,,0.0,,58441000000,13.9045354435,7076000000,12.2818152967,36484000000,6.5693004235,12442000000.0,15.922854747,,,2439000000.0,6491.8918918919,,,,,,,,,60890000000,9.3236619567,510000000,1.593625498,,,676000000,956.25,,,,,0.0,,60724000000,8.1749354235,13673000000,7.8737672584,,,,,47051000000,8.2627703636,,,,,47011000000,8.1856676025,40000000.0,566.6666666667,46696000000.0,8.275558235,,,,,0.14,7.6923076923,0.14,,1914000000.0,160.0543478261,,,,,,,,,,,,,,,,,,,,,,,,,,,,,,,,,,,,,,,48965000000.0,10.7905692823,48925000000.0,10.7150939126,40000000.0,566.6666666667,,,,,,,,,,,,,,,,,,
601288.SH,601288,农业银行,10008271,银行,2012-12-31,年报,2012年报,058001001,2013-03-27,2014-03-26 00:00:00,CNY,421964000000,11.7101852906,341879000000,11.2890992484,566063000000,19.695044204,224184000000,35.2771508913,74844000000,8.864,78573000000,9.8554331413,3729000000,34.4268204758,-48000000,97.7559607293,17000000.0,-82.2916666667,2802000000.0,585.0855745721,1483000000.0,-44.7877885331,1004000000,21.5496368039,,,,,0.0,,0.0,,234993000000,6.3350422864,25374000000,19.6491724431,155130000000,14.4355677518,54235000000.0,-15.5546905411,,,254000000.0,,0.0,,,,,,,,186971000000,19.2888769794,3000000000,48.1481481481,,,2044000000,263.7010676157,,,,,0.0,,187927000000,18.7900202906,42796000000,18.0742171334,,,,,145131000000,19.002755092,,,,,145094000000,19.0007135417,37000000.0,27.5862068966,143932000000.0,19.2210524572,,,,,0.45,18.4210526316,0.45,,-2170000000.0,-169.064290261,-2170000000.0,,,,,,,,,,,,,,,,,,-2170000000.0,,,,-2225000000.0,,,,,,55000000.0,,,,,,,,,,142961000000.0,14.2792051032,142924000000.0,14.276119582,37000000.0,27.5862068966,,,,,,,,,,,,,,,,,标准无保留意见,
601288.SH,601288,农业银行,10008271,银行,2012-09-30,三季报,2012三季报,058001001,2013-10-31,2013-10-31 00:00:00,CNY,316432000000,13.3449866751,253535000000,13.5075482173,421480000000,23.9399178988,167945000000,43.9068069646,58110000000,5.9937253757,60271000000,6.6648969118,2161000000,28.5544318858,-1364000000,32.5753830944,12000000.0,-88.2352941176,3357000000.0,567.3956262425,1882000000.0,-5.4746358614,912000000,76.4023210832,,,,,,,0.0,,162861000000,9.0983996409,19033000000,21.5001595914,109999000000,19.3371304584,33621000000.0,-18.8662853833,,,208000000.0,,,,,,,,,,153571000000,18.2252092042,1529000000,120.9537572254,,,126000000,255.5555555556,,,,,0.0,,154974000000,18.5995255223,34859000000,16.6086840169,,,,,120115000000,19.1900849409,,,,,120083000000,19.1808013339,32000000.0,68.4210526316,118932000000.0,18.7194921091,,,,,0.37,19.3548387097,0.37,,-300000000.0,93.9246658566,,,,,,,,,,,,,,,,,,,,,,,,,,,,,,,,,,,,,,,119815000000.0,25.0182599804,119783000000.0,25.0096536178,32000000.0,68.4210526316,,,,,,,,,,,,,,,,,,
601288.SH,601288,农业银行,10008271,银行,2012-06-30,中报,2012中报,058001001,2012-08-30,2013-08-29 00:00:00,CNY,209865000000,13.9592089401,167838000000,15.9662820424,278832000000,28.522438143,110994000000,53.6844728753,38929000000,4.8281990521,40146000000,5.1603101425,1217000000,17.0192307692,389000000,165.2684563758,,,1210000000.0,1.7661900757,984000000.0,-27.8063096112,515000000,53.2738095238,,,,,0.0,-100.0,0.0,,106216000000,7.1633237822,12539000000,23.0520117763,70773000000,15.5873850626,22772000000.0,-17.7817092104,,,132000000.0,,0.0,,,,,,,,103649000000,21.8797770513,1047000000,120.4210526316,,,694000000,575.3424657534,,,,,0.0,,104002000000,21.4083093051,23480000000,23.6831015592,,,,,80522000000,20.760659278,,,,,80499000000,20.7478962605,23000000.0,91.6666666667,80237000000.0,21.1947738086,,,,,0.25,19.0476190476,0.25,,4074000000.0,318.211033744,,,,,,,,,,,,,,,,,,,,,,,,,,,,,,,,,,,,,,,84596000000.0,30.5252113806,84573000000.0,30.5138888889,23000000.0,91.6666666667,,,,,,,,,,,,,,,,,,
601288.SH,601288,农业银行,10008271,银行,2012-03-31,一季报,2012一季报,058001001,2012-04-28,2013-04-27 00:00:00,CNY,107004000000,19.4827817232,85835000000,21.7017113528,137183000000,32.9550300446,51348000000,57.2631772381,21270000000,19.8377373373,21898000000,19.4979536153,628000000,9.0277777778,-1976000000,-733.7552742616,,,760000000.0,-18.9765458422,640000000.0,61.6161616162,475000000,162.4309392265,,,,,0.0,,0.0,,51307000000,13.3155174699,6302000000,29.4310946806,34235000000,21.1386716677,10733000000.0,-11.6480079025,,,37000000.0,,0.0,,,,,,,,55697000000,25.7893310448,502000000,111.8143459916,,,64000000,45.4545454545,,,,,0.0,,56135000000,26.2283285737,12675000000,21.8984420081,,,,,43460000000,27.5496727614,,,,,43454000000,27.5545249068,6000000.0,0.0,43127000000.0,27.1395300846,,,,,0.13,30.0,,,736000000.0,180.9160305344,,,,,,,,,,,,,,,,,,,,,,,,,,,,,,,,,,,,,,,44196000000.0,28.7199650502,44190000000.0,28.7249847068,6000000.0,0.0,,,,,,,,,,,,,,,,,,
601288.SH,601288,农业银行,10008271,银行,2011-12-31,年报,2011年报,058001001,2013-03-27,2013-03-27 00:00:00,CNY,377731000000,30.064596547,307199000000,26.8620535862,472921000000,32.2264161494,165722000000,43.472313606,68750000000,49.0417967395,71524000000,48.5626453971,2774000000,37.5992063492,-2139000000,-97.1428571429,96000000.0,,409000000.0,-43.1944444444,2686000000.0,55.981416957,826000000,5.76184379,,,,,0.0,,0.0,,220993000000,29.2447423211,21207000000,36.7752337955,135561000000,20.959927189,64225000000.0,47.9429650788,,,,,0.0,,,,,,,,156738000000,31.238382316,2025000000,10.3542234332,,,562000000,5.8380414313,,,,,0.0,,158201000000,31.0326834197,36245000000,40.3376311612,,,,,121956000000,28.5005320998,,,,,121927000000,28.5160161479,29000000.0,-14.7058823529,120727000000.0,28.7658521497,,,,,0.38,15.1515151515,,,3142000000.0,144.1850653916,,,,,,,,,,,,,,,,,,,,,,,,,,,,,,,,,,,,,,,125098000000.0,42.4871292542,125069000000.0,42.5092864793,29000000.0,-14.7058823529,,,,,,,,,,,,,,,,,标准无保留意见,
601288.SH,601288,农业银行,10008271,银行,2011-09-30,三季报,2011三季报,058001001,2012-10-27,2012-10-27 00:00:00,CNY,279176000000,33.26523111,223364000000,28.3531487217,340068000000,30.6667281446,116704000000,35.335660362,54824000000,61.0954395863,56505000000,60.5118881913,1681000000,43.5525192143,-2023000000,-1164.7368421053,102000000.0,,503000000.0,83.5766423358,1991000000.0,276.370510397,517000000,17.2335600907,,,,,,,,,149279000000,23.1908695545,15665000000,38.4935019008,92175000000,19.2139060257,41439000000.0,27.3204903678,,,,,,,,,,,,,129897000000,47.0887308633,692000000,-11.5089514066,,,-81000000,19.801980198,,,,,,,130670000000,46.4992432311,29894000000,57.2540768017,,,,,100776000000,43.5862363753,,,,,100757000000,43.6389815528,19000000.0,-51.2820512821,100179000000.0,42.8149872344,,,,,0.31,24.0,,,-4938000000.0,-285.988700565,,,,,,,,,,,,,,,,,,,,,,,,,,,,,,,,,,,,,,,95838000000.0,31.5733113674,95819000000.0,31.6176975591,19000000.0,-51.2820512821,0.0,,0.0,,,,,,,,,,,,,,,
601288.SH,601288,农业银行,10008271,银行,2011-06-30,中报,2011中报,058001001,2012-08-30,2012-08-30 00:00:00,CNY,184158000000,35.7296580189,144730000000,29.560998317,216952000000,28.9232231994,72222000000,27.6638619812,37136000000,65.3501936863,38176000000,64.7221263376,1040000000,45.0488145049,-596000000,-646.7889908257,70000000.0,,1189000000.0,263.6085626911,1363000000.0,74.0740740741,336000000,14.2857142857,,,,,336000000.0,,0.0,,99116000000,26.7565286339,10190000000,36.0662304714,61229000000,19.8641400102,27697000000.0,41.1455944555,,,,,0.0,,,,,,,,85042000000,47.9351494277,475000000,8.4474885845,,,-146000000,-41.7475728155,,,,,0.0,,85663000000,47.626105089,18984000000,56.0670831963,,,,,66679000000,45.3873492794,,,,,66667000000,45.4341186736,12000000.0,-47.8260869565,66205000000.0,45.7072429958,,,,,0.21,23.5294117647,,,-1867000000.0,-186.0765329645,,,,,,,,,,,,,,,,,,,,,,,,,,,,,,,,,,,,,,,64812000000.0,34.9350433045,64800000000.0,34.9746922452,12000000.0,-47.8260869565,0.0,,0.0,,,,,,,,,,,,,,,
601288.SH,601288,农业银行,10008271,银行,2011-03-31,一季报,2011一季报,058001001,2012-04-28,2012-04-28 00:00:00,CNY,89556000000,35.3382095146,70529000000,31.7117352656,103180000000,27.0376754494,32651000000,17.992917028,17749000000,63.4797826287,18325000000,64.1730872603,576000000,88.8524590164,-237000000,-237.7906976744,,,938000000.0,-21.6374269006,396000000.0,28.5714285714,181000000,101.1111111111,,,,,0.0,,0.0,,45278000000,31.1189621221,4869000000,33.837273227,28261000000,26.1989818701,12148000000.0,42.9176470588,,,,,0.0,,,,,,,,44278000000,39.9431099874,237000000,45.3987730061,,,44000000,193.3333333333,,,,,0.0,,44471000000,39.8987039134,10398000000,52.709648994,,,,,34073000000,36.4065815285,,,,,34067000000,36.4317180617,6000000.0,-33.3333333333,33921000000.0,,,,,,0.1,0.0,,,262000000.0,,,,,,,,,,,,,,,,,,,,,,,,,,,,,,,,,,,,,,,,34335000000.0,,34329000000.0,,6000000.0,,0.0,,0.0,,,,,,,,,,,,,,,
601288.SH,601288,农业银行,10008271,银行,2010-12-31,年报,2010年报,058001001,2012-03-23,2012-03-23 00:00:00,CNY,290418000000,30.657656766,242152000000,33.3149819147,357660000000,20.7711035398,115508000000,0.8733014287,46128000000,29.4276094276,48144000000,29.1243127263,2016000000,22.5531914894,-1085000000,-19.4933920705,,,720000000.0,-77.9883827576,1722000000.0,-8.2578582845,781000000,3.4437086093,,,,,,,,,170988000000,15.1186276358,15505000000,23.3786902204,112071000000,16.9562631101,43412000000.0,8.146081411,,,,,,,,,,,,,119430000000,61.9565512191,1835000000,34.6294937638,,,531000000,-54.8853016143,,,,,,,120734000000,63.3129531436,25827000000,189.3457315707,,,,,94907000000,46.0062767299,,,,,94873000000,45.976427868,34000000.0,240.0,93757000000.0,55.4713539508,,,,,0.33,32.0,,,-7111000000.0,43.644000634,,,,,,,,,,,,,,,,,,,,,,,,,,,,,,,,,,,,,,,87796000000.0,67.6007941356,87762000000.0,67.567877191,34000000.0,240.0,0.0,,0.0,,,,,,,,,,,,,,标准无保留意见,
601288.SH,601288,农业银行,10008271,银行,2010-09-30,三季报,2010三季报,058001001,2011-10-27,2011-10-27 00:00:00,CNY,209489000000,32.9076259358,174023000000,36.0851749324,260256000000,20.1362666987,86233000000,-2.842624724,34032000000,32.9530804391,35203000000,32.9619277837,1171000000,33.2195676906,190000000,4.9723756906,,,274000000.0,-86.7951807229,529000000.0,-66.1548304543,441000000,35.2760736196,,,,,,,,,121177000000,18.3658119658,11311000000,22.6656544843,77319000000,25.6116580563,32547000000.0,2.996835443,,,,,,,,,,,,,88312000000,59.855190515,782000000,-1.1378002528,,,-101000000,-1342.8571428571,,,,,,,89195000000,59.154577735,19010000000,317.251975417,,,,,70185000000,36.3159632529,,,,,70146000000,36.2613881389,39000000.0,387.5,70145999338.0,,,,,,0.25,25.0,,,2655000000.0,114.0275796481,,,,,,,,,,,,,,,,,,,,,,,,,,,,,,,,,,,,,,,72840000000.0,123.7100737101,72801000000.0,123.6452445318,39000000.0,387.5,0.0,,0.0,,,,,,,,,,,,,,,
601288.SH,601288,农业银行,10008271,银行,2010-06-30,中报,2010中报,058001001,2011-08-26,2011-08-26 00:00:00,CNY,135680000000,30.4502494976,111708000000,33.1505673691,168280000000,18.3045914386,56572000000,-3.0421444119,22459000000,31.979784921,23176000000,32.2227293473,717000000,40.313111546,109000000,230.303030303,,,327000000.0,-82.2860238353,783000000.0,-12.9032258065,294000000,-7.5471698113,,,,,,,,,78194000000,26.2109595674,7489000000,23.3975943319,51082000000,33.2307451553,19623000000.0,11.843830151,,,,,,,,,,,,,57486000000,36.6956769867,438000000,2.5761124122,,,-103000000,60.9848484848,,,,,,,58027000000,35.7515498889,12164000000,21.3366583541,,,,,45863000000,40.1680929095,,,,,45840000000,40.1234945283,23000000.0,283.3333333333,45437000000.0,,,,,,0.17,30.7692307692,,,2169000000.0,128.5319652723,,,,,,,,,,,,,,,,,,,,,,,,,,,,,,,,,,,,,,,48032000000.0,91.2254160363,48009000000.0,91.1795157694,23000000.0,283.3333333333,0.0,,0.0,,,,,,,,,,,,,,标准无保留意见,
601288.SH,601288,农业银行,10008271,银行,2010-03-31,一季报,2010一季报,058001001,2011-04-28,2011-04-28 00:00:00,CNY,66172000000,,53548000000,,81220000000,,27672000000,,10857000000,,11162000000,,305000000,,172000000,,,,1197000000.0,,308000000.0,,90000000,,,,,,,,,,34532000000,,3638000000,,22394000000,,8500000000.0,,,,,,,,,,,,,,31640000000,,163000000,,,,15000000,,,,,,,,31788000000,,6809000000,,,,,,24979000000,,,,,,24970000000,,9000000.0,,,,,,,,0.1,,,,0.0,,,,,,,,,,,,,,,,,,,,,,,,,,,,,,,,,,,,,,,,0.0,,0.0,,0.0,,0.0,,0.0,,,,,,,,,,,,,,,
601288.SH,601288,农业银行,10008271,银行,2009-12-31,年报,2009年报,058001001,2010-06-17,2011-03-30 00:00:00,CNY,222274000000,5.2488529232,181639000000,-6.2967835126,296147000000,-6.1926467467,114508000000,-6.0269835538,35640000000,49.7604840743,37285000000,50.3791239816,1645000000,65.1606425703,-908000000,-119.5647489765,,,3271000000.0,137.8237742831,1877000000.0,164.435290079,755000000,62.017167382,,,,,,,,,148532000000,-6.6529242449,12567000000,-4.9610527112,95823000000,1.4891386085,40142000000.0,-22.0210575391,,,,,,,,,,,,,73742000000,41.6181751839,1363000000,-51.5463917526,,,1177000000,-53.5700197239,,,,,,,73928000000,41.2214177921,8926000000,896.2053571429,,,,,65002000000,26.3327697122,,,,,64992000000,26.2618020748,10000000.0,147.619047619,60305000000.0,12.0806616485,,,,,0.25,,,,-12618000000.0,,,,,,,,,,,,,,,,,,,,,,,,,,,,,,,,,,,,,,,,52384000000.0,,52374000000.0,,10000000.0,,0.0,,0.0,,,,,,,,,,,,,,标准无保留意见,
601288.SH,601288,农业银行,10008271,银行,2009-09-30,三季报,2009三季报,058001001,2010-10-28,2010-10-28 00:00:00,CNY,157620000000,,127878000000,,216634000000,,88756000000,,25597000000,,26476000000,,879000000,,181000000,,,,2075000000.0,,1563000000.0,,326000000,,,,,,,,,,102375000000,,9221000000,,61554000000,,31600000000.0,,,,,,,,,,,,,,55245000000,,791000000,,,,-7000000,,,,,,,,56043000000,,4556000000,,,,,,51487000000,,,,,,51479000000,,8000000.0,,,,,,,,0.2,,,,-18927000000.0,,,,,,,,,,,,,,,,,,,,,,,,,,,,,,,,,,,,,,,,32560000000.0,,32552000000.0,,8000000.0,,0.0,,0.0,,,,,,,,,,,,,,,
601288.SH,601288,农业银行,10008271,银行,2009-06-30,中报,2009中报,058001001,2010-08-28,2010-08-28 00:00:00,CNY,104009000000,,83896000000,,142243000000,,58347000000,,17017000000,,17528000000,,511000000,,33000000,,,,1846000000.0,,899000000.0,,318000000,,,,,,0.0,,0.0,,61955000000,,6069000000,,38341000000,,17545000000.0,,,,0.0,,,,,,0.0,,,,42054000000,,427000000,,,,-264000000,,,,0.0,,0.0,,42745000000,,10025000000,,,,,,32720000000,,,,,,32714000000,,6000000.0,,,,,,,,0.13,,,,-7602000000.0,,0.0,,0.0,,0.0,,0.0,,0.0,,0.0,,,,,,,,0.0,,,,,,,,,,,,0.0,,0.0,,0.0,,0.0,,25118000000.0,,25112000000.0,,6000000.0,,0.0,,0.0,,,,,,,,,,,,,,,
601288.SH,601288,农业银行,10008271,银行,2008-12-31,年报,2008年报,058001001,2010-06-17,2010-07-13 00:00:00,CNY,211189000000,17.8266764117,193845000000,23.1035468199,315697000000,29.7472022095,121852000000,41.932628244,23798000000,3.4920634921,24794000000,3.6495129802,996000000,7.5593952484,4641000000,297.005988024,-14000000.0,,-8648000000.0,-1565.7627118644,-2913000000.0,23.058637084,466000000,-42.039800995,,,,,0.0,,0.0,,159118000000,56.3198742509,13223000000,18.6983842011,94417000000,57.1625940475,51478000000.0,68.3718191928,,,0.0,,,,,,0.0,,,,52071000000,-32.7656332718,2813000000,-33.2463217845,,,2535000000,-25.5287896592,,,0.0,,0.0,,52349000000,-33.1063035895,896000000,-97.4006382361,,,,,51453000000,17.5074793889,,,,,51474000000,17.5554388289,-21000000.0,,53805000000.0,16.6681122338,,,,,,,,,0.0,100.0,0.0,,0.0,,0.0,,0.0,,0.0,,0.0,,,,,,,,0.0,,,,,,,,,,,,0.0,,0.0,,0.0,,0.0,,0.0,-100.0,0.0,-100.0,,,,,,,,,,,,,,,,,,,标准无保留意见,
601288.SH,601288,农业银行,10008271,银行,2007-12-31,年报,2007年报,058001001,2009-04-27,2010-06-17 00:00:00,CNY,179237000000,54.4108272024,157465000000,117.592272721,243317000000,60.0232816621,85852000000,7.7405752723,22995000000,71.1956521739,23921000000,71.096488091,926000000,68.6703096539,1169000000,-95.8666289513,,,590000000.0,,-3786000000.0,,804000000,-59.7396094141,,,,,,,0.0,,101790000000,11.4334508353,11140000000,31.7407757805,60076000000,-27.2626009468,30574000000.0,,,,,,,,,,,,,,77447000000,213.1449134724,4214000000,109.3392945852,,,3404000000,-77.5135420795,,,,,0.0,,78257000000,574.2224519686,34470000000,440.197461213,,,,,43787000000,737.8683505549,,,,,43787000000,737.8683505549,,,46118000000.0,,,,,,,,,,-8641000000.0,,,,,,,,,,,,,,,,,,,,,,,,,,,,,,,,,,,,,,,,35146000000.0,,35146000000.0,,,,,,,,,,,,,,,,,,,,标准无保留意见,
601288.SH,601288,农业银行,10008271,银行,2006-12-31,年报,2006年报,058001001,2008-05-28,2008-05-28 00:00:00,CNY,116078000000,47.3501148812,72367000000,65.482152249,152051000000,44.6272816337,79684000000,29.7742744536,13432000000,46.8620161819,13981000000,45.4384687402,549000000,17.5588865096,28282000000,21.4758182287,,,,,,,1997000000,-23.7203972498,,,,,,,,,91346000000,37.4905927331,8456000000,35.296,82593000000,40.9773666064,,,,,297000000.0,-81.4606741573,,,,,,,,,24732000000,100.4376367615,2013000000,5.8916359811,,,15138000000,117.5312544906,,,,,,,11607000000,47.3343488195,6381000000,-6.6286215979,,,,,5226000000,400.5747126437,,,,,5226000000,400.5747126437,,,,,,,,,,,,,,,,,,,,,,,,,,,,,,,,,,,,,,,,,,,,,,,,,,,,,,,,,,,,,,,,,,,,,,,,,,,标准无保留意见,
601288.SH,601288,农业银行,10008271,银行,2005-12-31,年报,2005年报,058001001,2008-05-23,2008-05-23 00:00:00,CNY,78777000000,1.0726062021,43731000000,-20.6521147461,105133000000,3.2081676729,61402000000,31.3355578371,9146000000,34.4011756062,9613000000,34.0351366425,467000000,27.2479564033,23282000000,64.1195544903,,,,,,,2618000000,42.5149700599,,,,,,,,,66438000000,2.9535734209,6250000000,12.2687264236,58586000000,1.1882966596,,,,,1602000000.0,50.1405810684,,,,,,,,,12339000000,-7.9797151167,1901000000,31.2845303867,,,6959000000,8.4632169576,,,597000000.0,,,,7878000000,-6.66982585,6834000000,6.1509785648,,,,,1044000000,-47.8781827259,,,,,1044000000,-47.8781827259,,,,,,,,,,,,,,,,,,,,,,,,,,,,,,,,,,,,,,,,,,,,,,,,,,,,,,,,,,,,,,,,,,,,,,,,,,,标准无保留意见,
601288.SH,601288,农业银行,10008271,银行,2004-12-31,年报,2004年报,058001001,2009-05-11,2009-05-11 00:00:00,CNY,77941000000,16.8232984097,55113000000,7.3595013149,101865000000,9.6124047691,46752000000,12.3927206289,6805000000,118.8102893891,7172000000,104.3304843305,367000000,-8.25,14186000000,36.1028494675,,,,,,,1837000000,-0.6489994592,,,,,,,,,64532000000,8.9423482738,5567000000,14.9494115218,57898000000,49.9676224519,,,,,1067000000.0,-93.2404181185,,,,,,,,,13409000000,79.2167869554,1448000000,3.6506800286,,,6416000000,-7.5104512037,,,,,,,8441000000,334.6549948507,6438000000,32090.0,,,,,2003000000,4.2143600416,,,,,2003000000,4.2143600416,,,,,,,,,,,,,,,,,,,,,,,,,,,,,,,,,,,,,,,,,,,,,,,,,,,,,,,,,,,,,,,,,,,,,,,,,,,,
601288.SH,601288,农业银行,10008271,银行,2003-12-31,年报,2003年报,058001001,2009-05-12,2009-05-12 00:00:00,CNY,66717000000,19.5945219231,51335000000,13.5152466665,92932000000,9.5792849731,41597000000,5.0827333586,3110000000,56.0461615655,3510000000,50.0641299701,400000000,15.6069364162,10423000000,38.3828996283,,,,,,,1849000000,78.1310211946,,,,,,,,,59235000000,20.4575495679,4843000000,-4.4018949862,38607000000,13.5032633621,,,,,15785000000.0,56.3645368995,,,,,,,,,7482000000,13.1750113447,1397000000,89.0392422192,,,6937000000,56.4854500338,,,,,,,1942000000,-33.424751457,20000000,0.0,,,,,1922000000,-33.6555056955,,,,,1922000000,-33.6555056955,,,,,,,,,,,,,,,,,,,,,,,,,,,,,,,,,,,,,,,,,,,,,,,,,,,,,,,,,,,,,,,,,,,,,,,,,,,,
601288.SH,601288,农业银行,10008271,银行,2002-12-31,年报,2002年报,058001001,2009-05-12,2009-05-12 00:00:00,CNY,55786000000,,45223000000,,84808000000,,39585000000,,1993000000,,2339000000,,346000000,,7532000000,,,,,,,,1038000000,,,,,,,,,,49175000000,,5066000000,,34014000000,,,,,,10095000000.0,,,,,,,,,,6611000000,,739000000,,,,4433000000,,,,,,,,2917000000,,20000000,,,,,,2897000000,,,,,,2897000000,,,,,,,,,,,,,,,,,,,,,,,,,,,,,,,,,,,,,,,,,,,,,,,,,,,,,,,,,,,,,,,,,,,,,,,,,,,,,
