trade_date,open,high,low,close,volume,amount,outstanding_share,turnover,ts_code
2023-03-20,3.08,3.13,3.08,3.1,557506630.0,1735218903.0,299284538234.0,0.0018627979690822025,601288.SH
2023-03-21,3.11,3.13,3.05,3.05,447498766.0,1374486652.0,299284538234.0,0.0014952284827026933,601288.SH
2023-03-22,3.06,3.09,3.05,3.09,293580979.0,903031349.0,299284538234.0,0.0009809426866230536,601288.SH
2023-03-23,3.08,3.1,3.07,3.1,259443039.0,801215454.0,299284538234.0,0.0008668775224102979,601288.SH
2023-03-24,3.09,3.09,3.05,3.05,293850984.0,900157336.0,299284538234.0,0.0009818448548459537,601288.SH
2023-03-27,3.05,3.08,3.02,3.05,434528031.0,1322524448.0,299284538234.0,0.0014518893410399233,601288.SH
2023-03-28,3.05,3.09,3.05,3.09,278778801.0,856846036.0,299284538234.0,0.0009314841409616447,601288.SH
2023-03-29,3.08,3.12,3.08,3.1,359316211.0,1114497880.0,299284538234.0,0.001200583943027031,601288.SH
2023-03-30,3.11,3.13,3.08,3.09,264246343.0,818427374.0,299284538234.0,0.0008829268112520906,601288.SH
2023-03-31,3.11,3.13,3.1,3.11,299611550.0,932554031.0,299284538234.0,0.0010010926450391645,601288.SH
2023-04-03,3.11,3.12,3.08,3.1,366963472.0,1135401956.0,299284538234.0,0.0012261357508321538,601288.SH
2023-04-04,3.1,3.15,3.09,3.15,426679776.0,1332738749.0,299284538234.0,0.0014256659515981883,601288.SH
2023-04-06,3.15,3.19,3.14,3.18,418326090.0,1327677953.0,299284538234.0,0.0013977537645894877,601288.SH
2023-04-07,3.19,3.19,3.15,3.17,249052400.0,788097113.0,299284538234.0,0.0008321592604469087,601288.SH
2023-04-10,3.17,3.19,3.14,3.17,353460451.0,1118639745.0,299284538234.0,0.0011810180809395565,601288.SH
2023-04-11,3.17,3.21,3.16,3.21,356700706.0,1138864460.0,299284538234.0,0.0011918447511682288,601288.SH
2023-04-12,3.21,3.26,3.2,3.23,411673090.0,1330442644.0,299284538234.0,0.0013755240829652461,601288.SH
2023-04-13,3.23,3.26,3.22,3.24,281756452.0,913971583.0,299284538234.0,0.000941433371942872,601288.SH
2023-04-14,3.25,3.26,3.23,3.23,209895593.0,679849631.0,299284538234.0,0.0007013245463281837,601288.SH
2023-04-17,3.22,3.3,3.21,3.3,424177620.0,1384073546.0,299284538234.0,0.0014173054929698724,601288.SH
2023-04-18,3.3,3.37,3.29,3.35,517150521.0,1728311882.0,299284538234.0,0.0017279560248971441,601288.SH
2023-04-19,3.36,3.4,3.34,3.37,463117054.0,1560777115.0,299284538234.0,0.0015474138982679592,601288.SH
2023-04-20,3.38,3.4,3.32,3.37,444196857.0,1489634770.0,299284538234.0,0.001484195807845904,601288.SH
2023-04-21,3.37,3.41,3.33,3.33,465976726.0,1570885160.0,299284538234.0,0.0015569689257908447,601288.SH
2023-04-24,3.34,3.38,3.33,3.36,462033303.0,1552568739.0,299284538234.0,0.0015437927589789235,601288.SH
2023-04-25,3.35,3.44,3.35,3.42,623594102.0,2122710749.0,299284538234.0,0.002083616165671859,601288.SH
2023-04-26,3.42,3.42,3.33,3.39,670934792.0,2262418204.0,299284538234.0,0.0022417957037106266,601288.SH
2023-04-27,3.39,3.44,3.38,3.42,455359201.0,1553766738.0,299284538234.0,0.0015214925692017232,601288.SH
2023-04-28,3.41,3.44,3.39,3.42,390995268.0,1336343715.0,299284538234.0,0.0013064332367691332,601288.SH
2023-05-04,3.41,3.6,3.4,3.58,748326071.0,2634857143.0,299284538234.0,0.002500383332248558,601288.SH
2023-05-05,3.59,3.71,3.58,3.62,711930769.0,2592118181.0,299284538234.0,0.002378775640067869,601288.SH
2023-05-08,3.64,3.93,3.62,3.89,1179848402.0,4488097555.0,299284538234.0,0.003942229722129909,601288.SH
2023-05-09,3.92,3.97,3.79,3.83,1117140060.0,4318860344.0,299284538234.0,0.0037327022190720314,601288.SH
2023-05-10,3.8,3.81,3.58,3.61,1170821354.0,4288929214.0,299284538234.0,0.0039120676293827655,601288.SH
2023-05-11,3.6,3.64,3.55,3.59,544042911.0,1954602330.0,299284538234.0,0.0018178116190373727,601288.SH
2023-05-12,3.57,3.61,3.53,3.56,458137848.0,1635370951.0,299284538234.0,0.0015307768677371438,601288.SH
2023-05-15,3.55,3.59,3.41,3.58,1002708171.0,3497048121.0,299284538234.0,0.0033503507294988222,601288.SH
2023-05-16,3.57,3.67,3.56,3.6,659366779.0,2390572266.0,299284538234.0,0.002203143479749243,601288.SH
2023-05-17,3.59,3.62,3.55,3.58,365120591.0,1305657283.0,299284538234.0,0.0012199781290222387,601288.SH
2023-05-18,3.59,3.72,3.59,3.69,583925529.0,2139786745.0,299284538234.0,0.0019510714868385525,601288.SH
2023-05-19,3.68,3.68,3.62,3.62,429029818.0,1562464629.0,299284538234.0,0.0014335181514273775,601288.SH
2023-05-22,3.61,3.66,3.58,3.61,390896203.0,1412535484.0,299284538234.0,0.0013061022306951656,601288.SH
2023-05-23,3.6,3.62,3.5,3.5,597172740.0,2112775582.0,299284538234.0,0.0019953344182888984,601288.SH
2023-05-24,3.48,3.48,3.39,3.41,685244783.0,2347364423.0,299284538234.0,0.0022896097040076002,601288.SH
2023-05-25,3.39,3.45,3.37,3.44,434507964.0,1484090053.0,299284538234.0,0.001451822291134444,601288.SH
2023-05-26,3.43,3.52,3.42,3.5,306748255.0,1068124416.0,299284538234.0,0.0010249385311050195,601288.SH
2023-05-29,3.51,3.57,3.51,3.56,342975287.0,1214171786.0,299284538234.0,0.0011459839824128828,601288.SH
2023-05-30,3.55,3.56,3.47,3.5,397539821.0,1395363866.0,299284538234.0,0.0013283005642248638,601288.SH
2023-05-31,3.5,3.52,3.46,3.52,382594170.0,1333953359.0,299284538234.0,0.0012783626319541545,601288.SH
2023-06-01,3.5,3.51,3.43,3.46,506522761.0,1752201927.0,299284538234.0,0.0016924454700829475,601288.SH
2023-06-02,3.46,3.49,3.44,3.46,343754345.0,1189530652.0,299284538234.0,0.0011485870503982756,601288.SH
2023-06-05,3.46,3.56,3.45,3.56,435377213.0,1535155182.0,299284538234.0,0.0014547267144806324,601288.SH
2023-06-06,3.55,3.63,3.55,3.56,374261925.0,1344927931.0,299284538234.0,0.001250522085799761,601288.SH
2023-06-07,3.56,3.65,3.55,3.62,346899745.0,1254425004.0,299284538234.0,0.0011590967814340324,601288.SH
2023-06-08,3.64,3.72,3.6,3.71,503610593.0,1848285770.0,299284538234.0,0.0016827150375748603,601288.SH
2023-06-09,3.72,3.72,3.67,3.68,342519522.0,1263742206.0,299284538234.0,0.0011444611339467062,601288.SH
2023-06-12,3.67,3.68,3.62,3.66,440983239.0,1609092228.0,299284538234.0,0.0014734581398762765,601288.SH
2023-06-13,3.65,3.7,3.63,3.67,346555050.0,1272014732.0,299284538234.0,0.0011579450513712836,601288.SH
2023-06-14,3.67,3.69,3.55,3.56,549349972.0,1976711806.0,299284538234.0,0.0018355441121067292,601288.SH
2023-06-15,3.56,3.63,3.56,3.6,362613781.0,1303477971.0,299284538234.0,0.0012116021199748217,601288.SH
2023-06-16,3.62,3.62,3.57,3.58,285337886.0,1025485345.0,299284538234.0,0.0009534000242167685,601288.SH
2023-06-19,3.58,3.59,3.5,3.52,439920944.0,1551884975.0,299284538234.0,0.0014699086915610769,601288.SH
2023-06-20,3.53,3.54,3.48,3.5,305483909.0,1072938550.0,299284538234.0,0.0010207139693970857,601288.SH
2023-06-21,3.5,3.58,3.48,3.53,299818969.0,1062249754.0,299284538234.0,0.001001785694540565,601288.SH
2023-06-26,3.52,3.53,3.46,3.47,402903699.0,1405460730.0,299284538234.0,0.001346222900044986,601288.SH
2023-06-27,3.46,3.54,3.44,3.53,411394152.0,1436267388.0,299284538234.0,0.0013745920668923612,601288.SH
2023-06-28,3.52,3.54,3.49,3.52,325250945.0,1142132203.0,299284538234.0,0.0010867616045894687,601288.SH
2023-06-29,3.51,3.52,3.48,3.49,286425940.0,1002394799.0,299284538234.0,0.0009570355411279339,601288.SH
2023-06-30,3.49,3.54,3.48,3.53,280310298.0,986257031.0,299284538234.0,0.00093660133481682,601288.SH
2023-07-03,3.54,3.63,3.53,3.62,358692671.0,1289108447.0,319244210777.0,0.0011235682868829084,601288.SH
2023-07-04,3.62,3.62,3.54,3.56,372932670.0,1333704757.0,319244210777.0,0.0011681736345111134,601288.SH
2023-07-05,3.57,3.57,3.52,3.55,211622606.0,750196677.0,319244210777.0,0.0006628862759482383,601288.SH
2023-07-06,3.54,3.55,3.49,3.51,343989671.0,1209534378.0,319244210777.0,0.0010775126357429402,601288.SH
2023-07-07,3.5,3.54,3.5,3.52,180537910.0,635699663.0,319244210777.0,0.0005655166292932723,601288.SH
2023-07-10,3.52,3.54,3.5,3.51,179716530.0,631549193.0,319244210777.0,0.0005629437400371105,601288.SH
2023-07-11,3.52,3.54,3.51,3.53,184501600.0,651229506.0,319244210777.0,0.000577932484823911,601288.SH
2023-07-12,3.53,3.56,3.52,3.55,220946288.0,782525524.0,319244210777.0,0.0006920917609194689,601288.SH
2023-07-13,3.55,3.61,3.55,3.61,317188740.0,1137487358.0,319244210777.0,0.0009935614469813025,601288.SH
2023-07-14,3.61,3.63,3.59,3.61,295427855.0,1066540158.0,319244210777.0,0.0009253976893769381,601288.SH
2023-07-17,3.62,3.63,3.58,3.62,432382887.0,1561075059.0,319244210777.0,0.0013543953888705915,601288.SH
2023-07-18,3.42,3.44,3.4,3.4,400172056.0,1368897286.0,319244210777.0,0.0012534982389376204,601288.SH
2023-07-19,3.4,3.41,3.37,3.4,272850265.0,923560813.0,319244210777.0,0.0008546756864781259,601288.SH
2023-07-20,3.4,3.43,3.39,3.42,208740244.0,713587887.0,319244210777.0,0.000653857570328222,601288.SH
2023-07-21,3.41,3.43,3.41,3.41,149440001.0,510819856.0,319244210777.0,0.00046810559426052536,601288.SH
2023-07-24,3.41,3.43,3.39,3.43,156123292.0,532977052.0,319244210777.0,0.0004890403231432628,601288.SH
2023-07-25,3.44,3.49,3.43,3.49,319508954.0,1104864187.0,319244210777.0,0.0010008292812024864,601288.SH
2023-07-26,3.48,3.5,3.46,3.48,178460145.0,619755830.0,319244210777.0,0.0005590082418899644,601288.SH
2023-07-27,3.49,3.58,3.48,3.54,300481230.0,1063454678.0,319244210777.0,0.0009412268722701869,601288.SH
2023-07-28,3.53,3.62,3.52,3.61,327432693.0,1174131754.0,319244210777.0,0.0010256495872018173,601288.SH
2023-07-31,3.62,3.71,3.58,3.62,441307391.0,1601084217.0,319244210777.0,0.0013823504893821369,601288.SH
2023-08-01,3.61,3.65,3.59,3.63,214856950.0,778557012.0,319244210777.0,0.0006730175293611915,601288.SH
2023-08-02,3.61,3.61,3.5,3.51,501006450.0,1776340995.0,319244210777.0,0.0015693517159813602,601288.SH
2023-08-03,3.51,3.57,3.47,3.55,322527600.0,1136708753.0,319244210777.0,0.0010102848825825491,601288.SH
2023-08-04,3.57,3.6,3.55,3.55,280590470.0,1001266097.0,319244210777.0,0.0008789210909011578,601288.SH
2023-08-07,3.55,3.55,3.49,3.53,267323724.0,940723937.0,319244210777.0,0.0008373643592451306,601288.SH
2023-08-08,3.52,3.55,3.5,3.51,197353095.0,694947563.0,319244210777.0,0.0006181884849835415,601288.SH
2023-08-09,3.51,3.54,3.5,3.52,206402403.0,727010300.0,319244210777.0,0.0006465345213234805,601288.SH
2023-08-10,3.53,3.53,3.5,3.52,183122565.0,644034853.0,319244210777.0,0.0005736127980341534,601288.SH
2023-08-11,3.52,3.53,3.46,3.46,302292001.0,1053335192.0,319244210777.0,0.0009468989281411228,601288.SH
2023-08-14,3.43,3.44,3.4,3.42,279416003.0,954197204.0,319244210777.0,0.0008752421925520179,601288.SH
2023-08-15,3.42,3.5,3.41,3.49,319544012.0,1105858122.0,319244210777.0,0.0010009390968195486,601288.SH
2023-08-16,3.48,3.5,3.45,3.49,213216540.0,741998271.0,319244210777.0,0.0006678791119847027,601288.SH
2023-08-17,3.48,3.5,3.44,3.47,245525423.0,850902317.0,319244210777.0,0.0007690833998286834,601288.SH
2023-08-18,3.46,3.52,3.46,3.49,285772160.0,1000306434.0,319244210777.0,0.0008951522074729774,601288.SH
2023-08-21,3.51,3.51,3.42,3.43,317558713.0,1094981703.0,319244210777.0,0.0009947203497507513,601288.SH
2023-08-22,3.43,3.49,3.43,3.48,316327001.0,1093284617.0,319244210777.0,0.000990862137265074,601288.SH
2023-08-23,3.48,3.51,3.47,3.48,251081448.0,877055262.0,319244210777.0,0.0007864870826910206,601288.SH
2023-08-24,3.49,3.5,3.45,3.47,276357832.0,958730830.0,319244210777.0,0.0008656627831320105,601288.SH
2023-08-25,3.46,3.5,3.45,3.48,260660614.0,907437537.0,319244210777.0,0.0008164928452910236,601288.SH
2023-08-28,3.59,3.61,3.51,3.54,452672599.0,1604036617.0,319244210777.0,0.0014179508467773063,601288.SH
2023-08-29,3.53,3.54,3.46,3.48,397523753.0,1386098518.0,319244210777.0,0.001245202699314351,601288.SH
2023-08-30,3.48,3.48,3.45,3.48,219117370.0,759035653.0,319244210777.0,0.0006863628614178971,601288.SH
2023-08-31,3.48,3.5,3.46,3.46,206704566.0,718086877.0,319244210777.0,0.0006474810161691178,601288.SH
2023-09-01,3.46,3.47,3.44,3.44,213338839.0,735846002.0,319244210777.0,0.0006682622011555363,601288.SH
2023-09-04,3.45,3.48,3.45,3.48,232213314.0,804988987.0,319244210777.0,0.000727384573191859,601288.SH
2023-09-05,3.47,3.47,3.45,3.45,134652188.0,465650715.0,319244210777.0,0.0004217842750296822,601288.SH
2023-09-06,3.45,3.47,3.45,3.46,129955192.0,449351790.0,319244210777.0,0.0004070714130843767,601288.SH
2023-09-07,3.46,3.47,3.44,3.46,200640294.0,693324228.0,319244210777.0,0.0006284853013048127,601288.SH
2023-09-08,3.45,3.46,3.44,3.45,132714509.0,457246274.0,319244210777.0,0.0004157146927644817,601288.SH
2023-09-11,3.45,3.45,3.43,3.44,220049148.0,757315263.0,319244210777.0,0.0006892815611735863,601288.SH
2023-09-12,3.44,3.45,3.43,3.44,116045524.0,398843512.0,319244210777.0,0.0003635007936950834,601288.SH
2023-09-13,3.44,3.46,3.43,3.45,205895783.0,709864302.0,319244210777.0,0.0006449475857334288,601288.SH
2023-09-14,3.45,3.51,3.44,3.5,455291387.0,1586495086.0,319244210777.0,0.0014261539336668891,601288.SH
2023-09-15,3.51,3.53,3.47,3.47,355535076.0,1243775080.0,319244210777.0,0.0011136774419015232,601288.SH
2023-09-18,3.48,3.48,3.45,3.47,263499145.0,912502512.0,319244210777.0,0.0008253842547643274,601288.SH
2023-09-19,3.47,3.53,3.46,3.53,363573330.0,1275073721.0,319244210777.0,0.001138856454483884,601288.SH
2023-09-20,3.53,3.6,3.52,3.58,417744050.0,1489849870.0,319244210777.0,0.001308540721798099,601288.SH
2023-09-21,3.59,3.61,3.55,3.56,280587564.0,1002973676.0,319244210777.0,0.0008789119881519085,601288.SH
2023-09-22,3.56,3.6,3.53,3.59,371428185.0,1325632094.0,319244210777.0,0.001163460988363707,601288.SH
2023-09-25,3.59,3.63,3.58,3.62,329133391.0,1189721524.0,319244210777.0,0.0010309768506026498,601288.SH
2023-09-26,3.62,3.64,3.6,3.62,258603641.0,935691977.0,319244210777.0,0.0008100495867116634,601288.SH
2023-09-27,3.62,3.62,3.56,3.56,315458964.0,1128500817.0,319244210777.0,0.0009881430997048086,601288.SH
2023-09-28,3.58,3.62,3.57,3.6,263110406.0,948110745.0,319244210777.0,0.0008241665694097399,601288.SH
2023-10-09,3.58,3.64,3.55,3.6,302263792.0,1084480392.0,319244210777.0,0.0009468105663195213,601288.SH
2023-10-10,3.6,3.65,3.59,3.61,267048570.0,966978603.0,319244210777.0,0.0008365024673432217,601288.SH
2023-10-11,3.62,3.66,3.6,3.65,370703803.0,1346890040.0,319244210777.0,0.001161191935470823,601288.SH
2023-10-12,3.7,3.77,3.65,3.67,595478698.0,2196869546.0,319244210777.0,0.0018652764181711556,601288.SH
2023-10-13,3.66,3.75,3.65,3.72,507283316.0,1885921591.0,319244210777.0,0.0015890133599144574,601288.SH
2023-10-16,3.72,3.73,3.67,3.71,329202504.0,1217621566.0,319244210777.0,0.001031193340041352,601288.SH
2023-10-17,3.7,3.73,3.7,3.72,202920100.0,753748250.0,319244210777.0,0.0006356265615784173,601288.SH
2023-10-18,3.71,3.75,3.7,3.74,313793102.0,1171667945.0,319244210777.0,0.0009829249565286315,601288.SH
2023-10-19,3.73,3.74,3.66,3.67,471854191.0,1739653364.0,319244210777.0,0.0014780352315600857,601288.SH
2023-10-20,3.65,3.68,3.62,3.66,420766864.0,1533676955.0,319244210777.0,0.001318009379013974,601288.SH
2023-10-23,3.64,3.69,3.63,3.65,291995071.0,1068895096.0,319244210777.0,0.0009146448428597059,601288.SH
2023-10-24,3.66,3.67,3.58,3.6,402914728.0,1455109268.0,319244210777.0,0.0012620893798492275,601288.SH
2023-10-25,3.62,3.62,3.54,3.56,540132729.0,1923114228.0,319244210777.0,0.001691910802972387,601288.SH
2023-10-26,3.55,3.63,3.54,3.62,423721924.0,1521222799.0,319244210777.0,0.0013272658037203383,601288.SH
2023-10-27,3.63,3.67,3.6,3.63,419813535.0,1524581310.0,319244210777.0,0.0013150231729440825,601288.SH
2023-10-30,3.63,3.63,3.53,3.56,603878656.0,2155433075.0,319244210777.0,0.0018915884317220219,601288.SH
2023-10-31,3.55,3.6,3.54,3.59,321090252.0,1148219512.0,319244210777.0,0.0010057825362549471,601288.SH
2023-11-01,3.59,3.63,3.57,3.62,309276021.0,1115819962.0,319244210777.0,0.0009687756600104394,601288.SH
2023-11-02,3.63,3.68,3.62,3.66,297169100.0,1088144162.0,319244210777.0,0.000930851962128704,601288.SH
2023-11-03,3.66,3.66,3.61,3.62,293657387.0,1064833946.0,319244210777.0,0.0009198518785517679,601288.SH
2023-11-06,3.62,3.62,3.56,3.58,374210309.0,1340139726.0,319244210777.0,0.0011721757086501881,601288.SH
2023-11-07,3.57,3.62,3.56,3.61,261554862.0,937615580.0,319244210777.0,0.0008192939861412321,601288.SH
2023-11-08,3.6,3.62,3.59,3.6,162671061.0,586120061.0,319244210777.0,0.0005095505431534035,601288.SH
2023-11-09,3.59,3.64,3.58,3.63,254762976.0,922574412.0,319244210777.0,0.0007980190944729715,601288.SH
2023-11-10,3.63,3.68,3.62,3.63,307448677.0,1119030976.0,319244210777.0,0.0009630516909036779,601288.SH
2023-11-13,3.63,3.63,3.58,3.62,195194414.0,704198233.0,319244210777.0,0.0006114266364452514,601288.SH
2023-11-14,3.62,3.65,3.6,3.63,249893769.0,904981577.0,319244210777.0,0.0007827667990964979,601288.SH
2023-11-15,3.64,3.65,3.61,3.62,224659419.0,814809703.0,319244210777.0,0.0007037227658826058,601288.SH
2023-11-16,3.62,3.66,3.6,3.65,311545298.0,1133457576.0,319244210777.0,0.0009758839392631057,601288.SH
2023-11-17,3.64,3.65,3.62,3.63,192791475.0,700094155.0,319244210777.0,0.0006038996745806915,601288.SH
2023-11-20,3.63,3.66,3.63,3.65,227433502.0,829937460.0,319244210777.0,0.000712412298554939,601288.SH
2023-11-21,3.66,3.68,3.65,3.67,274810201.0,1006632716.0,319244210777.0,0.0008608149865306775,601288.SH
2023-11-22,3.66,3.68,3.65,3.66,163343293.0,599085744.0,319244210777.0,0.0005116562414787197,601288.SH
2023-11-23,3.66,3.67,3.65,3.66,175517401.0,642053952.0,319244210777.0,0.0005497903958001708,601288.SH
2023-11-24,3.66,3.68,3.64,3.66,222233000.0,813881311.0,319244210777.0,0.0006961222553076625,601288.SH
2023-11-27,3.66,3.66,3.61,3.63,309868793.0,1125865694.0,319244210777.0,0.0009706324579725928,601288.SH
2023-11-28,3.64,3.65,3.62,3.64,185998487.0,676591033.0,319244210777.0,0.0005826213310095843,601288.SH
2023-11-29,3.64,3.65,3.62,3.63,215374800.0,782885206.0,319244210777.0,0.0006746396417833388,601288.SH
2023-11-30,3.63,3.66,3.62,3.66,278503935.0,1014186834.0,319244210777.0,0.0008723852323653941,601288.SH
2023-12-01,3.66,3.68,3.65,3.65,319075564.0,1168896032.0,319244210777.0,0.0009994717311346396,601288.SH
2023-12-04,3.66,3.67,3.64,3.64,187612717.0,685266280.0,319244210777.0,0.0005876777422004753,601288.SH
2023-12-05,3.65,3.65,3.61,3.61,271783205.0,986911647.0,319244210777.0,0.0008513332296254146,601288.SH
2023-12-06,3.61,3.61,3.53,3.53,516995691.0,1839405663.0,319244210777.0,0.001619436386149957,601288.SH
2023-12-07,3.53,3.57,3.51,3.56,353005656.0,1249696218.0,319244210777.0,0.0011057542911767418,601288.SH
2023-12-08,3.56,3.59,3.54,3.57,315602573.0,1126716717.0,319244210777.0,0.0009885929402818716,601288.SH
2023-12-11,3.57,3.57,3.5,3.55,396480957.0,1400588956.0,319244210777.0,0.0012419362469722334,601288.SH
2023-12-12,3.55,3.63,3.54,3.62,411889614.0,1484260798.0,319244210777.0,0.0012902022968482743,601288.SH
2023-12-13,3.62,3.64,3.6,3.62,306981098.0,1113434723.0,319244210777.0,0.0009615870472728287,601288.SH
2023-12-14,3.63,3.65,3.61,3.62,216057045.0,783680960.0,319244210777.0,0.0006767767048121077,601288.SH
2023-12-15,3.63,3.64,3.58,3.58,266197966.0,958747021.0,319244210777.0,0.0008338380368812573,601288.SH
2023-12-18,3.58,3.64,3.55,3.62,308682749.0,1114228634.0,319244210777.0,0.0009669172958491722,601288.SH
2023-12-19,3.63,3.64,3.6,3.64,262120577.0,951332797.0,319244210777.0,0.000821066030804542,601288.SH
2023-12-20,3.64,3.67,3.63,3.63,303765282.0,1109151396.0,319244210777.0,0.0009515138309342361,601288.SH
2023-12-21,3.63,3.63,3.6,3.61,322125122.0,1163852063.0,319244210777.0,0.001009024161208713,601288.SH
2023-12-22,3.62,3.64,3.61,3.63,285183570.0,1035125815.0,319244210777.0,0.0008933085092002116,601288.SH
2023-12-25,3.63,3.66,3.63,3.66,209268966.0,763818525.0,319244210777.0,0.0006555137381838995,601288.SH
2023-12-26,3.66,3.68,3.64,3.67,230749363.0,847127167.0,319244210777.0,0.0007227988956742089,601288.SH
2023-12-27,3.67,3.7,3.64,3.69,341089772.0,1251600240.0,319244210777.0,0.0010684289972552068,601288.SH
2023-12-28,3.69,3.71,3.62,3.63,565540560.0,2062528819.0,319244210777.0,0.0017714982477631963,601288.SH
2023-12-29,3.63,3.66,3.62,3.64,323725330.0,1178848279.0,319244210777.0,0.001014036649911657,601288.SH
2024-01-02,3.64,3.68,3.63,3.66,347908816.0,1274151353.0,319244210777.0,0.0010897889585945316,601288.SH
2024-01-03,3.67,3.72,3.66,3.72,478476267.0,1771869233.0,319244210777.0,0.0014987782106853226,601288.SH
2024-01-04,3.72,3.78,3.7,3.77,388624371.0,1454184045.0,319244210777.0,0.0012173262909110786,601288.SH
2024-01-05,3.77,3.78,3.72,3.73,492790067.0,1847519653.0,319244210777.0,0.0015436147324351204,601288.SH
2024-01-08,3.73,3.74,3.7,3.72,393248434.0,1464032236.0,319244210777.0,0.0012318106976564526,601288.SH
2024-01-09,3.72,3.73,3.67,3.72,383728571.0,1420139141.0,319244210777.0,0.0012019906956685393,601288.SH
2024-01-10,3.72,3.73,3.7,3.71,259581257.0,963526510.0,319244210777.0,0.0008131118693373079,601288.SH
2024-01-11,3.71,3.72,3.64,3.65,375408554.0,1377137183.0,319244210777.0,0.0011759290891643834,601288.SH
2024-01-12,3.64,3.71,3.64,3.7,329581703.0,1215614529.0,319244210777.0,0.0010323811423168484,601288.SH
2024-01-15,3.7,3.72,3.69,3.71,223625502.0,829550054.0,319244210777.0,0.0007004841261043507,601288.SH
2024-01-16,3.7,3.75,3.7,3.74,344926503.0,1287591552.0,319244210777.0,0.0010804471666392714,601288.SH
2024-01-17,3.74,3.75,3.7,3.7,333368559.0,1242736214.0,319244210777.0,0.001044243083339313,601288.SH
2024-01-18,3.69,3.72,3.58,3.69,745692871.0,2714205689.0,319244210777.0,0.0023358070274323156,601288.SH
2024-01-19,3.68,3.69,3.63,3.68,405931444.0,1487986038.0,319244210777.0,0.001271538935700711,601288.SH
2024-01-22,3.67,3.72,3.66,3.68,544068685.0,2010661385.0,319244210777.0,0.001704239784570582,601288.SH
2024-01-23,3.68,3.7,3.63,3.68,401466794.0,1471040578.0,319244210777.0,0.0012575538739539886,601288.SH
2024-01-24,3.69,3.75,3.68,3.75,490304742.0,1823679966.0,319244210777.0,0.0015358297048101838,601288.SH
2024-01-25,3.76,3.81,3.75,3.8,449132170.0,1701376510.0,319244210777.0,0.0014068608132528672,601288.SH
2024-01-26,3.8,3.88,3.78,3.86,476095886.0,1826158852.0,319244210777.0,0.00149132190945998,601288.SH
2024-01-29,3.87,3.93,3.86,3.91,450684032.0,1758615338.0,319244210777.0,0.0014117218630311011,601288.SH
2024-01-30,3.91,3.93,3.86,3.88,354295063.0,1380846981.0,319244210777.0,0.0011097932273781588,601288.SH
2024-01-31,3.87,3.93,3.85,3.89,380667926.0,1480634617.0,319244210777.0,0.001192403536695317,601288.SH
2024-02-01,3.89,3.91,3.88,3.89,328050261.0,1278540695.0,319244210777.0,0.0010275840561104214,601288.SH
2024-02-02,3.89,3.97,3.88,3.94,557629443.0,2194008232.0,319244210777.0,0.0017467174788942939,601288.SH
2024-02-05,3.93,4.03,3.92,4.02,661851274.0,2639773212.0,319244210777.0,0.0020731817575928404,601288.SH
2024-02-06,4.02,4.12,4.01,4.09,687823749.0,2801658789.0,319244210777.0,0.002154537892248458,601288.SH
2024-02-07,4.07,4.07,3.93,4.02,748710334.0,2990817712.0,319244210777.0,0.002345258923185275,601288.SH
2024-02-08,3.99,3.99,3.9,3.96,495683919.0,1954106619.0,319244210777.0,0.0015526794293107716,601288.SH
2024-02-19,3.97,4.08,3.92,4.08,572990818.0,2296077028.0,319244210777.0,0.0017948354227173388,601288.SH
2024-02-20,4.08,4.18,4.06,4.15,397118593.0,1636737599.0,319244210777.0,0.0012439335768484685,601288.SH
2024-02-21,4.14,4.23,4.13,4.18,432909990.0,1814081860.0,319244210777.0,0.0013560464853735385,601288.SH
2024-02-22,4.18,4.21,4.16,4.2,290876084.0,1218833348.0,319244210777.0,0.0009111397299642316,601288.SH
2024-02-23,4.2,4.3,4.2,4.26,369425619.0,1579071128.0,319244210777.0,0.0011571881541747142,601288.SH
2024-02-26,4.26,4.28,4.13,4.14,427076834.0,1791318633.0,319244210777.0,0.0013377747178579967,601288.SH
2024-02-27,4.13,4.2,4.11,4.16,310696508.0,1290574571.0,319244210777.0,0.0009732251909715262,601288.SH
2024-02-28,4.16,4.19,4.11,4.16,390336077.0,1619867325.0,319244210777.0,0.0012226880357516002,601288.SH
2024-02-29,4.15,4.19,4.14,4.19,295696680.0,1234552381.0,319244210777.0,0.0009262397563304648,601288.SH
2024-03-01,4.18,4.25,4.17,4.24,367474144.0,1550829382.0,319244210777.0,0.001151075357343566,601288.SH
2024-03-04,4.24,4.25,4.21,4.24,359837139.0,1523035622.0,319244210777.0,0.0011271532164176194,601288.SH
2024-03-05,4.23,4.36,4.22,4.34,432530191.0,1862385367.0,319244210777.0,0.0013548568036591056,601288.SH
2024-03-06,4.34,4.4,4.24,4.26,425783690.0,1839088466.0,319244210777.0,0.0013337240758844033,601288.SH
2024-03-07,4.26,4.29,4.25,4.28,327328697.0,1397976211.0,319244210777.0,0.0010253238303157429,601288.SH
2024-03-08,4.27,4.3,4.26,4.27,335741384.0,1436604267.0,319244210777.0,0.0010516757161636479,601288.SH
2024-03-11,4.27,4.28,4.21,4.24,374205910.0,1584687960.0,319244210777.0,0.001172161929230385,601288.SH
2024-03-12,4.23,4.24,4.14,4.14,472814058.0,1974566625.0,319244210777.0,0.001481041917249589,601288.SH
2024-03-13,4.13,4.16,4.11,4.12,283314318.0,1170633443.0,319244210777.0,0.0008874532675485291,601288.SH
2024-03-14,4.12,4.17,4.12,4.16,241845428.0,1004642449.0,319244210777.0,0.0007575561900132154,601288.SH
2024-03-15,4.16,4.2,4.16,4.16,303804340.0,1268598638.0,319244210777.0,0.0009516361761442085,601288.SH
2024-03-18,4.16,4.17,4.12,4.13,296072984.0,1223286589.0,319244210777.0,0.0009274184903130924,601288.SH
2024-03-19,4.13,4.13,4.06,4.09,382805956.0,1563180159.0,319244210777.0,0.0011991006980778094,601288.SH
2024-03-20,4.08,4.14,4.07,4.13,304603699.0,1251154388.0,319244210777.0,0.000954140086859001,601288.SH
2024-03-21,4.13,4.17,4.12,4.14,289826682.0,1200471712.0,319244210777.0,0.0009078525849994227,601288.SH
2024-03-22,4.14,4.18,4.12,4.18,331088177.0,1374940930.0,319244210777.0,0.0010371000188043294,601288.SH
2024-03-25,4.17,4.22,4.16,4.21,370160929.0,1552753890.0,319244210777.0,0.0011594914379154289,601288.SH
2024-03-26,4.23,4.24,4.18,4.23,366546270.0,1544659425.0,319244210777.0,0.0011481688864705573,601288.SH
2024-03-27,4.23,4.31,4.22,4.28,389933579.0,1667670256.0,319244210777.0,0.0012214272517297997,601288.SH
2024-03-28,4.27,4.28,4.15,4.17,506524869.0,2118649135.0,319244210777.0,0.0015866376018759513,601288.SH
2024-03-29,4.17,4.27,4.16,4.23,363158100.0,1539840259.0,319244210777.0,0.00113755578876785,601288.SH
2024-04-01,4.23,4.25,4.21,4.23,253839301.0,1073735556.0,319244210777.0,0.0007951257765401204,601288.SH
2024-04-02,4.23,4.31,4.23,4.27,372701218.0,1593456753.0,319244210777.0,0.0011674486346765457,601288.SH
2024-04-03,4.27,4.3,4.25,4.29,242020947.0,1035695556.0,319244210777.0,0.0007581059854177203,601288.SH
2024-04-08,4.28,4.36,4.27,4.34,349929180.0,1514681895.0,319244210777.0,0.0010961175432071789,601288.SH
2024-04-09,4.35,4.37,4.26,4.28,390822351.0,1681091395.0,319244210777.0,0.001224211239567314,601288.SH
2024-04-10,4.28,4.32,4.28,4.29,285638906.0,1229018748.0,319244210777.0,0.0008947348028795606,601288.SH
2024-04-11,4.29,4.3,4.25,4.27,258490466.0,1104473514.0,319244210777.0,0.0008096950775422581,601288.SH
2024-04-12,4.27,4.29,4.26,4.28,296029874.0,1265963363.0,319244210777.0,0.0009272834526255018,601288.SH
2024-04-15,4.28,4.38,4.28,4.37,404908248.0,1754551326.0,319244210777.0,0.0012683338783638538,601288.SH
2024-04-16,4.37,4.46,4.34,4.43,500280119.0,2202511469.0,319244210777.0,0.0015670765580443307,601288.SH
2024-04-17,4.41,4.47,4.35,4.46,429792204.0,1894236133.0,319244210777.0,0.0013462803380331946,601288.SH
2024-04-18,4.44,4.58,4.43,4.49,498903823.0,2251952573.0,319244210777.0,0.0015627654508933184,601288.SH
2024-04-19,4.48,4.55,4.47,4.54,303085396.0,1369853179.0,319244210777.0,0.0009493841572328861,601288.SH
2024-04-22,4.55,4.62,4.48,4.5,399069328.0,1814080656.0,319244210777.0,0.0012500440557049282,601288.SH
2024-04-23,4.5,4.56,4.44,4.5,339834801.0,1532253661.0,319244210777.0,0.0010644979283191546,601288.SH
2024-04-24,4.5,4.53,4.46,4.49,279718551.0,1257078390.0,319244210777.0,0.0008761898933709728,601288.SH
2024-04-25,4.49,4.55,4.47,4.55,305928148.0,1378191735.0,319244210777.0,0.0009582887885591085,601288.SH
2024-04-26,4.55,4.58,4.45,4.45,535165949.0,2407175984.0,319244210777.0,0.0016763528701036546,601288.SH
2024-04-29,4.45,4.46,4.39,4.41,421875192.0,1866746118.0,319244210777.0,0.0013214811036767408,601288.SH
2024-04-30,4.4,4.44,4.39,4.4,319000625.0,1408189213.0,319244210777.0,0.000999236992343864,601288.SH
2024-05-06,4.41,4.43,4.34,4.35,452435189.0,1975339294.0,319244210777.0,0.0014172071841140987,601288.SH
2024-05-07,4.34,4.39,4.31,4.38,418324720.0,1816980133.0,319244210777.0,0.0013103596114769022,601288.SH
2024-05-08,4.38,4.44,4.37,4.43,388237247.0,1715040063.0,319244210777.0,0.0012161136643796286,601288.SH
2024-05-09,4.43,4.43,4.36,4.38,390411529.0,1710036345.0,319244210777.0,0.001222924381462667,601288.SH
2024-05-10,4.37,4.4,4.36,4.37,291749476.0,1276994494.0,319244210777.0,0.0009138755415170058,601288.SH
2024-05-13,4.37,4.39,4.34,4.38,302894385.0,1322053573.0,319244210777.0,0.0009487858347150397,601288.SH
2024-05-14,4.38,4.38,4.34,4.34,262960886.0,1144379963.0,319244210777.0,0.0008236982132267535,601288.SH
2024-05-15,4.34,4.35,4.33,4.34,171006580.0,742463727.0,319244210777.0,0.0005356607080948833,601288.SH
2024-05-16,4.34,4.37,4.33,4.35,273656413.0,1190682668.0,319244210777.0,0.0008572008630444854,601288.SH
2024-05-17,4.36,4.38,4.35,4.38,293995274.0,1283184190.0,319244210777.0,0.000920910275191687,601288.SH
2024-05-20,4.39,4.43,4.36,4.37,379047719.0,1664232691.0,319244210777.0,0.0011873284031602197,601288.SH
2024-05-21,4.37,4.42,4.36,4.41,305281277.0,1340701229.0,319244210777.0,0.0009562625309852417,601288.SH
2024-05-22,4.41,4.44,4.4,4.42,268460900.0,1187388524.0,319244210777.0,0.0008409264473319662,601288.SH
2024-05-23,4.42,4.43,4.39,4.4,269649468.0,1188901061.0,319244210777.0,0.0008446495156285131,601288.SH
2024-05-24,4.4,4.43,4.39,4.39,269536495.0,1188633455.0,319244210777.0,0.0008442956392035498,601288.SH
2024-05-27,4.4,4.46,4.39,4.45,391169135.0,1734130314.0,319244210777.0,0.0012252975051542637,601288.SH
2024-05-28,4.46,4.48,4.44,4.46,252308393.0,1125359396.0,319244210777.0,0.0007903303630343469,601288.SH
2024-05-29,4.45,4.48,4.42,4.43,330722000.0,1470812602.0,319244210777.0,0.0010359530066185523,601288.SH
2024-05-30,4.43,4.46,4.38,4.39,326976086.0,1443792910.0,319244210777.0,0.001024219312244321,601288.SH
2024-05-31,4.39,4.41,4.38,4.39,216688761.0,952060306.0,319244210777.0,0.0006787554908908355,601288.SH
2024-06-03,4.39,4.41,4.36,4.41,320118345.0,1406835706.0,319244210777.0,0.001002738136490784,601288.SH
2024-06-04,4.41,4.43,4.4,4.41,245781843.0,1083695807.0,319244210777.0,0.0007698866093821972,601288.SH
2024-06-05,4.41,4.45,4.39,4.44,331084396.0,1463696854.0,319244210777.0,0.001037088175206631,601288.SH
2024-06-06,4.43,4.45,4.42,4.43,399856265.0,1773884923.0,319244210777.0,0.0012525090557689378,601288.SH
2024-06-07,4.24,4.27,4.22,4.26,498968556.0,2120701228.0,319244210777.0,0.0015629682204277837,601288.SH
2024-06-11,4.26,4.28,4.16,4.17,532843438.0,2244516491.0,319244210777.0,0.0016690778407637418,601288.SH
2024-06-12,4.17,4.18,4.08,4.16,410313193.0,1694646287.0,319244210777.0,0.0012852643185019695,601288.SH
2024-06-13,4.16,4.23,4.15,4.22,367846299.0,1544684257.0,319244210777.0,0.0011522410950059476,601288.SH
2024-06-14,4.21,4.26,4.21,4.25,363099258.0,1540242334.0,319244210777.0,0.0011373714721913434,601288.SH
2024-06-17,4.24,4.25,4.15,4.17,423514900.0,1770818525.0,319244210777.0,0.0013266173221096738,601288.SH
2024-06-18,4.17,4.19,4.1,4.18,308588929.0,1281934522.0,319244210777.0,0.0009666234142474615,601288.SH
2024-06-19,4.18,4.22,4.17,4.22,295415352.0,1242927756.0,319244210777.0,0.0009253585250018988,601288.SH
2024-06-20,4.22,4.24,4.21,4.24,253004000.0,1070410798.0,319244210777.0,0.0007925092811682326,601288.SH
2024-06-21,4.24,4.25,4.19,4.19,340734829.0,1434953739.0,319244210777.0,0.0010673171744311183,601288.SH
2024-06-24,4.19,4.26,4.18,4.25,368522357.0,1558582521.0,319244210777.0,0.0011543587778868824,601288.SH
2024-06-25,4.25,4.27,4.23,4.26,331246679.0,1410132256.0,319244210777.0,0.0010375965101881957,601288.SH
2024-06-26,4.26,4.3,4.25,4.28,291574363.0,1249425442.0,319244210777.0,0.0009133270178661812,601288.SH
2024-06-27,4.28,4.34,4.28,4.32,390084508.0,1683104558.0,319244210777.0,0.0012219000214618886,601288.SH
2024-06-28,4.33,4.38,4.3,4.36,372775669.0,1616702196.0,319244210777.0,0.0011676818448569865,601288.SH
2024-07-01,4.36,4.45,4.35,4.44,347487492.0,1534396362.0,319244210777.0,0.0010884692040436987,601288.SH
2024-07-02,4.44,4.54,4.43,4.52,409826334.0,1842545831.0,319244210777.0,0.0012837392822332928,601288.SH
2024-07-03,4.53,4.54,4.45,4.49,346364946.0,1551679212.0,319244210777.0,0.0010849529429429324,601288.SH
2024-07-04,4.48,4.56,4.48,4.53,294532089.0,1334485167.0,319244210777.0,0.0009225917935462202,601288.SH
2024-07-05,4.53,4.54,4.44,4.46,420338063.0,1880915698.0,319244210777.0,0.0013166662035215936,601288.SH
2024-07-08,4.45,4.53,4.44,4.5,319523738.0,1438499666.0,319244210777.0,0.0010008755905778828,601288.SH
2024-07-09,4.49,4.53,4.44,4.53,375290516.0,1685758194.0,319244210777.0,0.0011755593471423974,601288.SH
2024-07-10,4.52,4.56,4.51,4.55,274987027.0,1249084923.0,319244210777.0,0.0008613688759796658,601288.SH
2024-07-11,4.54,4.55,4.48,4.51,300371797.0,1353980394.0,319244210777.0,0.0009408840845349491,601288.SH
2024-07-12,4.51,4.61,4.5,4.6,375589323.0,1719585430.0,319244210777.0,0.001176495329659583,601288.SH
2024-07-15,4.6,4.75,4.6,4.72,405399317.0,1896670201.0,319244210777.0,0.0012698721020290686,601288.SH
2024-07-16,4.73,4.78,4.66,4.71,358260037.0,1686678884.0,319244210777.0,0.0011222131049081216,601288.SH
2024-07-17,4.71,4.75,4.67,4.72,277364758.0,1310132550.0,319244210777.0,0.000868816876349705,601288.SH
2024-07-18,4.73,4.75,4.67,4.72,294750775.0,1386156802.0,319244210777.0,0.0009232768051850147,601288.SH
2024-07-19,4.71,4.72,4.63,4.71,408771452.0,1908279410.0,319244210777.0,0.0012804349717261967,601288.SH
2024-07-22,4.69,4.7,4.59,4.64,457134710.0,2117988721.0,319244210777.0,0.0014319279553649288,601288.SH
2024-07-23,4.63,4.79,4.62,4.74,488912990.0,2312413380.0,319244210777.0,0.001531470183312166,601288.SH
2024-07-24,4.73,4.81,4.7,4.77,447234096.0,2132900636.0,319244210777.0,0.0014009152896194697,601288.SH
2024-07-25,4.77,4.78,4.66,4.72,424939788.0,2004491743.0,319244210777.0,0.0013310806387553601,601288.SH
2024-07-26,4.71,4.72,4.56,4.62,487745702.0,2248999047.0,319244210777.0,0.0015278137724499018,601288.SH
2024-07-29,4.61,4.71,4.56,4.7,387861452.0,1811591471.0,319244210777.0,0.0012149365247876988,601288.SH
2024-07-30,4.7,4.73,4.66,4.7,290689611.0,1365994122.0,319244210777.0,0.0009105556222695418,601288.SH
2024-07-31,4.71,4.72,4.58,4.59,515491417.0,2378347371.0,319244210777.0,0.0016147244009385765,601288.SH
2024-08-01,4.57,4.66,4.51,4.63,432391153.0,1989065571.0,319244210777.0,0.0013544212812743406,601288.SH
2024-08-02,4.62,4.67,4.59,4.65,320365703.0,1487193108.0,319244210777.0,0.0010035129602515593,601288.SH
2024-08-05,4.65,4.68,4.59,4.63,411757396.0,1910451916.0,319244210777.0,0.0012897881374194214,601288.SH
2024-08-06,4.63,4.65,4.54,4.57,356759089.0,1633599566.0,319244210777.0,0.0011175115380532463,601288.SH
2024-08-07,4.57,4.61,4.54,4.55,257200532.0,1176517365.0,319244210777.0,0.0008056544905669752,601288.SH
2024-08-08,4.56,4.58,4.54,4.57,193205630.0,882152584.0,319244210777.0,0.000605196972968631,601288.SH
2024-08-09,4.57,4.62,4.55,4.61,238618616.0,1097379024.0,319244210777.0,0.0007474485298237124,601288.SH
2024-08-12,4.61,4.67,4.59,4.64,261855600.0,1214114199.0,319244210777.0,0.0008202360173193952,601288.SH
2024-08-13,4.64,4.7,4.62,4.66,293070061.0,1366129810.0,319244210777.0,0.0009180121396303619,601288.SH
2024-08-14,4.65,4.69,4.64,4.66,220046871.0,1026107164.0,319244210777.0,0.0006892744287028221,601288.SH
2024-08-15,4.66,4.69,4.64,4.68,279748151.0,1306291551.0,319244210777.0,0.0008762826123585089,601288.SH
2024-08-16,4.69,4.76,4.68,4.76,373228603.0,1766047987.0,319244210777.0,0.0011691006145157928,601288.SH
2024-08-19,4.76,4.9,4.74,4.89,416477384.0,2012372782.0,319244210777.0,0.0013045730194647751,601288.SH
2024-08-20,4.89,4.94,4.86,4.92,415826992.0,2039455379.0,319244210777.0,0.001302535732716749,601288.SH
2024-08-21,4.9,4.91,4.8,4.87,391082286.0,1899024402.0,319244210777.0,0.0012250254595005973,601288.SH
2024-08-22,4.86,4.94,4.85,4.91,402336003.0,1974984762.0,319244210777.0,0.0012602765826849767,601288.SH
2024-08-23,4.91,4.93,4.83,4.92,345371159.0,1687332645.0,319244210777.0,0.00108184000630555,601288.SH
2024-08-26,4.91,4.93,4.86,4.92,273402350.0,1340854619.0,319244210777.0,0.0008564050365535941,601288.SH
2024-08-27,4.92,5.0,4.91,4.98,381702624.0,1895568752.0,319244210777.0,0.0011956446228765876,601288.SH
2024-08-28,4.98,5.01,4.91,4.94,357092958.0,1769421943.0,319244210777.0,0.001118557348717087,601288.SH
2024-08-29,4.93,4.95,4.7,4.71,646856979.0,3091178180.0,319244210777.0,0.002026213654511172,601288.SH
2024-08-30,4.67,4.72,4.5,4.52,888808394.0,4067361725.0,319244210777.0,0.0027841018380153327,601288.SH
2024-09-02,4.53,4.71,4.51,4.69,683283521.0,3176595332.0,319244210777.0,0.002140316090108492,601288.SH
2024-09-03,4.68,4.68,4.44,4.48,700503025.0,3161268035.0,319244210777.0,0.0021942544339177343,601288.SH
2024-09-04,4.45,4.58,4.44,4.52,492974830.0,2220956634.0,319244210777.0,0.001544193483728841,601288.SH
2024-09-05,4.52,4.56,4.47,4.5,345648125.0,1559020522.0,319244210777.0,0.0010827075741130473,601288.SH
2024-09-06,4.51,4.57,4.5,4.51,282334697.0,1282641618.0,319244210777.0,0.0008843847044644383,601288.SH
2024-09-09,4.5,4.54,4.44,4.52,352387584.0,1586832808.0,319244210777.0,0.001103818243539431,601288.SH
2024-09-10,4.52,4.65,4.51,4.6,391287451.0,1794528986.0,319244210777.0,0.0012256681179829568,601288.SH
2024-09-11,4.6,4.61,4.44,4.46,458307211.0,2060811207.0,319244210777.0,0.0014356006954191535,601288.SH
2024-09-12,4.45,4.5,4.38,4.48,366433223.0,1629378411.0,319244210777.0,0.0011478147782481253,601288.SH
2024-09-13,4.48,4.51,4.4,4.44,332610579.0,1479707800.0,319244210777.0,0.001041868788130779,601288.SH
2024-09-18,4.45,4.5,4.44,4.5,283111784.0,1267274924.0,319244210777.0,0.0008868188504059063,601288.SH
2024-09-19,4.5,4.54,4.44,4.5,385250181.0,1723907245.0,319244210777.0,0.0012067569841355927,601288.SH
2024-09-20,4.5,4.55,4.49,4.54,432598866.0,1957951622.0,319244210777.0,0.001355071921107384,601288.SH
2024-09-23,4.53,4.63,4.52,4.62,314067992.0,1440471519.0,319244210777.0,0.0009837860214774083,601288.SH
2024-09-24,4.65,4.8,4.63,4.8,596147576.0,2812463058.0,319244210777.0,0.0018673716104328165,601288.SH
2024-09-25,4.87,4.97,4.76,4.84,610847482.0,2972679602.0,319244210777.0,0.0019134175699326687,601288.SH
2024-09-26,4.84,4.9,4.8,4.89,547069487.0,2655323233.0,319244210777.0,0.001713639491436672,601288.SH
2024-09-27,4.92,4.93,4.67,4.7,825882040.0,3903521211.0,319244210777.0,0.0025869914382782625,601288.SH
2024-09-30,4.69,4.9,4.56,4.8,1767690237.0,8293258729.0,319244210777.0,0.005537109765272378,601288.SH
2024-10-08,5.02,5.17,4.71,4.76,1654129811.0,8075753358.0,319244210777.0,0.005181393288147833,601288.SH
2024-10-09,4.72,4.8,4.65,4.67,1039787124.0,4895959513.0,319244210777.0,0.0032570273442681695,601288.SH
2024-10-10,4.69,4.9,4.68,4.82,1079928263.0,5189021070.0,319244210777.0,0.003382765376924428,601288.SH
2024-10-11,4.82,4.94,4.78,4.83,726585464.0,3538844119.0,319244210777.0,0.0022759550196120486,601288.SH
2024-10-14,4.9,5.06,4.88,5.03,956934793.0,4771269085.0,319244210777.0,0.0029975008494936895,601288.SH
2024-10-15,5.01,5.05,4.92,4.92,597249678.0,2973252225.0,319244210777.0,0.0018708238327842183,601288.SH
2024-10-16,4.92,5.04,4.9,5.02,558952197.0,2797490475.0,319244210777.0,0.0017508608711794057,601288.SH
2024-10-17,5.02,5.05,4.98,4.98,423090837.0,2120595508.0,319244210777.0,0.0013252889879200955,601288.SH
2024-10-18,4.99,5.01,4.86,4.96,699459832.0,3451194377.0,319244210777.0,0.0021909867380135203,601288.SH
2024-10-21,4.93,4.93,4.81,4.84,718684413.0,3482311207.0,319244210777.0,0.002251205781463705,601288.SH
2024-10-22,4.84,4.89,4.81,4.86,495719764.0,2399362095.0,319244210777.0,0.0015527917101252388,601288.SH
2024-10-23,4.85,4.87,4.83,4.85,379048777.0,1837406498.0,319244210777.0,0.0011873317172375443,601288.SH
2024-10-24,4.85,4.9,4.83,4.87,328284083.0,1597904936.0,319244210777.0,0.0010283164797287884,601288.SH
2024-10-25,4.87,4.88,4.8,4.82,382415051.0,1846864873.0,319244210777.0,0.0011978762279486609,601288.SH
2024-10-28,4.8,4.81,4.72,4.76,546379124.0,2594001813.0,319244210777.0,0.0017114769995990918,601288.SH
2024-10-29,4.75,4.8,4.74,4.79,428848378.0,2047035344.0,319244210777.0,0.0013433238991436597,601288.SH
2024-10-30,4.78,4.8,4.71,4.71,386774559.0,1831560686.0,319244210777.0,0.00121153194308094,601288.SH
2024-10-31,4.73,4.77,4.7,4.73,379583735.0,1794205039.0,319244210777.0,0.0011890074187285691,601288.SH
2024-11-01,4.72,4.79,4.71,4.78,455425800.0,2169204804.0,319244210777.0,0.0014265749687098514,601288.SH
2024-11-04,4.77,4.79,4.71,4.78,378411629.0,1795958399.0,319244210777.0,0.0011853359159716445,601288.SH
2024-11-05,4.76,4.8,4.75,4.8,364239869.0,1741594887.0,319244210777.0,0.0011409443200660907,601288.SH
2024-11-06,4.79,4.81,4.75,4.77,323639300.0,1545769938.0,319244210777.0,0.001013767169692139,601288.SH
2024-11-07,4.76,4.8,4.73,4.8,441466465.0,2105362940.0,319244210777.0,0.0013828487724977894,601288.SH
2024-11-08,4.79,4.81,4.74,4.76,464151867.0,2214104975.0,319244210777.0,0.0014539084855143124,601288.SH
2024-11-11,4.73,4.74,4.68,4.69,496011583.0,2333128901.0,319244210777.0,0.00155370580344361,601288.SH
2024-11-12,4.68,4.72,4.64,4.65,452765323.0,2115787157.0,319244210777.0,0.0014182412952705595,601288.SH
2024-11-13,4.65,4.69,4.63,4.66,336614896.0,1569033564.0,319244210777.0,0.0010544119036042094,601288.SH
2024-11-14,4.65,4.72,4.64,4.69,451701588.0,2121665775.0,319244210777.0,0.0014149092536419549,601288.SH
2024-11-15,4.69,4.75,4.65,4.7,513685557.0,2421716445.0,319244210777.0,0.0016090677282753361,601288.SH
2024-11-18,4.72,4.83,4.72,4.8,705066789.0,3377855459.0,319244210777.0,0.0022085499601823843,601288.SH
2024-11-19,4.8,4.82,4.7,4.75,568459472.0,2708267165.0,319244210777.0,0.0017806414425384303,601288.SH
2024-11-20,4.74,4.79,4.73,4.77,361954630.0,1725711317.0,319244210777.0,0.0011337860414729157,601288.SH
2024-11-21,4.76,4.78,4.75,4.77,218603300.0,1041078305.0,319244210777.0,0.00068475258946105,601288.SH
2024-11-22,4.77,4.79,4.7,4.7,319265800.0,1513295000.0,319244210777.0,0.0010000676260438599,601288.SH
2024-11-25,4.72,4.75,4.7,4.73,331071600.0,1567610887.0,319244210777.0,0.001037048093038911,601288.SH
2024-11-26,4.73,4.83,4.71,4.81,505542900.0,2416670303.0,319244210777.0,0.0015835616839208221,601288.SH
2024-11-27,4.8,4.86,4.79,4.83,427256585.0,2060642417.0,319244210777.0,0.0013383377695718008,601288.SH
2024-11-28,4.82,4.87,4.79,4.85,401482270.0,1945257350.0,319244210777.0,0.0012576023509489583,601288.SH
2024-11-29,4.87,4.88,4.8,4.81,428412159.0,2073798801.0,319244210777.0,0.0013419574875212271,601288.SH
2024-12-02,4.82,4.82,4.77,4.82,354507693.0,1701339234.0,319244210777.0,0.0011104592692132871,601288.SH
2024-12-03,4.81,4.89,4.81,4.89,467673140.0,2271131514.0,319244210777.0,0.0014649385148183041,601288.SH
2024-12-04,4.89,4.93,4.86,4.91,380647781.0,1865150832.0,319244210777.0,0.0011923404345330225,601288.SH
2024-12-05,4.9,4.95,4.9,4.92,277911802.0,1367102074.0,319244210777.0,0.0008705304360057081,601288.SH
2024-12-06,4.92,5.0,4.91,4.95,510451849.0,2532918132.0,319244210777.0,0.0015989384670676559,601288.SH
2024-12-09,4.95,5.05,4.92,5.01,505562236.0,2528957699.0,319244210777.0,0.0015836222519729506,601288.SH
2024-12-10,5.04,5.08,4.97,5.05,622946558.0,3126319108.0,319244210777.0,0.0019513166941503087,601288.SH
2024-12-11,5.04,5.07,4.97,4.97,469504266.0,2350122021.0,319244210777.0,0.0014706743306551623,601288.SH
2024-12-12,4.98,5.03,4.94,5.03,419912500.0,2098175081.0,319244210777.0,0.001315333170734674,601288.SH
2024-12-13,5.01,5.04,4.98,5.0,487565968.0,2442767759.0,319244210777.0,0.0015272507739868678,601288.SH
2024-12-16,4.99,5.14,4.99,5.11,566716083.0,2881011781.0,319244210777.0,0.0017751804539248646,601288.SH
2024-12-17,5.11,5.2,5.09,5.1,428242394.0,2200438055.0,319244210777.0,0.0013414257159361238,601288.SH
2024-12-18,5.12,5.19,5.08,5.1,544508325.0,2789248905.0,319244210777.0,0.0017056169121273512,601288.SH
2024-12-19,5.1,5.11,5.03,5.04,482170021.0,2441451621.0,319244210777.0,0.0015103485191680036,601288.SH
2024-12-20,5.04,5.1,5.03,5.04,504798615.0,2551785325.0,319244210777.0,0.0015812302869060149,601288.SH
2024-12-23,5.05,5.2,5.04,5.19,695987733.0,3585169517.0,319244210777.0,0.0021801107412599712,601288.SH
2024-12-24,5.18,5.26,5.15,5.25,432904076.0,2256538387.0,319244210777.0,0.0013560279603704207,601288.SH
2024-12-25,5.26,5.42,5.25,5.31,566560001.0,3014540717.0,319244210777.0,0.0017746915429447088,601288.SH
2024-12-26,5.31,5.33,5.21,5.3,430140127.0,2265639362.0,319244210777.0,0.0013473701714217256,601288.SH
2024-12-27,5.28,5.33,5.16,5.31,513680713.0,2697504399.0,319244210777.0,0.0016090525549383218,601288.SH
2024-12-30,5.29,5.39,5.28,5.37,420717713.0,2249306805.0,319244210777.0,0.0013178554185086907,601288.SH
2024-12-31,5.37,5.44,5.34,5.34,463019101.0,2495023167.0,319244210777.0,0.0014503602113036603,601288.SH
2025-01-02,5.34,5.4,5.17,5.2,640437445.0,3368830351.0,319244210777.0,0.0020061051175877436,601288.SH
2025-01-03,5.19,5.23,5.1,5.15,533097569.0,2745987063.0,319244210777.0,0.0016698738802577123,601288.SH
2025-01-06,5.16,5.21,5.05,5.19,494520558.0,2545070499.0,319244210777.0,0.0015490353193763468,601288.SH
2025-01-07,5.17,5.26,5.12,5.26,526716170.0,2733842079.0,319244210777.0,0.0016498847973406925,601288.SH
2025-01-08,5.16,5.24,5.14,5.18,533196411.0,2763161806.0,319244210777.0,0.001670183492763322,601288.SH
2025-01-09,5.18,5.2,5.09,5.14,404790000.0,2081123639.0,319244210777.0,0.00126796347853824,601288.SH
2025-01-10,5.14,5.17,5.06,5.1,354495999.0,1811152318.0,319244210777.0,0.001110422638948414,601288.SH
2025-01-13,5.08,5.1,4.96,5.03,428715940.0,2153668607.0,319244210777.0,0.0013429090505871967,601288.SH
2025-01-14,5.02,5.1,5.01,5.05,456482340.0,2306057898.0,319244210777.0,0.0014298844727332087,601288.SH
2025-01-15,5.05,5.16,5.04,5.07,474262127.0,2420481997.0,319244210777.0,0.0014855778460185888,601288.SH
2025-01-16,5.09,5.12,5.04,5.1,351748261.0,1787483507.0,319244210777.0,0.0011018156293073858,601288.SH
2025-01-17,5.08,5.11,5.04,5.05,339698192.0,1721481436.0,319244210777.0,0.0010640700145296844,601288.SH
2025-01-20,5.06,5.07,5.0,5.01,348904694.0,1752911601.0,319244210777.0,0.001092908445076608,601288.SH
2025-01-21,5.02,5.05,4.97,5.01,307439396.0,1541776282.0,319244210777.0,0.0009630226191157278,601288.SH
2025-01-22,5.01,5.02,4.9,4.93,474527102.0,2347048793.0,319244210777.0,0.0014864078532389393,601288.SH
2025-01-23,4.94,5.08,4.94,5.06,656489943.0,3305326860.0,319244210777.0,0.0020563879338710215,601288.SH
2025-01-24,5.05,5.08,4.97,5.04,427648938.0,2152748096.0,319244210777.0,0.0013395667754135827,601288.SH
2025-01-27,5.04,5.2,5.04,5.16,564788552.0,2902113570.0,319244210777.0,0.0017691426592368776,601288.SH
2025-02-05,5.17,5.19,5.04,5.05,499457595.0,2537287331.0,319244210777.0,0.0015645000853245967,601288.SH
2025-02-06,5.05,5.08,5.01,5.04,348691239.0,1755583016.0,319244210777.0,0.001092239819012942,601288.SH
2025-02-07,5.03,5.04,4.98,5.02,476028741.0,2383650927.0,319244210777.0,0.00149111158458099,601288.SH
2025-02-10,5.02,5.05,4.99,5.02,328317651.0,1649828119.0,319244210777.0,0.0010284216280724917,601288.SH
2025-02-11,5.02,5.11,5.01,5.11,482172342.0,2450542461.0,319244210777.0,0.0015103557894642898,601288.SH
2025-02-12,5.11,5.15,5.07,5.14,380808837.0,1947113779.0,319244210777.0,0.0011928449260619621,601288.SH
2025-02-13,5.12,5.19,5.11,5.16,377767628.0,1951630255.0,319244210777.0,0.0011833186483806908,601288.SH
2025-02-14,5.17,5.21,5.14,5.21,359921296.0,1862561761.0,319244210777.0,0.001127416829655257,601288.SH
2025-02-17,5.2,5.25,5.15,5.24,393042238.0,2045429681.0,319244210777.0,0.0012311648096715207,601288.SH
2025-02-18,5.23,5.33,5.22,5.29,459200967.0,2430271469.0,319244210777.0,0.001438400295129434,601288.SH
2025-02-19,5.28,5.31,5.25,5.25,350572483.0,1848642900.0,319244210777.0,0.0010981326243841695,601288.SH
2025-02-20,5.25,5.3,5.24,5.27,257506127.0,1357245208.0,319244210777.0,0.0008066117358033297,601288.SH
2025-02-21,5.27,5.28,5.17,5.18,494717033.0,2578359116.0,319244210777.0,0.001549650757318109,601288.SH
2025-02-24,5.16,5.19,5.11,5.14,438225855.0,2255477743.0,319244210777.0,0.0013726978914775424,601288.SH
2025-02-25,5.14,5.17,5.1,5.11,413169171.0,2117910825.0,319244210777.0,0.0012942103789271497,601288.SH
2025-02-26,5.11,5.19,5.11,5.12,449048190.0,2309036564.0,319244210777.0,0.001406597754449716,601288.SH
2025-02-27,5.12,5.18,5.08,5.16,429727954.0,2204493628.0,319244210777.0,0.0013460790814470733,601288.SH
2025-02-28,5.15,5.2,5.13,5.13,526431366.0,2719745630.0,319244210777.0,0.0016489926777958877,601288.SH
2025-03-03,5.14,5.16,5.08,5.11,455197311.0,2324643486.0,319244210777.0,0.001425859250171232,601288.SH
2025-03-04,5.11,5.13,5.07,5.08,414261193.0,2109785951.0,319244210777.0,0.0012976310267044176,601288.SH
2025-03-05,5.08,5.2,5.06,5.16,632038292.0,3250651702.0,319244210777.0,0.0019797956256174505,601288.SH
2025-03-06,5.15,5.16,5.1,5.11,606352532.0,3101279405.0,319244210777.0,0.0018993375965196508,601288.SH
2025-03-07,5.11,5.13,5.09,5.1,363698681.0,1856290633.0,319244210777.0,0.0011392491037341083,601288.SH
2025-03-10,5.1,5.11,5.04,5.06,471574624.0,2388029586.0,319244210777.0,0.0014771595163847984,601288.SH
2025-03-11,5.05,5.09,5.04,5.09,433933060.0,2197131278.0,319244210777.0,0.0013592511480282191,601288.SH
2025-03-12,5.07,5.08,5.03,5.05,413644672.0,2085780918.0,319244210777.0,0.0012956998374167577,601288.SH
2025-03-13,5.05,5.1,5.04,5.08,383534700.0,1948207196.0,319244210777.0,0.001201383414491762,601288.SH
2025-03-14,5.09,5.12,5.08,5.09,517636031.0,2639636094.0,319244210777.0,0.0016214421860309993,601288.SH
2025-03-17,5.1,5.14,5.09,5.13,380446373.0,1948775511.0,319244210777.0,0.001191709544470804,601288.SH
2025-03-18,5.14,5.14,5.11,5.12,273808270.0,1403313347.0,319244210777.0,0.0008576765396421295,601288.SH
2025-03-19,5.13,5.18,5.12,5.17,423575341.0,2185952585.0,319244210777.0,0.0013268066473909464,601288.SH
2025-03-20,5.17,5.19,5.13,5.14,289062972.0,1487461842.0,319244210777.0,0.0009054603411490449,601288.SH
2025-03-21,5.14,5.15,5.08,5.09,333636660.0,1704161131.0,319244210777.0,0.0010450828824365229,601288.SH
2025-03-24,5.09,5.15,5.08,5.14,389400752.0,1997091518.0,319244210777.0,0.001219758225379398,601288.SH
2025-03-25,5.15,5.17,5.14,5.17,256160980.0,1321135170.0,319244210777.0,0.000802398199724708,601288.SH
2025-03-26,5.17,5.17,5.13,5.15,252538632.0,1301188691.0,319244210777.0,0.0007910515632698645,601288.SH
2025-03-27,5.15,5.2,5.14,5.15,351414202.0,1815696022.0,319244210777.0,0.001100769223487882,601288.SH
2025-03-28,5.14,5.15,5.1,5.1,315648172.0,1613748647.0,319244210777.0,0.0009887357745086507,601288.SH
2025-03-31,5.13,5.19,5.1,5.18,560112297.0,2891701297.0,319244210777.0,0.00175449476636321,601288.SH
2025-04-01,5.17,5.18,5.1,5.13,479432838.0,2458033237.0,319244210777.0,0.0015017745719902679,601288.SH
2025-04-02,5.12,5.18,5.12,5.17,386085415.0,1989944950.0,319244210777.0,0.0012093732696367993,601288.SH
2025-04-03,5.16,5.22,5.15,5.22,500442189.0,2597099711.0,319244210777.0,0.0015675842258250732,601288.SH
2025-04-07,5.16,5.17,4.92,5.03,1099362749.0,5559714273.0,319244210777.0,0.0034436419264245706,601288.SH
2025-04-08,5.02,5.13,5.02,5.11,740559077.0,3761019087.0,319244210777.0,0.0023197259402060037,601288.SH
2025-04-09,5.09,5.12,5.03,5.08,579354616.0,2938660333.0,319244210777.0,0.0018147693722931552,601288.SH
2025-04-10,5.08,5.09,5.05,5.08,470964082.0,2389180889.0,319244210777.0,0.0014752470557061411,601288.SH
2025-04-11,5.09,5.13,5.06,5.13,486043471.0,2477601436.0,319244210777.0,0.0015224817070825865,601288.SH
2025-04-14,5.12,5.2,5.11,5.18,457336353.0,2366083009.0,319244210777.0,0.0014325595815407309,601288.SH
2025-04-15,5.18,5.3,5.17,5.3,603848637.0,3178125422.0,319244210777.0,0.0018914944002596285,601288.SH
2025-04-16,5.3,5.38,5.28,5.37,502554790.0,2677975122.0,319244210777.0,0.0015742017334530367,601288.SH
2025-04-17,5.36,5.38,5.3,5.37,346221134.0,1850574675.0,319244210777.0,0.0010845024664890293,601288.SH
2025-04-18,5.36,5.44,5.36,5.42,355933274.0,1924964705.0,319244210777.0,0.0011149247566109451,601288.SH
2025-04-21,5.41,5.52,5.36,5.37,443958377.0,2411877272.0,319244210777.0,0.001390654433229851,601288.SH
2025-04-22,5.37,5.53,5.36,5.5,488773117.0,2678068003.0,319244210777.0,0.0015310320453748812,601288.SH
2025-04-23,5.51,5.53,5.45,5.48,311756974.0,1711597137.0,319244210777.0,0.000976546992790325,601288.SH
2025-04-24,5.48,5.62,5.47,5.59,396038873.0,2204899037.0,319244210777.0,0.0012405514638341962,601288.SH
2025-04-25,5.6,5.65,5.51,5.55,402521523.0,2238535150.0,319244210777.0,0.0012608577052041557,601288.SH
2025-04-28,5.54,5.63,5.54,5.61,315202274.0,1765433880.0,319244210777.0,0.0009873390444037735,601288.SH
2025-04-29,5.6,5.63,5.55,5.59,298269012.0,1666368542.0,319244210777.0,0.0009342973245279874,601288.SH
2025-04-30,5.57,5.58,5.37,5.42,655943330.0,3556414275.0,319244210777.0,0.0020546757242786546,601288.SH
2025-05-06,5.42,5.44,5.34,5.38,483562362.0,2598219463.0,319244210777.0,0.0015147098856485774,601288.SH
2025-05-07,5.4,5.46,5.36,5.46,498874191.0,2706911004.0,319244210777.0,0.001562672631669039,601288.SH
2025-05-08,5.46,5.51,5.43,5.44,359551185.0,1961037420.0,319244210777.0,0.0011262574946148528,601288.SH
2025-05-09,5.45,5.53,5.44,5.51,397102737.0,2183767533.0,319244210777.0,0.0012438839095421721,601288.SH
2025-05-12,5.5,5.55,5.46,5.52,362902508.0,2000386590.0,319244210777.0,0.0011367551728400688,601288.SH
2025-05-13,5.52,5.64,5.5,5.63,404077358.0,2259194245.0,319244210777.0,0.0012657312000005478,601288.SH
2025-05-14,5.62,5.69,5.59,5.64,403280989.0,2276243660.0,319244210777.0,0.0012632366551564556,601288.SH
2025-05-15,5.64,5.71,5.62,5.66,414514905.0,2347503088.0,319244210777.0,0.0012984257537235308,601288.SH
2025-05-16,5.65,5.66,5.55,5.59,410681078.0,2293009279.0,319244210777.0,0.0012864166808239192,601288.SH
2025-05-19,5.58,5.63,5.55,5.56,304683003.0,1701416799.0,319244210777.0,0.0009543884985680403,601288.SH
2025-05-20,5.57,5.61,5.53,5.57,298151512.0,1659489244.0,319244210777.0,0.0009339292677362479,601288.SH
2025-05-21,5.57,5.62,5.55,5.58,267112694.0,1492689970.0,319244210777.0,0.0008367033292471664,601288.SH
2025-05-22,5.58,5.63,5.55,5.61,312516336.0,1747239330.0,319244210777.0,0.0009789256169732093,601288.SH
2025-05-23,5.61,5.65,5.54,5.54,408539815.0,2279497273.0,319244210777.0,0.001279709392397957,601288.SH
2025-05-26,5.54,5.56,5.48,5.5,328404738.0,1811191197.0,319244210777.0,0.001028694419236936,601288.SH
2025-05-27,5.5,5.56,5.49,5.53,244988260.0,1355685744.0,319244210777.0,0.0007674007913995671,601288.SH
2025-05-28,5.53,5.55,5.49,5.52,246485949.0,1360418870.0,319244210777.0,0.0007720921497686188,601288.SH
2025-05-29,5.53,5.54,5.49,5.51,245439721.0,1351989726.0,319244210777.0,0.0007688149470357843,601288.SH
2025-05-30,5.51,5.56,5.49,5.53,407222638.0,2251623255.0,319244210777.0,0.0012755834694977604,601288.SH
2025-06-03,5.52,5.58,5.5,5.57,361998654.0,2008837467.0,319244210777.0,0.0011339239421724863,601288.SH
2025-06-04,5.58,5.6,5.55,5.57,254910639.0,1421660587.0,319244210777.0,0.0007984816337924493,601288.SH
2025-06-05,5.57,5.63,5.55,5.57,356117416.0,1987878507.0,319244210777.0,0.0011155015626853665,601288.SH
2025-06-06,5.58,5.62,5.57,5.61,280110616.0,1567893982.0,319244210777.0,0.0008774179970820653,601288.SH
2025-06-09,5.62,5.64,5.53,5.59,403543131.0,2249735937.0,319244210777.0,0.0012640577882926274,601288.SH
2025-06-10,5.58,5.67,5.57,5.62,419223261.0,2359550808.0,319244210777.0,0.0013131741997127015,601288.SH
2025-06-11,5.61,5.64,5.59,5.62,237239493.0,1331929176.0,319244210777.0,0.0007431285673829107,601288.SH
2025-06-12,5.62,5.65,5.6,5.63,236750711.0,1332901022.0,319244210777.0,0.0007415975075124424,601288.SH
2025-06-13,5.63,5.65,5.6,5.6,305518916.0,1716495032.0,319244210777.0,0.0009570069109676434,601288.SH
2025-06-16,5.6,5.64,5.53,5.63,421998921.0,2356749251.0,319244210777.0,0.0013218686721770399,601288.SH
2025-06-17,5.63,5.67,5.62,5.64,244868740.0,1382040092.0,319244210777.0,0.0007670264071634079,601288.SH
2025-06-18,5.65,5.73,5.64,5.73,380723980.0,2169312855.0,319244210777.0,0.0011925791201455652,601288.SH
2025-06-19,5.74,5.76,5.69,5.74,303338373.0,1737452625.0,319244210777.0,0.0009501765819393021,601288.SH
2025-06-20,5.74,5.79,5.71,5.77,327799909.0,1887045413.0,319244210777.0,0.0010267998539493528,601288.SH
2025-06-23,5.76,5.93,5.74,5.89,443980699.0,2590508263.0,319244210777.0,0.0013907243546230868,601288.SH
2025-06-24,5.89,5.98,5.87,5.96,450823117.0,2672215435.0,319244210777.0,0.0014121575326385828,601288.SH
2025-06-25,5.96,6.07,5.92,6.02,458850073.0,2756476005.0,319244210777.0,0.0014373011553857687,601288.SH
2025-06-26,6.01,6.09,5.98,6.08,345406418.0,2086357100.0,319244210777.0,0.001081950451534656,601288.SH
2025-06-27,6.07,6.09,5.85,5.88,732883819.0,4355922838.0,319244210777.0,0.002295683975650658,601288.SH
2025-06-30,5.85,5.9,5.8,5.88,392937008.0,2304487884.0,319244210777.0,0.0012308351874060334,601288.SH
2025-07-01,5.89,5.99,5.88,5.96,314547507.0,1873152905.0,319244210777.0,0.0009852880534135019,601288.SH
2025-07-02,5.97,6.02,5.96,5.98,275379690.0,1649522723.0,319244210777.0,0.0008625988528648983,601288.SH
2025-07-03,5.99,6.0,5.91,5.95,309911830.0,1845636761.0,319244210777.0,0.0009707672669951127,601288.SH
2025-07-04,5.95,6.07,5.94,6.03,374680422.0,2254998658.0,319244210777.0,0.001173648289778146,601288.SH
2025-07-07,6.03,6.09,6.02,6.08,267920682.0,1623973274.0,319244210777.0,0.0008392342694262645,601288.SH
2025-07-08,6.08,6.12,6.04,6.12,289730860.0,1763855137.0,319244210777.0,0.0009075524323364604,601288.SH
2025-07-09,6.11,6.27,6.1,6.2,383411839.0,2376919893.0,319244210777.0,0.0012009985649131243,601288.SH
2025-07-10,6.21,6.35,6.2,6.31,560600459.0,3529574218.0,319244210777.0,0.0017560238841467773,601288.SH
2025-07-11,6.33,6.51,6.27,6.32,989961654.0,6343713672.0,319244210777.0,0.003100954130352305,601288.SH
2025-07-14,6.32,6.47,6.31,6.38,523567635.0,3356945091.0,319244210777.0,0.0016400223318872491,601288.SH
2025-07-15,6.4,6.42,6.28,6.33,415786764.0,2637998505.0,319244210777.0,0.0013024097226008505,601288.SH
2025-07-16,6.31,6.33,6.24,6.29,447861965.0,2810813786.0,319244210777.0,0.0014028820253622163,601288.SH
2025-07-17,6.18,6.21,6.13,6.13,404638243.0,2490734816.0,319244210777.0,0.0012674881151804186,601288.SH
2025-07-18,6.15,6.24,6.13,6.22,403551549.0,2504186140.0,319244210777.0,0.0012640841568209071,601288.SH
2025-07-21,6.22,6.23,6.14,6.19,374360016.0,2316276127.0,319244210777.0,0.001172644650591643,601288.SH
2025-07-22,6.18,6.19,6.08,6.1,560928328.0,3429760548.0,319244210777.0,0.0017570509004212526,601288.SH
2025-07-23,6.09,6.3,6.07,6.25,627822114.0,3903727960.0,319244210777.0,0.0019665888771231294,601288.SH
2025-07-24,6.26,6.28,6.19,6.2,438895992.0,2732429784.0,319244210777.0,0.0013747970274285717,601288.SH
2025-07-25,6.19,6.24,6.16,6.18,345934008.0,2144477037.0,319244210777.0,0.0010836030735155398,601288.SH
2025-07-28,6.17,6.21,6.15,6.19,317334503.0,1964162542.0,319244210777.0,0.0009940180347441476,601288.SH
2025-07-29,6.2,6.29,6.13,6.14,417931454.0,2585549801.0,319244210777.0,0.0013091277457555385,601288.SH
2025-07-30,6.15,6.27,6.11,6.23,512578522.0,3187505669.0,319244210777.0,0.0016056000538034777,601288.SH
2025-07-31,6.25,6.34,6.17,6.3,528806016.0,3310091942.0,319244210777.0,0.0016564310272469877,601288.SH
2025-08-01,6.31,6.39,6.25,6.33,537025200.0,3404887173.0,319244210777.0,0.001682176784640663,601288.SH
2025-08-04,6.34,6.48,6.33,6.39,542749286.0,3479649345.0,319244210777.0,0.001700106901481524,601288.SH
2025-08-05,6.4,6.56,6.38,6.54,491067264.0,3189429360.0,319244210777.0,0.0015382182273714672,601288.SH
2025-08-06,6.56,6.62,6.55,6.62,437604532.0,2883879126.0,319244210777.0,0.0013707516604135935,601288.SH
2025-08-07,6.62,6.74,6.56,6.71,431012867.0,2881395034.0,319244210777.0,0.0013501039406508555,601288.SH
2025-08-08,6.72,6.75,6.66,6.71,389260296.0,2607186062.0,319244210777.0,0.0012193182612539463,601288.SH
2025-08-11,6.69,6.78,6.62,6.74,498159991.0,3343320542.0,319244210777.0,0.0015604354728549082,601288.SH
2025-08-12,6.74,6.88,6.73,6.85,472222542.0,3231456855.0,319244210777.0,0.0014791890535796094,601288.SH
2025-08-13,6.86,6.95,6.7,6.8,716059337.0,4885028306.0,319244210777.0,0.002242982998054067,601288.SH
2025-08-14,6.78,6.94,6.75,6.92,575128657.0,3960084279.0,319244210777.0,0.0018015319858117698,601288.SH
2025-08-15,6.93,6.95,6.7,6.85,744214245.0,5072662102.0,319244210777.0,0.002331175381970676,601288.SH
2025-08-18,6.79,6.94,6.73,6.93,589478113.0,4043621056.0,319244210777.0,0.00184648019635277,601288.SH
2025-08-19,6.92,7.09,6.91,7.02,544434491.0,3828327526.0,319244210777.0,0.0017053856346366167,601288.SH
2025-08-20,7.02,7.14,6.98,7.08,475157765.0,3358732685.0,319244210777.0,0.0014883833409023335,601288.SH
2025-08-21,7.07,7.24,7.03,7.23,477400854.0,3422413035.0,319244210777.0,0.0014954095889102162,601288.SH
2025-08-22,7.23,7.31,7.18,7.3,518361195.0,3755078285.0,319244210777.0,0.0016237136884592973,601288.SH
2025-08-25,7.29,7.29,7.1,7.26,748795450.0,5368571641.0,319244210777.0,0.0023455255403928127,601288.SH
2025-08-26,7.21,7.34,7.16,7.28,534420033.0,3891342369.0,319244210777.0,0.0016740163641473381,601288.SH
2025-08-27,7.22,7.24,7.1,7.11,621796292.0,4442922385.0,319244210777.0,0.0019477136029706743,601288.SH
2025-08-28,7.08,7.08,6.87,7.02,575732614.0,4017333889.0,319244210777.0,0.0018034238196480985,601288.SH
2025-08-29,6.99,7.1,6.97,7.02,446247266.0,3137902032.0,319244210777.0,0.0013978241450765564,601288.SH
2025-09-01,7.0,7.08,6.93,7.05,459122027.0,3226618787.0,319244210777.0,0.0014381530236133495,601288.SH
2025-09-02,7.03,7.2,7.02,7.19,570618934.0,4073081397.0,319244210777.0,0.001787405737479736,601288.SH
2025-09-03,7.19,7.2,7.11,7.15,454533431.0,3253671271.0,319244210777.0,0.0014237797136359128,601288.SH
2025-09-04,7.12,7.55,7.05,7.52,961631006.0,7022880276.0,319244210777.0,0.0030122112587711827,601288.SH
2025-09-05,7.45,7.49,7.24,7.3,624118223.0,4589002390.0,319244210777.0,0.001954986815519615,601288.SH
2025-09-08,7.23,7.35,7.17,7.26,469395031.0,3417018998.0,319244210777.0,0.0014703321631347735,601288.SH
2025-09-09,7.25,7.4,7.25,7.31,393328542.0,2882673380.0,319244210777.0,0.001232061627813667,601288.SH
2025-09-10,7.29,7.34,7.25,7.29,314814910.0,2298638093.0,319244210777.0,0.0009861256660967487,601288.SH
2025-09-11,7.28,7.35,7.2,7.28,443981510.0,3220286308.0,319244210777.0,0.0013907268949980493,601288.SH
2025-09-12,7.26,7.29,7.22,7.24,264975949.0,1919632978.0,319244210777.0,0.0008300101929963964,601288.SH
2025-09-15,7.22,7.23,7.1,7.16,370893761.0,2654602798.0,319244210777.0,0.0011617869595733359,601288.SH
2025-09-16,7.13,7.17,7.03,7.04,411999513.0,2916343399.0,319244210777.0,0.001290546544281086,601288.SH
2025-09-17,7.0,7.04,6.9,6.96,430570131.0,2996698762.0,319244210777.0,0.0013487171151891739,601288.SH
2025-09-18,6.95,7.0,6.75,6.77,563447268.0,3850360383.0,319244210777.0,0.0017649412236126088,601288.SH
2025-09-19,6.72,6.75,6.63,6.65,500934662.0,3343181951.0,319244210777.0,0.0015691268473773995,601288.SH
2025-09-22,6.6,6.64,6.46,6.49,500673726.0,3269667642.0,319244210777.0,0.0015683094919134901,601288.SH
2025-09-23,6.44,6.72,6.39,6.65,744907881.0,4930463605.0,319244210777.0,0.002333348126147655,601288.SH
2025-09-24,6.62,6.7,6.53,6.57,474622656.0,3133503954.0,319244210777.0,0.0014867071664191765,601288.SH
2025-09-25,6.55,6.64,6.44,6.61,466805969.0,3042998736.0,319244210777.0,0.0014622221899149035,601288.SH
2025-09-26,6.59,6.68,6.58,6.62,398271364.0,2641249055.0,319244210777.0,0.0012475445146856632,601288.SH
2025-09-29,6.59,6.69,6.52,6.62,443382828.0,2925870909.0,319244210777.0,0.001388851584562371,601288.SH
2025-09-30,6.61,6.68,6.6,6.67,308745951.0,2051825282.0,319244210777.0,0.0009671152696819511,601288.SH
2025-10-09,6.64,6.74,6.54,6.7,396175668.0,2630730713.0,319244210777.0,0.0012409799602497366,601288.SH
2025-10-10,6.7,6.83,6.68,6.83,472481157.0,3200498381.0,319244210777.0,0.0014799991387472325,601288.SH
2025-10-13,6.8,6.96,6.73,6.91,572781698.0,3922520938.0,319244210777.0,0.0017941803755999893,601288.SH
2025-10-14,6.88,7.13,6.83,7.13,601388760.0,4224621189.0,319244210777.0,0.001883789085904787,601288.SH
2025-10-15,7.11,7.3,7.08,7.27,524169034.0,3779542593.0,319244210777.0,0.0016419061530489117,601288.SH
2025-10-16,7.25,7.5,7.23,7.49,532254311.0,3929947725.0,319244210777.0,0.0016672324603931277,601288.SH
2025-10-17,7.49,7.69,7.47,7.62,603133088.0,4575465343.0,319244210777.0,0.0018892530158402885,601288.SH
2025-10-20,7.54,7.76,7.42,7.75,561704810.0,4294455486.0,319244210777.0,0.0017594831512617929,601288.SH
2025-10-21,7.75,7.89,7.68,7.88,506067448.0,3946308013.0,319244210777.0,0.0015852047771462978,601288.SH
2025-10-22,7.87,8.1,7.82,8.09,494518482.0,3949555770.0,319244210777.0,0.0015490288165176266,601288.SH
2025-10-23,8.09,8.27,7.9,7.99,713519968.0,5749085935.0,319244210777.0,0.0022350286830993197,601288.SH
2025-10-24,7.85,8.07,7.85,7.99,505912014.0,4045372039.0,319244210777.0,0.0015847178959601936,601288.SH
2025-10-27,7.92,8.2,7.9,8.18,522010198.0,4217814928.0,319244210777.0,0.0016351438189888964,601288.SH
2025-10-28,8.18,8.34,8.17,8.31,446537481.0,3691972448.0,319244210777.0,0.0013987332140281707,601288.SH
2025-10-29,8.3,8.3,8.11,8.15,406451779.0,3328852190.0,319244210777.0,0.0012731688321324537,601288.SH
2025-10-30,8.1,8.24,8.03,8.06,370225530.0,3005587296.0,319244210777.0,0.001159693793973328,601288.SH
2025-10-31,8.05,8.07,7.86,7.96,382862670.0,3035832303.0,319244210777.0,0.0011992783489108878,601288.SH
2025-11-03,7.94,8.06,7.88,8.01,271839281.0,2175462418.0,319244210777.0,0.0008515088819884239,601288.SH
2025-11-04,8.01,8.22,8.0,8.15,374084190.0,3046467432.0,319244210777.0,0.001171780653718125,601288.SH
2025-11-05,8.18,8.23,8.07,8.18,345436362.0,2820034099.0,319244210777.0,0.0010820442480671821,601288.SH
2025-11-06,8.13,8.18,8.06,8.16,260082040.0,2111488870.0,319244210777.0,0.0008146805211189053,601288.SH
2025-11-07,8.18,8.28,8.08,8.08,294205277.0,2397778281.0,319244210777.0,0.0009215680882166715,601288.SH
2025-11-10,8.06,8.13,8.0,8.12,209000578.0,1688811746.0,319244210777.0,0.0006546730400883984,601288.SH
2025-11-11,8.12,8.3,8.11,8.3,340653165.0,2803436151.0,319244210777.0,0.001067061370262262,601288.SH
2025-11-12,8.32,8.65,8.32,8.59,512586238.0,4368474428.0,319244210777.0,0.0016056242233882018,601288.SH
2025-11-13,8.56,8.61,8.42,8.56,356221882.0,3034323119.0,319244210777.0,0.0011158287917986077,601288.SH
2025-11-14,8.56,8.68,8.47,8.5,355089639.0,3049904170.0,319244210777.0,0.0011122821558322287,601288.SH
2025-11-17,8.45,8.5,8.3,8.32,320831553.0,2682497831.0,319244210777.0,0.001004972187965873,601288.SH
2025-11-18,8.28,8.3,8.14,8.19,280929512.0,2305253260.0,319244210777.0,0.0008799831054610298,601288.SH
2025-11-19,8.2,8.29,8.18,8.22,231527161.0,1906326366.0,319244210777.0,0.0007252352687508168,601288.SH
2025-11-20,8.19,8.28,8.1,8.16,308917066.0,2532502621.0,319244210777.0,0.0009676512700046618,601288.SH
2025-11-21,8.15,8.22,8.03,8.05,333446276.0,2699331389.0,319244210777.0,0.001044486523932365,601288.SH
2025-11-24,8.04,8.09,7.94,8.02,296834384.0,2379730639.0,319244210777.0,0.0009298034983235645,601288.SH
2025-11-25,7.99,8.07,7.95,8.07,231308435.0,1856488671.0,319244210777.0,0.0007245501318160932,601288.SH
2025-11-26,8.07,8.12,7.91,7.94,310154900.0,2475714918.0,319244210777.0,0.0009715286590322883,601288.SH
2025-11-27,7.95,8.12,7.86,8.1,333658851.0,2678201856.0,319244210777.0,0.0010451523934855908,601288.SH
2025-11-28,8.08,8.13,8.02,8.04,247427098.0,1995685221.0,319244210777.0,0.0007750402032280985,601288.SH
2025-12-01,8.01,8.02,7.95,7.99,244576250.0,1950246836.0,319244210777.0,0.0007661102120058257,601288.SH
2025-12-02,7.97,8.03,7.92,8.02,226671918.0,1808356617.0,319244210777.0,0.000710026714183193,601288.SH
2025-12-03,8.0,8.08,7.96,7.98,203761790.0,1632066875.0,319244210777.0,0.000638263069842581,601288.SH
2025-12-04,7.96,7.99,7.87,7.9,213368513.0,1687237423.0,319244210777.0,0.0006683551519405412,601288.SH
2025-12-05,7.89,7.93,7.81,7.82,214508497.0,1682267142.0,319244210777.0,0.0006719260358015998,601288.SH
2025-12-08,7.82,7.86,7.75,7.84,188338190.0,1474630705.0,319244210777.0,0.0005899502125398255,601288.SH
2025-12-09,7.86,8.06,7.84,8.04,331045043.0,2642529971.0,319244210777.0,0.0010369649059391813,601288.SH
2025-12-10,8.05,8.09,7.81,7.82,350427125.0,2769026567.0,319244210777.0,0.0010976773052426064,601288.SH
2025-12-11,7.84,7.93,7.75,7.93,278861109.0,2172335032.0,319244210777.0,0.0008735040435699284,601288.SH
2025-12-12,7.87,7.87,7.66,7.72,577880373.0,4448527015.0,319244210777.0,0.001810151456132947,601288.SH
2025-12-15,7.58,7.59,7.47,7.49,280339223.0,2109081128.0,319244210777.0,0.0008781340852436754,601288.SH
2025-12-16,7.45,7.47,7.36,7.37,285011753.0,2108085055.0,319244210777.0,0.0008927703099339451,601288.SH
2025-12-17,7.35,7.52,7.32,7.45,285450114.0,2127547355.0,319244210777.0,0.0008941434311533811,601288.SH
2025-12-18,7.46,7.61,7.42,7.6,272848759.0,2057380323.0,319244210777.0,0.0008546709690863952,601288.SH
2025-12-19,7.59,7.6,7.51,7.55,222358699.0,1680884827.0,319244210777.0,0.0006965159946324698,601288.SH
2025-12-22,7.51,7.62,7.47,7.59,191606269.0,1448703868.0,319244210777.0,0.0006001871374069857,601288.SH
2025-12-23,7.58,7.67,7.57,7.66,231702374.0,1768735696.0,319244210777.0,0.0007257841056414642,601288.SH
2025-12-24,7.67,7.69,7.6,7.64,203049941.0,1552456223.0,319244210777.0,0.0006360332752966832,601288.SH
2025-12-25,7.63,7.67,7.56,7.58,177737619.0,1351613916.0,319244210777.0,0.0005567450027281908,601288.SH
2025-12-26,7.55,7.6,7.5,7.51,189086683.0,1424620266.0,319244210777.0,0.0005922947906863744,601288.SH
2025-12-29,7.49,7.64,7.47,7.64,286453032.0,2169201533.0,319244210777.0,0.0008972849697189796,601288.SH
2025-12-30,7.63,7.65,7.53,7.61,225916301.0,1715101425.0,319244210777.0,0.0007076598208316709,601288.SH
2025-12-31,7.6,7.7,7.57,7.68,286895070.0,2191803822.0,319244210777.0,0.0008986696087666985,601288.SH
2026-01-05,7.65,7.68,7.54,7.57,318401559.0,2413285383.0,319244210777.0,0.0009973604790672662,601288.SH
2026-01-06,7.57,7.58,7.5,7.56,234385442.0,1765205087.0,319244210777.0,0.0007341885430891151,601288.SH
2026-01-07,7.54,7.54,7.46,7.49,234923430.0,1760850583.0,319244210777.0,0.0007358737357467692,601288.SH
2026-01-08,7.47,7.48,7.36,7.44,282723810.0,2095027510.0,319244210777.0,0.000885603561335963,601288.SH
2026-01-09,7.42,7.45,7.38,7.41,223087394.0,1652341284.0,319244210777.0,0.0006987985575589092,601288.SH
2026-01-12,7.38,7.53,7.33,7.52,343998148.0,2558792030.0,319244210777.0,0.0010775391890827152,601288.SH
2026-01-13,7.5,7.7,7.5,7.61,488319584.0,3716087471.0,319244210777.0,0.0015296113994095364,601288.SH
2026-01-14,7.58,7.59,7.45,7.48,389549191.0,2918714413.0,319244210777.0,0.0012202231954399003,601288.SH
2026-01-15,7.44,7.45,7.33,7.33,363799500.0,2684475214.0,319244210777.0,0.0011395649089910138,601288.SH
2026-01-16,7.33,7.36,7.2,7.21,372323797.0,2702324231.0,319244210777.0,0.0011662664018050977,601288.SH
2026-01-19,7.17,7.23,7.09,7.1,319990158.0,2285022638.0,319244210777.0,0.0010023366037591862,601288.SH
2026-01-20,7.09,7.19,7.06,7.17,378482159.0,2699650553.0,319244210777.0,0.0011855568440186349,601288.SH
2026-01-21,7.18,7.22,6.93,6.96,553761621.0,3892792864.0,319244210777.0,0.0017346019201169359,601288.SH
2026-01-22,6.9,6.93,6.79,6.81,476506613.0,3259858633.0,319244210777.0,0.0014926084699867954,601288.SH
2026-01-23,6.8,6.86,6.73,6.75,395974110.0,2688032919.0,319244210777.0,0.001240348600327784,601288.SH
2026-01-26,6.75,6.91,6.72,6.84,633430452.0,4339048354.0,319244210777.0,0.001984156425133945,601288.SH
2026-01-27,6.88,7.09,6.83,6.89,685079166.0,4776956952.0,319244210777.0,0.002145940765323838,601288.SH
2026-01-28,6.85,6.91,6.75,6.8,524590550.0,3578130962.0,319244210777.0,0.0016432265090202043,601288.SH
2026-01-29,6.76,6.82,6.67,6.78,529744140.0,3568943370.0,319244210777.0,0.0016593696052018291,601288.SH
2026-01-30,6.78,6.87,6.71,6.72,411169061.0,2791121485.0,319244210777.0,0.0012879452379082037,601288.SH
2026-02-02,6.73,6.86,6.73,6.78,491724254.0,3341345694.0,319244210777.0,0.0015402761816829987,601288.SH
2026-02-03,6.75,6.76,6.64,6.66,447228401.0,2980959525.0,319244210777.0,0.0014008974506115638,601288.SH
2026-02-04,6.64,6.72,6.62,6.67,306558928.0,2041148152.0,319244210777.0,0.0009602646427130954,601288.SH
2026-02-05,6.67,6.72,6.65,6.7,334127511.0,2235420174.0,319244210777.0,0.001046620423238924,601288.SH
2026-02-06,6.7,6.75,6.62,6.67,336079896.0,2238168001.0,319244210777.0,0.0010527360705524591,601288.SH
2026-02-09,6.63,6.71,6.6,6.71,293167513.0,1954228104.0,319244210777.0,0.0009183173981024351,601288.SH
2026-02-10,6.71,6.81,6.69,6.73,358041118.0,2419814505.0,319244210777.0,0.0011215273634205402,601288.SH
2026-02-11,6.73,6.81,6.67,6.79,307749100.0,2079104736.0,319244210777.0,0.0009639927353763993,601288.SH
2026-02-12,6.79,6.79,6.61,6.61,444916079.0,2965037693.0,319244210777.0,0.0013936543372771917,601288.SH
2026-02-13,6.63,6.66,6.51,6.51,332351405.0,2175762438.0,319244210777.0,0.0010410569519525468,601288.SH
2026-02-24,6.52,6.54,6.45,6.48,228812326.0,1483285733.0,319244210777.0,0.0007167313244086706,601288.SH
2026-02-25,6.49,6.53,6.47,6.51,242251386.0,1576859953.0,319244210777.0,0.0007588278121328834,601288.SH
2026-02-26,6.5,6.53,6.4,6.42,288104553.0,1855153816.0,319244210777.0,0.000902458191172175,601288.SH
2026-02-27,6.42,6.44,6.38,6.4,212974270.0,1366405649.0,319244210777.0,0.0006671202258661091,601288.SH
2026-03-02,6.39,6.54,6.33,6.48,423298349.0,2732325703.0,319244210777.0,0.0013259389981410952,601288.SH
2026-03-03,6.46,6.74,6.42,6.73,848419446.0,5632925663.0,319244210777.0,0.002657587568886698,601288.SH
2026-03-04,6.72,6.73,6.53,6.68,588819034.0,3907751810.0,319244210777.0,0.001844415698461341,601288.SH
2026-03-05,6.56,6.75,6.55,6.74,439542813.0,2939657008.0,319244210777.0,0.0013768231283825272,601288.SH
2026-03-06,6.72,6.83,6.68,6.7,312048125.0,2100073984.0,319244210777.0,0.0009774589936666802,601288.SH
2026-03-09,6.68,6.82,6.64,6.66,411341870.0,2761286431.0,319244210777.0,0.001288486544513512,601288.SH
2026-03-10,6.6,6.62,6.53,6.58,326239443.0,2140471838.0,319244210777.0,0.001021911853016769,601288.SH
2026-03-11,6.56,6.64,6.54,6.63,250213317.0,1652020178.0,319244210777.0,0.0007837677506853216,601288.SH
2026-03-12,6.63,6.66,6.58,6.64,210855333.0,1398083218.0,319244210777.0,0.0006604828713629757,601288.SH
2026-03-13,6.64,6.69,6.58,6.62,284611417.0,1888392850.0,319244210777.0,0.0008915162981571125,601288.SH
2026-03-16,6.6,6.67,6.58,6.65,241626255.0,1603685489.0,319244210777.0,0.0007568696528964841,601288.SH
2026-03-17,6.64,6.78,6.63,6.76,415376330.0,2800553831.0,319244210777.0,0.0013011240798667157,601288.SH
2026-03-18,6.77,6.88,6.7,6.74,536104118.0,3638892853.0,319244210777.0,0.001679291589016416,601288.SH
