编号,holder_name,hold_amount,hold_ratio,hold_type,end_date,ann_date,股东说明,股东总数,平均持股数,ts_code
1,中央汇金投资有限责任公司,140488809651.0,40.14,流通A股,2025-09-30,2025-10-31,,539787.0,648398.0,601288.SH
2,中华人民共和国财政部,123515185240.0,35.29,流通A股,2025-09-30,2025-10-31,,539787.0,648398.0,601288.SH
3,香港中央结算(代理人)有限公司,,8.73,流通H股,2025-09-30,2025-10-31,,539787.0,648398.0,601288.SH
4,全国社会保障基金理事会,23520968297.0,6.72,流通A股,2025-09-30,2025-10-31,,539787.0,648398.0,601288.SH
5,中国平安人寿保险股份有限公司,4913441672.0,1.4,流通A股,2025-09-30,2025-10-31,,539787.0,648398.0,601288.SH
6,中国烟草总公司,2518891687.0,0.72,流通A股,2025-09-30,2025-10-31,,539787.0,648398.0,601288.SH
7,中国证券金融股份有限公司,1842751177.0,0.53,流通A股,2025-09-30,2025-10-31,,539787.0,648398.0,601288.SH
8,香港中央结算有限公司,,0.41,流通A股,2025-09-30,2025-10-31,,539787.0,648398.0,601288.SH
9,上海海烟投资管理有限公司,1259445843.0,0.36,流通A股,2025-09-30,2025-10-31,,539787.0,648398.0,601288.SH
10,中央汇金资产管理有限责任公司,1255434700.0,0.36,流通A股,2025-09-30,2025-10-31,,539787.0,648398.0,601288.SH
1,汇金公司,140488809651.0,40.14,流通A股,2025-06-30,2025-08-30,,491537.0,712046.0,601288.SH
2,财政部,123515185240.0,35.29,流通A股,2025-06-30,2025-08-30,,491537.0,712046.0,601288.SH
3,香港中央结算(代理人)有限公司,30557861160.0,8.73,流通H股,2025-06-30,2025-08-30,,491537.0,712046.0,601288.SH
4,社保基金理事会,23520968297.0,6.72,流通A股,2025-06-30,2025-08-30,,491537.0,712046.0,601288.SH
5,香港中央结算有限公司,3065743065.0,0.88,流通A股,2025-06-30,2025-08-30,,491537.0,712046.0,601288.SH
6,中国烟草总公司,2518891687.0,0.72,流通A股,2025-06-30,2025-08-30,,491537.0,712046.0,601288.SH
7,中国证券金融股份有限公司,1842751177.0,0.53,流通A股,2025-06-30,2025-08-30,,491537.0,712046.0,601288.SH
8,上海海烟投资管理有限公司,1259445843.0,0.36,流通A股,2025-06-30,2025-08-30,,491537.0,712046.0,601288.SH
9,中央汇金资产管理有限责任公司,1255434700.0,0.36,流通A股,2025-06-30,2025-08-30,,491537.0,712046.0,601288.SH
10,中维资本控股股份有限公司,755667506.0,0.22,流通A股,2025-06-30,2025-08-30,,491537.0,712046.0,601288.SH
1,中央汇金投资有限责任公司,140488809651.0,40.14,流通A股,2025-03-31,2025-04-30,,495130.0,706879.0,601288.SH
2,中华人民共和国财政部,123515185240.0,35.29,流通A股,2025-03-31,2025-04-30,,495130.0,706879.0,601288.SH
3,香港中央结算(代理人)有限公司,30555403193.0,8.73,流通H股,2025-03-31,2025-04-30,,495130.0,706879.0,601288.SH
4,全国社会保障基金理事会,23520968297.0,6.72,流通A股,2025-03-31,2025-04-30,,495130.0,706879.0,601288.SH
5,香港中央结算有限公司,3520102894.0,1.01,流通A股,2025-03-31,2025-04-30,,495130.0,706879.0,601288.SH
6,中国烟草总公司,2518891687.0,0.72,流通A股,2025-03-31,2025-04-30,,495130.0,706879.0,601288.SH
7,中国证券金融股份有限公司,1842751177.0,0.53,流通A股,2025-03-31,2025-04-30,,495130.0,706879.0,601288.SH
8,上海海烟投资管理有限公司,1259445843.0,0.36,流通A股,2025-03-31,2025-04-30,,495130.0,706879.0,601288.SH
9,中央汇金资产管理有限责任公司,1255434700.0,0.36,流通A股,2025-03-31,2025-04-30,,495130.0,706879.0,601288.SH
10,中维资本控股股份有限公司,755667506.0,0.22,流通A股,2025-03-31,2025-04-30,,495130.0,706879.0,601288.SH
1,汇金公司,140488809651.0,40.14,流通A股,2024-12-31,2025-03-29,,441773.0,792255.0,601288.SH
2,财政部,123515185240.0,35.29,流通A股,2024-12-31,2025-03-29,,441773.0,792255.0,601288.SH
3,香港中央结算(代理人)有限公司,30549719413.0,8.73,流通H股,2024-12-31,2025-03-29,,441773.0,792255.0,601288.SH
4,社保基金理事会,23520968297.0,6.72,流通A股,2024-12-31,2025-03-29,,441773.0,792255.0,601288.SH
5,香港中央结算有限公司,3363491025.0,0.96,流通A股,2024-12-31,2025-03-29,,441773.0,792255.0,601288.SH
6,中国烟草总公司,2518891687.0,0.72,流通A股,2024-12-31,2025-03-29,,441773.0,792255.0,601288.SH
7,中国证券金融股份有限公司,1842751177.0,0.53,流通A股,2024-12-31,2025-03-29,,441773.0,792255.0,601288.SH
8,上海海烟投资管理有限公司,1259445843.0,0.36,流通A股,2024-12-31,2025-03-29,,441773.0,792255.0,601288.SH
9,中央汇金资产管理有限责任公司,1255434700.0,0.36,流通A股,2024-12-31,2025-03-29,,441773.0,792255.0,601288.SH
10,中维资本控股股份有限公司,755667506.0,0.22,流通A股,2024-12-31,2025-03-29,,441773.0,792255.0,601288.SH
1,中央汇金投资有限责任公司,140488809651.0,40.14,流通A股,2024-09-30,2024-10-31,,478067.0,732109.0,601288.SH
2,中华人民共和国财政部,123515185240.0,35.29,流通A股,2024-09-30,2024-10-31,,478067.0,732109.0,601288.SH
3,香港中央结算(代理人)有限公司,30543706023.0,8.73,流通H股,2024-09-30,2024-10-31,,478067.0,732109.0,601288.SH
4,全国社会保障基金理事会,23520968297.0,6.72,流通A股,2024-09-30,2024-10-31,,478067.0,732109.0,601288.SH
5,香港中央结算有限公司,3305224367.0,0.94,流通A股,2024-09-30,2024-10-31,,478067.0,732109.0,601288.SH
6,中国烟草总公司,2518891687.0,0.72,流通A股,2024-09-30,2024-10-31,,478067.0,732109.0,601288.SH
7,中国证券金融股份有限公司,1842751177.0,0.53,流通A股,2024-09-30,2024-10-31,,478067.0,732109.0,601288.SH
8,上海海烟投资管理有限公司,1259445843.0,0.36,流通A股,2024-09-30,2024-10-31,,478067.0,732109.0,601288.SH
9,中央汇金资产管理有限责任公司,1255434700.0,0.36,流通A股,2024-09-30,2024-10-31,,478067.0,732109.0,601288.SH
10,中维资本控股股份有限公司,755667506.0,0.22,流通A股,2024-09-30,2024-10-31,,478067.0,732109.0,601288.SH
1,中央汇金投资有限责任公司,140488809651.0,40.14,流通A股,2024-06-30,2024-08-31,,431887.0,810390.0,601288.SH
2,中华人民共和国财政部,123515185240.0,35.29,流通A股,2024-06-30,2024-08-31,,431887.0,810390.0,601288.SH
3,香港中央结算(代理人)有限公司,30536375023.0,8.73,流通H股,2024-06-30,2024-08-31,,431887.0,810390.0,601288.SH
4,社保基金理事会,23520968297.0,6.72,流通A股,2024-06-30,2024-08-31,,431887.0,810390.0,601288.SH
5,香港中央结算有限公司,3063767366.0,0.88,流通A股,2024-06-30,2024-08-31,,431887.0,810390.0,601288.SH
6,中国烟草总公司,2518891687.0,0.72,流通A股,2024-06-30,2024-08-31,,431887.0,810390.0,601288.SH
7,中国证券金融股份有限公司,1842751177.0,0.53,流通A股,2024-06-30,2024-08-31,,431887.0,810390.0,601288.SH
8,上海海烟投资管理有限公司,1259445843.0,0.36,流通A股,2024-06-30,2024-08-31,,431887.0,810390.0,601288.SH
9,中央汇金资产管理有限责任公司,1255434700.0,0.36,流通A股,2024-06-30,2024-08-31,,431887.0,810390.0,601288.SH
10,中维资本控股股份有限公司,755667506.0,0.22,流通A股,2024-06-30,2024-08-31,,431887.0,810390.0,601288.SH
1,中央汇金投资有限责任公司,140488809651.0,40.14,流通A股,2024-03-31,2024-04-30,,418187.0,836939.0,601288.SH
2,中华人民共和国财政部,123515185240.0,35.29,流通A股,2024-03-31,2024-04-30,,418187.0,836939.0,601288.SH
3,香港中央结算(代理人)有限公司,30534708983.0,8.72,流通H股,2024-03-31,2024-04-30,,418187.0,836939.0,601288.SH
4,全国社会保障基金理事会,23520968297.0,6.72,流通A股,2024-03-31,2024-04-30,,418187.0,836939.0,601288.SH
5,香港中央结算有限公司,3270284888.0,0.93,流通A股,2024-03-31,2024-04-30,,418187.0,836939.0,601288.SH
6,中国烟草总公司,2518891687.0,0.72,流通A股,2024-03-31,2024-04-30,,418187.0,836939.0,601288.SH
7,中国证券金融股份有限公司,1842751177.0,0.53,流通A股,2024-03-31,2024-04-30,,418187.0,836939.0,601288.SH
8,上海海烟投资管理有限公司,1259445843.0,0.36,流通A股,2024-03-31,2024-04-30,,418187.0,836939.0,601288.SH
9,中央汇金资产管理有限责任公司,1255434700.0,0.36,流通A股,2024-03-31,2024-04-30,,418187.0,836939.0,601288.SH
10,中维资本控股股份有限公司,755667506.0,0.22,流通A股,2024-03-31,2024-04-30,,418187.0,836939.0,601288.SH
1,汇金公司,140488809651.0,40.14,流通A股,2023-12-31,2024-03-29,,432070.0,810047.0,601288.SH
2,财政部,123515185240.0,35.29,流通A股,2023-12-31,2024-03-29,,432070.0,810047.0,601288.SH
3,香港中央结算(代理人)有限公司,30532387343.0,8.72,流通H股,2023-12-31,2024-03-29,,432070.0,810047.0,601288.SH
4,社保基金理事会,23520968297.0,6.72,流通A股,2023-12-31,2024-03-29,,432070.0,810047.0,601288.SH
5,香港中央结算有限公司,2733906000.0,0.78,流通A股,2023-12-31,2024-03-29,,432070.0,810047.0,601288.SH
6,中国烟草总公司,2518891687.0,0.72,流通A股,2023-12-31,2024-03-29,,432070.0,810047.0,601288.SH
7,中国证券金融股份有限公司,1842751177.0,0.53,流通A股,2023-12-31,2024-03-29,,432070.0,810047.0,601288.SH
8,上海海烟投资管理有限公司,1259445843.0,0.36,流通A股,2023-12-31,2024-03-29,,432070.0,810047.0,601288.SH
9,中央汇金资产管理有限责任公司,1255434700.0,0.36,流通A股,2023-12-31,2024-03-29,,432070.0,810047.0,601288.SH
10,中维资本控股股份有限公司,755667506.0,0.22,流通A股,2023-12-31,2024-03-29,,432070.0,810047.0,601288.SH
1,中央汇金投资有限责任公司,140087446351.0,40.03,流通A股,2023-09-30,2023-10-28,,439091.0,797001.0,601288.SH
2,中华人民共和国财政部,123515185240.0,35.29,流通A股,2023-09-30,2023-10-28,,439091.0,797001.0,601288.SH
3,香港中央结算(代理人)有限公司,30531618509.0,8.72,流通H股,2023-09-30,2023-10-28,,439091.0,797001.0,601288.SH
4,全国社会保障基金理事会,23520968297.0,6.72,流通A股,2023-09-30,2023-10-28,,439091.0,797001.0,601288.SH
5,香港中央结算有限公司,2619137358.0,0.75,流通A股,2023-09-30,2023-10-28,,439091.0,797001.0,601288.SH
6,中国烟草总公司,2518891687.0,0.72,流通A股,2023-09-30,2023-10-28,,439091.0,797001.0,601288.SH
7,中国证券金融股份有限公司,1842751177.0,0.53,流通A股,2023-09-30,2023-10-28,,439091.0,797001.0,601288.SH
8,上海海烟投资管理有限公司,1259445843.0,0.36,流通A股,2023-09-30,2023-10-28,,439091.0,797001.0,601288.SH
9,中央汇金资产管理有限责任公司,1255434700.0,0.36,流通A股,2023-09-30,2023-10-28,,439091.0,797001.0,601288.SH
10,中维资本控股股份有限公司,755667506.0,0.22,流通A股,2023-09-30,2023-10-28,,439091.0,797001.0,601288.SH
1,中央汇金投资有限责任公司,140087446351.0,40.03,"流通A股,限售流通股",2023-06-30,2023-08-30,,457705.0,764589.0,601288.SH
2,中华人民共和国财政部,123515185240.0,35.29,"流通A股,限售流通股",2023-06-30,2023-08-30,,457705.0,764589.0,601288.SH
3,香港中央结算(代理人)有限公司,30527511236.0,8.72,流通H股,2023-06-30,2023-08-30,,457705.0,764589.0,601288.SH
4,全国社会保障基金理事会,23520968297.0,6.72,流通A股,2023-06-30,2023-08-30,,457705.0,764589.0,601288.SH
5,香港中央结算有限公司,2746352280.0,0.78,流通A股,2023-06-30,2023-08-30,,457705.0,764589.0,601288.SH
6,中国烟草总公司,2518891687.0,0.72,流通A股,2023-06-30,2023-08-30,,457705.0,764589.0,601288.SH
7,中国证券金融股份有限公司,1842751177.0,0.53,流通A股,2023-06-30,2023-08-30,,457705.0,764589.0,601288.SH
8,上海海烟投资管理有限公司,1259445843.0,0.36,流通A股,2023-06-30,2023-08-30,,457705.0,764589.0,601288.SH
9,中央汇金资产管理有限责任公司,1255434700.0,0.36,流通A股,2023-06-30,2023-08-30,,457705.0,764589.0,601288.SH
10,中维资本控股股份有限公司,755667506.0,0.22,流通A股,2023-06-30,2023-08-30,,457705.0,764589.0,601288.SH
1,中央汇金投资有限责任公司,140087446351.0,40.03,"流通A股,限售流通股",2023-03-31,2023-04-29,,476934.0,733762.0,601288.SH
2,中华人民共和国财政部,123515185240.0,35.29,"流通A股,限售流通股",2023-03-31,2023-04-29,,476934.0,733762.0,601288.SH
3,香港中央结算(代理人)有限公司,30529072483.0,8.72,流通H股,2023-03-31,2023-04-29,,476934.0,733762.0,601288.SH
4,全国社会保障基金理事会,23520968297.0,6.72,流通A股,2023-03-31,2023-04-29,,476934.0,733762.0,601288.SH
5,香港中央结算有限公司,2739111460.0,0.78,流通A股,2023-03-31,2023-04-29,,476934.0,733762.0,601288.SH
6,中国烟草总公司,2518891687.0,0.72,流通A股,2023-03-31,2023-04-29,,476934.0,733762.0,601288.SH
7,中国证券金融股份有限公司,1842751177.0,0.53,流通A股,2023-03-31,2023-04-29,,476934.0,733762.0,601288.SH
8,上海海烟投资管理有限公司,1259445843.0,0.36,流通A股,2023-03-31,2023-04-29,,476934.0,733762.0,601288.SH
9,中央汇金资产管理有限责任公司,1255434700.0,0.36,流通A股,2023-03-31,2023-04-29,,476934.0,733762.0,601288.SH
10,中维资本控股股份有限公司,755667506.0,0.22,流通A股,2023-03-31,2023-04-29,,476934.0,733762.0,601288.SH
1,汇金公司,140087446351.0,40.03,"流通A股,限售流通股",2022-12-31,2023-03-31,,485368.0,721012.0,601288.SH
2,财政部,123515185240.0,35.29,"流通A股,限售流通股",2022-12-31,2023-03-31,,485368.0,721012.0,601288.SH
3,香港中央结算(代理人)有限公司,30531115483.0,8.72,流通H股,2022-12-31,2023-03-31,,485368.0,721012.0,601288.SH
4,社保基金理事会,23520968297.0,6.72,流通A股,2022-12-31,2023-03-31,,485368.0,721012.0,601288.SH
5,中国烟草总公司,2518891687.0,0.72,流通A股,2022-12-31,2023-03-31,,485368.0,721012.0,601288.SH
6,香港中央结算有限公司,2469876170.0,0.71,流通A股,2022-12-31,2023-03-31,,485368.0,721012.0,601288.SH
7,中国证券金融股份有限公司,1842751177.0,0.53,流通A股,2022-12-31,2023-03-31,,485368.0,721012.0,601288.SH
8,上海海烟投资管理有限公司,1259445843.0,0.36,流通A股,2022-12-31,2023-03-31,,485368.0,721012.0,601288.SH
9,中央汇金资产管理有限责任公司,1255434700.0,0.36,流通A股,2022-12-31,2023-03-31,,485368.0,721012.0,601288.SH
10,中维资本控股股份有限公司,755667506.0,0.22,流通A股,2022-12-31,2023-03-31,,485368.0,721012.0,601288.SH
1,中央汇金投资有限责任公司,140087446351.0,40.03,"流通A股,限售流通股",2022-09-30,2022-10-29,,488143.0,716913.0,601288.SH
2,中华人民共和国财政部,123515185240.0,35.29,"流通A股,限售流通股",2022-09-30,2022-10-29,,488143.0,716913.0,601288.SH
3,香港中央结算(代理人)有限公司,30532924483.0,8.72,流通H股,2022-09-30,2022-10-29,,488143.0,716913.0,601288.SH
4,全国社会保障基金理事会,23520968297.0,6.72,流通A股,2022-09-30,2022-10-29,,488143.0,716913.0,601288.SH
5,中国烟草总公司,2518891687.0,0.72,流通A股,2022-09-30,2022-10-29,,488143.0,716913.0,601288.SH
6,香港中央结算有限公司,2155234865.0,0.62,流通A股,2022-09-30,2022-10-29,,488143.0,716913.0,601288.SH
7,中国证券金融股份有限公司,1842751177.0,0.53,流通A股,2022-09-30,2022-10-29,,488143.0,716913.0,601288.SH
8,上海海烟投资管理有限公司,1259445843.0,0.36,流通A股,2022-09-30,2022-10-29,,488143.0,716913.0,601288.SH
9,中央汇金资产管理有限责任公司,1255434700.0,0.36,流通A股,2022-09-30,2022-10-29,,488143.0,716913.0,601288.SH
10,中维资本控股股份有限公司,755667506.0,0.22,流通A股,2022-09-30,2022-10-29,,488143.0,716913.0,601288.SH
1,汇金公司,140087446351.0,40.03,"流通A股,限售流通股",2022-06-30,2022-08-30,,487509.0,717846.0,601288.SH
2,财政部,123515185240.0,35.29,"流通A股,限售流通股",2022-06-30,2022-08-30,,487509.0,717846.0,601288.SH
3,香港中央结算(代理人)有限公司,30538375747.0,8.73,流通H股,2022-06-30,2022-08-30,,487509.0,717846.0,601288.SH
4,全国社会保障基金理事会,23520968297.0,6.72,流通A股,2022-06-30,2022-08-30,,487509.0,717846.0,601288.SH
5,香港中央结算有限公司,2543301940.0,0.73,流通A股,2022-06-30,2022-08-30,,487509.0,717846.0,601288.SH
6,中国烟草总公司,2518891687.0,0.72,流通A股,2022-06-30,2022-08-30,,487509.0,717846.0,601288.SH
7,中国证券金融股份有限公司,1842751177.0,0.53,流通A股,2022-06-30,2022-08-30,,487509.0,717846.0,601288.SH
8,上海海烟投资管理有限公司,1259445843.0,0.36,流通A股,2022-06-30,2022-08-30,,487509.0,717846.0,601288.SH
9,中央汇金资产管理有限责任公司,1255434700.0,0.36,流通A股,2022-06-30,2022-08-30,,487509.0,717846.0,601288.SH
10,中国人寿保险股份有限公司-传统-普通保险产品-005L-CT001沪,1057878700.0,0.3,流通A股,2022-06-30,2022-08-30,,487509.0,717846.0,601288.SH
1,汇金公司,140087446351.0,40.03,"流通A股,限售流通股",2022-03-31,2022-04-30,,470995.0,743015.0,601288.SH
2,财政部,123515185240.0,35.29,"流通A股,限售流通股",2022-03-31,2022-04-30,,470995.0,743015.0,601288.SH
3,香港中央结算(代理人)有限公司,30542376003.0,8.73,流通H股,2022-03-31,2022-04-30,,470995.0,743015.0,601288.SH
4,全国社会保障基金理事会,23520968297.0,6.72,流通A股,2022-03-31,2022-04-30,,470995.0,743015.0,601288.SH
5,中国烟草总公司,2518891687.0,0.72,流通A股,2022-03-31,2022-04-30,,470995.0,743015.0,601288.SH
6,中国人寿保险股份有限公司-传统-普通保险产品-005L-CT001沪,2328675800.0,0.67,流通A股,2022-03-31,2022-04-30,,470995.0,743015.0,601288.SH
7,中国证券金融股份有限公司,1842751177.0,0.53,流通A股,2022-03-31,2022-04-30,,470995.0,743015.0,601288.SH
8,香港中央结算有限公司,1818262058.0,0.52,流通A股,2022-03-31,2022-04-30,,470995.0,743015.0,601288.SH
9,上海海烟投资管理有限公司,1259445843.0,0.36,流通A股,2022-03-31,2022-04-30,,470995.0,743015.0,601288.SH
10,中央汇金资产管理有限责任公司,1255434700.0,0.36,流通A股,2022-03-31,2022-04-30,,470995.0,743015.0,601288.SH
1,汇金公司,140087446351.0,40.03,"流通A股,限售流通股",2021-12-31,2022-03-31,,494406.0,707832.0,601288.SH
2,财政部,123515185240.0,35.29,"流通A股,限售流通股",2021-12-31,2022-03-31,,494406.0,707832.0,601288.SH
3,香港中央结算(代理人)有限公司,30543143003.0,8.73,流通H股,2021-12-31,2022-03-31,,494406.0,707832.0,601288.SH
4,社保基金理事会,23520968297.0,6.72,流通A股,2021-12-31,2022-03-31,,494406.0,707832.0,601288.SH
5,中国烟草总公司,2518891687.0,0.72,流通A股,2021-12-31,2022-03-31,,494406.0,707832.0,601288.SH
6,中国人寿保险股份有限公司－传统－普通保险产品－005L－CT001沪,2328675800.0,0.67,流通A股,2021-12-31,2022-03-31,,494406.0,707832.0,601288.SH
7,中国证券金融股份有限公司,1842751177.0,0.53,流通A股,2021-12-31,2022-03-31,,494406.0,707832.0,601288.SH
8,香港中央结算有限公司,1736273824.0,0.5,流通A股,2021-12-31,2022-03-31,,494406.0,707832.0,601288.SH
9,上海海烟投资管理有限公司,1259445843.0,0.36,流通A股,2021-12-31,2022-03-31,,494406.0,707832.0,601288.SH
10,中央汇金资产管理有限责任公司,1255434700.0,0.36,流通A股,2021-12-31,2022-03-31,,494406.0,707832.0,601288.SH
1,中央汇金投资有限责任公司,140087446351.0,40.03,"流通A股,限售流通股",2021-09-30,2021-10-29,,485761.0,720429.0,601288.SH
2,中华人民共和国财政部,123515185240.0,35.29,"流通A股,限售流通股",2021-09-30,2021-10-29,,485761.0,720429.0,601288.SH
3,香港中央结算(代理人)有限公司,30547962003.0,8.73,流通H股,2021-09-30,2021-10-29,,485761.0,720429.0,601288.SH
4,全国社会保障基金理事会,23520968297.0,6.72,流通A股,2021-09-30,2021-10-29,,485761.0,720429.0,601288.SH
5,中国人寿保险股份有限公司-传统-普通保险产品-005L-CT001沪,2691045800.0,0.77,流通A股,2021-09-30,2021-10-29,,485761.0,720429.0,601288.SH
6,中国烟草总公司,2518891687.0,0.72,流通A股,2021-09-30,2021-10-29,,485761.0,720429.0,601288.SH
7,中国证券金融股份有限公司,1842751177.0,0.53,流通A股,2021-09-30,2021-10-29,,485761.0,720429.0,601288.SH
8,中国人寿保险股份有限公司－分红－个人分红－005L－FH002沪,1759391723.0,0.5,流通A股,2021-09-30,2021-10-29,,485761.0,720429.0,601288.SH
9,香港中央结算有限公司,1581376802.0,0.45,流通A股,2021-09-30,2021-10-29,,485761.0,720429.0,601288.SH
10,上海海烟投资管理有限公司,1259445843.0,0.36,流通A股,2021-09-30,2021-10-29,,485761.0,720429.0,601288.SH
1,汇金公司,140087446351.0,40.03,"流通A股,限售流通股",2021-06-30,2021-08-31,,446112.0,784458.0,601288.SH
2,中华人民共和国财政部,123515185240.0,35.29,"流通A股,限售流通股",2021-06-30,2021-08-31,,446112.0,784458.0,601288.SH
3,香港中央结算(代理人)有限公司,30552802003.0,8.73,流通H股,2021-06-30,2021-08-31,,446112.0,784458.0,601288.SH
4,社保基金理事会,23520968297.0,6.72,流通A股,2021-06-30,2021-08-31,,446112.0,784458.0,601288.SH
5,中国人寿保险股份有限公司-传统-普通保险产品-005L-CT001沪,2691045800.0,0.77,流通A股,2021-06-30,2021-08-31,,446112.0,784458.0,601288.SH
6,中国烟草总公司,2518891687.0,0.72,限售流通股,2021-06-30,2021-08-31,,446112.0,784458.0,601288.SH
7,中国人寿保险股份有限公司-分红-个人分红-005L-FH002沪,2043589923.0,0.58,流通A股,2021-06-30,2021-08-31,,446112.0,784458.0,601288.SH
8,中国证券金融股份有限公司,1842751177.0,0.53,流通A股,2021-06-30,2021-08-31,,446112.0,784458.0,601288.SH
9,香港中央结算有限公司,1650620170.0,0.47,流通A股,2021-06-30,2021-08-31,,446112.0,784458.0,601288.SH
10,上海海烟投资管理有限公司,1259445843.0,0.36,限售流通股,2021-06-30,2021-08-31,,446112.0,784458.0,601288.SH
1,中央汇金投资有限责任公司,140087446351.0,40.03,"流通A股,限售流通股",2021-03-31,2021-04-30,,402608.0,869223.0,601288.SH
2,中华人民共和国财政部,123515185240.0,35.29,"流通A股,限售流通股",2021-03-31,2021-04-30,,402608.0,869223.0,601288.SH
3,香港中央结算(代理人)有限公司,30558893003.0,8.73,流通H股,2021-03-31,2021-04-30,,402608.0,869223.0,601288.SH
4,全国社会保障基金理事会,23520968297.0,6.72,流通A股,2021-03-31,2021-04-30,,402608.0,869223.0,601288.SH
5,中国人寿保险股份有限公司-传统-普通保险产品-005L-CT001沪,2753347500.0,0.79,流通A股,2021-03-31,2021-04-30,,402608.0,869223.0,601288.SH
6,中国烟草总公司,2518891687.0,0.72,限售流通股,2021-03-31,2021-04-30,,402608.0,869223.0,601288.SH
7,中国人寿保险股份有限公司-分红-个人分红-005L-FH002沪,2389386195.0,0.68,流通A股,2021-03-31,2021-04-30,,402608.0,869223.0,601288.SH
8,中国证券金融股份有限公司,1842751177.0,0.53,流通A股,2021-03-31,2021-04-30,,402608.0,869223.0,601288.SH
9,香港中央结算有限公司,1550374930.0,0.44,流通A股,2021-03-31,2021-04-30,,402608.0,869223.0,601288.SH
10,上海海烟投资管理有限公司,1259445843.0,0.36,限售流通股,2021-03-31,2021-04-30,,402608.0,869223.0,601288.SH
1,中央汇金投资有限责任公司,140087446351.0,40.03,"流通A股,限售流通股",2020-12-31,2021-03-31,,463710.0,754688.0,601288.SH
2,中华人民共和国财政部,123515185240.0,35.29,"流通A股,限售流通股",2020-12-31,2021-03-31,,463710.0,754688.0,601288.SH
3,香港中央结算(代理人)有限公司,30557749002.0,8.73,流通H股,2020-12-31,2021-03-31,,463710.0,754688.0,601288.SH
4,全国社会保障基金理事会,23520968297.0,6.72,流通A股,2020-12-31,2021-03-31,,463710.0,754688.0,601288.SH
5,中国人寿保险股份有限公司-传统-普通保险产品-005L-CT001沪,2721874500.0,0.78,流通A股,2020-12-31,2021-03-31,,463710.0,754688.0,601288.SH
6,中国人寿保险股份有限公司-分红-个人分红-005L-FH002沪,2553591884.0,0.73,流通A股,2020-12-31,2021-03-31,,463710.0,754688.0,601288.SH
7,中国烟草总公司,2518891687.0,0.72,限售流通股,2020-12-31,2021-03-31,,463710.0,754688.0,601288.SH
8,中国证券金融股份有限公司,1842751186.0,0.53,流通A股,2020-12-31,2021-03-31,,463710.0,754688.0,601288.SH
9,香港中央结算有限公司,1413691613.0,0.4,流通A股,2020-12-31,2021-03-31,,463710.0,754688.0,601288.SH
10,上海海烟投资管理有限公司,1259445843.0,0.36,限售流通股,2020-12-31,2021-03-31,,463710.0,754688.0,601288.SH
1,中央汇金投资有限责任公司,140087446351.0,40.03,"流通A股,限售流通股",2020-09-30,2020-10-31,,473772.0,738716.0,601288.SH
2,中华人民共和国财政部,123515185240.0,35.29,"流通A股,限售流通股",2020-09-30,2020-10-31,,473772.0,738716.0,601288.SH
3,香港中央结算(代理人)有限公司,30556964066.0,8.73,流通H股,2020-09-30,2020-10-31,,473772.0,738716.0,601288.SH
4,全国社会保障基金理事会,23520968297.0,6.72,流通A股,2020-09-30,2020-10-31,,473772.0,738716.0,601288.SH
5,中国人寿保险股份有限公司-传统-普通保险产品-005L-CT001沪,2849966632.0,0.81,流通A股,2020-09-30,2020-10-31,,473772.0,738716.0,601288.SH
6,中国人寿保险股份有限公司-分红-个人分红-005L-FH002沪,2577831184.0,0.74,流通A股,2020-09-30,2020-10-31,,473772.0,738716.0,601288.SH
7,中国烟草总公司,2518891687.0,0.72,限售流通股,2020-09-30,2020-10-31,,473772.0,738716.0,601288.SH
8,中国证券金融股份有限公司,1842751186.0,0.53,流通A股,2020-09-30,2020-10-31,,473772.0,738716.0,601288.SH
9,香港中央结算有限公司,1320825001.0,0.38,流通A股,2020-09-30,2020-10-31,,473772.0,738716.0,601288.SH
10,上海海烟投资管理有限公司,1259445843.0,0.36,限售流通股,2020-09-30,2020-10-31,,473772.0,738716.0,601288.SH
1,中央汇金投资有限责任公司,140087446351.0,40.03,"流通A股,限售流通股",2020-06-30,2020-08-31,,417216.0,838789.0,601288.SH
2,中华人民共和国财政部,123515185240.0,35.29,"流通A股,限售流通股",2020-06-30,2020-08-31,,417216.0,838789.0,601288.SH
3,香港中央结算(代理人)有限公司,30557230066.0,8.73,流通H股,2020-06-30,2020-08-31,,417216.0,838789.0,601288.SH
4,全国社会保障基金理事会,23520968297.0,6.72,流通A股,2020-06-30,2020-08-31,,417216.0,838789.0,601288.SH
5,中国人寿保险股份有限公司-传统-普通保险产品-005L-CT001 沪,2824241632.0,0.81,流通A股,2020-06-30,2020-08-31,,417216.0,838789.0,601288.SH
6,中国人寿保险股份有限公司-分红-个人分红-005L-FH002 沪,2575513484.0,0.74,流通A股,2020-06-30,2020-08-31,,417216.0,838789.0,601288.SH
7,中国烟草总公司,2518891687.0,0.72,限售流通股,2020-06-30,2020-08-31,,417216.0,838789.0,601288.SH
8,中国证券金融股份有限公司,1842751186.0,0.53,流通A股,2020-06-30,2020-08-31,,417216.0,838789.0,601288.SH
9,香港中央结算有限公司,1308640283.0,0.37,流通A股,2020-06-30,2020-08-31,,417216.0,838789.0,601288.SH
10,上海海烟投资管理有限公司,1259445843.0,0.36,限售流通股,2020-06-30,2020-08-31,,417216.0,838789.0,601288.SH
1,中央汇金投资有限责任公司,140087446351.0,40.03,"流通A股,限售流通股",2020-03-31,2020-04-29,,406316.0,861291.0,601288.SH
2,中华人民共和国财政部,123515185240.0,35.29,"流通A股,限售流通股",2020-03-31,2020-04-29,,406316.0,861291.0,601288.SH
3,香港中央结算(代理人)有限公司,30558169066.0,8.73,流通H股,2020-03-31,2020-04-29,,406316.0,861291.0,601288.SH
4,全国社会保障基金理事会,23520968297.0,6.72,流通A股,2020-03-31,2020-04-29,,406316.0,861291.0,601288.SH
5,中国人寿保险股份有限公司-传统-普通保险产品-005L-CT001 沪,2761517032.0,0.79,流通A股,2020-03-31,2020-04-29,,406316.0,861291.0,601288.SH
6,中国人寿保险股份有限公司-分红-个人分红-005L-FH002 沪,2522752384.0,0.72,流通A股,2020-03-31,2020-04-29,,406316.0,861291.0,601288.SH
7,中国烟草总公司,2518891687.0,0.72,限售流通股,2020-03-31,2020-04-29,,406316.0,861291.0,601288.SH
8,中国证券金融股份有限公司,1842751186.0,0.53,流通A股,2020-03-31,2020-04-29,,406316.0,861291.0,601288.SH
9,香港中央结算有限公司,1335673847.0,0.38,流通A股,2020-03-31,2020-04-29,,406316.0,861291.0,601288.SH
10,上海海烟投资管理有限公司,1259445843.0,0.36,限售流通股,2020-03-31,2020-04-29,,406316.0,861291.0,601288.SH
1,中央汇金投资有限责任公司,140087446351.0,40.03,"流通A股,限售流通股",2019-12-31,2020-03-31,,389690.0,898037.0,601288.SH
2,中华人民共和国财政部,123515185240.0,35.29,"流通A股,限售流通股",2019-12-31,2020-03-31,,389690.0,898037.0,601288.SH
3,香港中央结算(代理人)有限公司,30561081146.0,8.73,流通H股,2019-12-31,2020-03-31,,389690.0,898037.0,601288.SH
4,全国社会保障基金理事会,23520968297.0,6.72,流通A股,2019-12-31,2020-03-31,,389690.0,898037.0,601288.SH
5,中国人寿保险股份有限公司-传统-普通保险产品-005L-CT001沪,2554275099.0,0.73,流通A股,2019-12-31,2020-03-31,,389690.0,898037.0,601288.SH
6,中国人寿保险股份有限公司-分红-个人分红-005L-FH002沪,2539312027.0,0.73,流通A股,2019-12-31,2020-03-31,,389690.0,898037.0,601288.SH
7,中国烟草总公司,2518891687.0,0.72,限售流通股,2019-12-31,2020-03-31,,389690.0,898037.0,601288.SH
8,中国证券金融股份有限公司,1842751186.0,0.53,流通A股,2019-12-31,2020-03-31,,389690.0,898037.0,601288.SH
9,香港中央结算有限公司,1395843555.0,0.4,流通A股,2019-12-31,2020-03-31,,389690.0,898037.0,601288.SH
10,上海海烟投资管理有限公司,1259445843.0,0.36,限售流通股,2019-12-31,2020-03-31,,389690.0,898037.0,601288.SH
1,中央汇金投资有限责任公司,140087446351.0,40.03,"流通A股,限售流通股",2019-09-30,2019-10-26,,439368.0,796499.0,601288.SH
2,中华人民共和国财政部,137239094711.0,39.21,"流通A股,限售流通股",2019-09-30,2019-10-26,,439368.0,796499.0,601288.SH
3,香港中央结算(代理人)有限公司,30561464146.0,8.73,流通H股,2019-09-30,2019-10-26,,439368.0,796499.0,601288.SH
4,全国社会保障基金理事会,9797058826.0,2.8,流通A股,2019-09-30,2019-10-26,,439368.0,796499.0,601288.SH
5,中国烟草总公司,2518891687.0,0.72,限售流通股,2019-09-30,2019-10-26,,439368.0,796499.0,601288.SH
6,中国人寿保险股份有限公司-分红-个人分红-005L-FH002沪,1896219006.0,0.54,流通A股,2019-09-30,2019-10-26,,439368.0,796499.0,601288.SH
7,中国证券金融股份有限公司,1842751186.0,0.53,流通A股,2019-09-30,2019-10-26,,439368.0,796499.0,601288.SH
8,中国人寿保险股份有限公司-传统-普通保险产品-005L-CT001沪,1602446125.0,0.46,流通A股,2019-09-30,2019-10-26,,439368.0,796499.0,601288.SH
9,上海海烟投资管理有限公司,1259445843.0,0.36,限售流通股,2019-09-30,2019-10-26,,439368.0,796499.0,601288.SH
10,中央汇金资产管理有限责任公司,1255434700.0,0.36,流通A股,2019-09-30,2019-10-26,,439368.0,796499.0,601288.SH
1,汇金公司,140087446351.0,40.03,"流通A股,限售流通股",2019-06-30,2019-08-31,,436915.0,800971.0,601288.SH
2,财政部,137239094711.0,39.21,"流通A股,限售流通股",2019-06-30,2019-08-31,,436915.0,800971.0,601288.SH
3,香港中央结算(代理人)有限公司,30540480226.0,8.73,流通H股,2019-06-30,2019-08-31,,436915.0,800971.0,601288.SH
4,全国社会保障基金理事会,9797058826.0,2.8,流通A股,2019-06-30,2019-08-31,,436915.0,800971.0,601288.SH
5,中国烟草总公司,2518891687.0,0.72,限售流通股,2019-06-30,2019-08-31,,436915.0,800971.0,601288.SH
6,中国人寿保险股份有限公司-分红-个人分红-005L-FH002 沪,1887281387.0,0.54,流通A股,2019-06-30,2019-08-31,,436915.0,800971.0,601288.SH
7,中国证券金融股份有限公司,1842751186.0,0.53,流通A股,2019-06-30,2019-08-31,,436915.0,800971.0,601288.SH
8,中国人寿保险股份有限公司-传统-普通保险产品-005L-CT001 沪,1460408470.0,0.42,流通A股,2019-06-30,2019-08-31,,436915.0,800971.0,601288.SH
9,上海海烟投资管理有限公司,1259445843.0,0.36,限售流通股,2019-06-30,2019-08-31,,436915.0,800971.0,601288.SH
10,中央汇金资产管理有限责任公司,1255434700.0,0.36,流通A股,2019-06-30,2019-08-31,,436915.0,800971.0,601288.SH
1,中央汇金投资有限责任公司,140087446351.0,40.03,"流通A股,限售流通股",2019-03-31,2019-04-27,,445125.0,786197.0,601288.SH
2,中华人民共和国财政部,137239094711.0,39.21,"流通A股,限售流通股",2019-03-31,2019-04-27,,445125.0,786197.0,601288.SH
3,香港中央结算(代理人)有限公司,30568540236.0,8.73,流通H股,2019-03-31,2019-04-27,,445125.0,786197.0,601288.SH
4,全国社会保障基金理事会,9797058826.0,2.8,流通A股,2019-03-31,2019-04-27,,445125.0,786197.0,601288.SH
5,中国烟草总公司,2518891687.0,0.72,限售流通股,2019-03-31,2019-04-27,,445125.0,786197.0,601288.SH
6,中国证券金融股份有限公司,1842751186.0,0.53,流通A股,2019-03-31,2019-04-27,,445125.0,786197.0,601288.SH
7,中国人寿保险股份有限公司-分红-个人分红-005L-FH002沪,1605878472.0,0.46,流通A股,2019-03-31,2019-04-27,,445125.0,786197.0,601288.SH
8,上海海烟投资管理有限公司,1259445843.0,0.36,限售流通股,2019-03-31,2019-04-27,,445125.0,786197.0,601288.SH
9,中央汇金资产管理有限责任公司,1255434700.0,0.36,流通A股,2019-03-31,2019-04-27,,445125.0,786197.0,601288.SH
10,香港中央结算有限公司,998613594.0,0.29,流通A股,2019-03-31,2019-04-27,,445125.0,786197.0,601288.SH
1,中央汇金投资有限责任公司,140087446351.0,40.03,"流通A股,限售流通股",2018-12-31,2019-03-30,,436589.0,801569.0,601288.SH
2,中华人民共和国财政部,137239094711.0,39.21,"流通A股,限售流通股",2018-12-31,2019-03-30,,436589.0,801569.0,601288.SH
3,香港中央结算(代理人)有限公司,30570099291.0,8.73,流通H股,2018-12-31,2019-03-30,,436589.0,801569.0,601288.SH
4,全国社会保障基金理事会,9797058826.0,2.8,流通A股,2018-12-31,2019-03-30,,436589.0,801569.0,601288.SH
5,中国烟草总公司,2518891687.0,0.72,限售流通股,2018-12-31,2019-03-30,,436589.0,801569.0,601288.SH
6,中国证券金融股份有限公司,1842751186.0,0.53,流通A股,2018-12-31,2019-03-30,,436589.0,801569.0,601288.SH
7,中国人寿保险股份有限公司-分红-个人分红-005L-FH002沪,1742746390.0,0.5,流通A股,2018-12-31,2019-03-30,,436589.0,801569.0,601288.SH
8,上海海烟投资管理有限公司,1259445843.0,0.36,限售流通股,2018-12-31,2019-03-30,,436589.0,801569.0,601288.SH
9,中央汇金资产管理有限责任公司,1255434700.0,0.36,流通A股,2018-12-31,2019-03-30,,436589.0,801569.0,601288.SH
10,梧桐树投资平台有限责任公司,980723700.0,0.28,流通A股,2018-12-31,2019-03-30,,436589.0,801569.0,601288.SH
1,中央汇金投资有限责任公司,140087446351.0,40.03,"流通A股,限售流通股",2018-09-30,2018-10-31,,420605.0,832030.0,601288.SH
2,中华人民共和国财政部,137239094711.0,39.21,"流通A股,限售流通股",2018-09-30,2018-10-31,,420605.0,832030.0,601288.SH
3,香港中央结算(代理人)有限公司,30571323291.0,8.74,流通H股,2018-09-30,2018-10-31,,420605.0,832030.0,601288.SH
4,全国社会保障基金理事会,9797058826.0,2.8,流通A股,2018-09-30,2018-10-31,,420605.0,832030.0,601288.SH
5,中国烟草总公司,2518891687.0,0.72,限售流通股,2018-09-30,2018-10-31,,420605.0,832030.0,601288.SH
6,中国证券金融股份有限公司,1837591186.0,0.53,流通A股,2018-09-30,2018-10-31,,420605.0,832030.0,601288.SH
7,中国人寿保险股份有限公司-分红-个人分红-005L-FH002沪,1399118064.0,0.4,流通A股,2018-09-30,2018-10-31,,420605.0,832030.0,601288.SH
8,上海海烟投资管理有限公司,1259445843.0,0.36,限售流通股,2018-09-30,2018-10-31,,420605.0,832030.0,601288.SH
9,中央汇金资产管理有限责任公司,1255434700.0,0.36,流通A股,2018-09-30,2018-10-31,,420605.0,832030.0,601288.SH
10,梧桐树投资平台有限责任公司,980723700.0,0.28,流通A股,2018-09-30,2018-10-31,,420605.0,832030.0,601288.SH
1,中央汇金投资有限责任公司,140087446351.0,40.03,"流通A股,限售流通股",2018-07-02,2018-07-04,,,,601288.SH
2,中华人民共和国财政部,137239094711.0,39.21,"流通A股,限售流通股",2018-07-02,2018-07-04,,,,601288.SH
3,香港中央结算(代理人)有限公司,30563312291.0,8.73,流通H股,2018-07-02,2018-07-04,,,,601288.SH
4,全国社会保障基金理事会,9797058826.0,2.8,流通A股,2018-07-02,2018-07-04,,,,601288.SH
5,中国烟草总公司,2518891687.0,0.72,限售流通股,2018-07-02,2018-07-04,,,,601288.SH
6,中国证券金融股份有限公司,1736916286.0,0.5,流通A股,2018-07-02,2018-07-04,,,,601288.SH
7,上海海烟投资管理有限公司,1259445843.0,0.36,限售流通股,2018-07-02,2018-07-04,,,,601288.SH
8,中央汇金资产管理有限责任公司,1255434700.0,0.36,流通A股,2018-07-02,2018-07-04,,,,601288.SH
9,梧桐树投资平台有限责任公司,980723700.0,0.28,流通A股,2018-07-02,2018-07-04,,,,601288.SH
10,中国人寿保险股份有限公司-分红-个人分红-005L-FH002 沪,930356465.0,0.27,流通A股,2018-07-02,2018-07-04,,,,601288.SH
1,中央汇金投资有限责任公司,130005103782.0,40.03,流通A股,2018-06-30,2018-08-29,,456952.0,710729.0,601288.SH
2,中华人民共和国财政部,127361764737.0,39.21,流通A股,2018-06-30,2018-08-29,,456952.0,710729.0,601288.SH
3,香港中央结算(代理人)有限公司,30563312291.0,9.41,流通H股,2018-06-30,2018-08-29,,456952.0,710729.0,601288.SH
4,全国社会保障基金理事会,9797058826.0,3.02,流通A股,2018-06-30,2018-08-29,,456952.0,710729.0,601288.SH
5,中国证券金融股份有限公司,1731756286.0,0.53,流通A股,2018-06-30,2018-08-29,,456952.0,710729.0,601288.SH
6,中央汇金资产管理有限责任公司,1255434700.0,0.39,流通A股,2018-06-30,2018-08-29,,456952.0,710729.0,601288.SH
7,梧桐树投资平台有限责任公司,980723700.0,0.3,流通A股,2018-06-30,2018-08-29,,456952.0,710729.0,601288.SH
8,中国人寿保险股份有限公司-分红-个人分红-005L-FH002沪,930356465.0,0.29,流通A股,2018-06-30,2018-08-29,,456952.0,710729.0,601288.SH
9,中国双维投资有限公司,746268000.0,0.23,流通A股,2018-06-30,2018-08-29,,456952.0,710729.0,601288.SH
10,中国铁路投资有限公司,742974000.0,0.23,流通A股,2018-06-30,2018-08-29,,456952.0,710729.0,601288.SH
1,中央汇金投资有限责任公司,130005103782.0,40.03,流通A股,2018-03-31,2018-04-28,,466247.0,696560.0,601288.SH
2,中华人民共和国财政部,127361764737.0,39.21,流通A股,2018-03-31,2018-04-28,,466247.0,696560.0,601288.SH
3,香港中央结算(代理人)有限公司,30562589531.0,9.41,流通H股,2018-03-31,2018-04-28,,466247.0,696560.0,601288.SH
4,全国社会保障基金理事会,9797058826.0,3.02,流通A股,2018-03-31,2018-04-28,,466247.0,696560.0,601288.SH
5,中央汇金资产管理有限责任公司,1255434700.0,0.39,流通A股,2018-03-31,2018-04-28,,466247.0,696560.0,601288.SH
6,中国证券金融股份有限公司,1054793837.0,0.32,流通A股,2018-03-31,2018-04-28,,466247.0,696560.0,601288.SH
7,梧桐树投资平台有限责任公司,980723700.0,0.3,流通A股,2018-03-31,2018-04-28,,466247.0,696560.0,601288.SH
8,中国人寿保险股份有限公司-分红-个人分红-005L-FH002沪,895662165.0,0.28,流通A股,2018-03-31,2018-04-28,,466247.0,696560.0,601288.SH
9,中国双维投资有限公司,746268000.0,0.23,流通A股,2018-03-31,2018-04-28,,466247.0,696560.0,601288.SH
10,中国铁路建设投资公司,742974000.0,0.23,流通A股,2018-03-31,2018-04-28,,466247.0,696560.0,601288.SH
1,中央汇金投资有限责任公司,130005103782.0,40.03,流通A股,2017-12-31,2018-03-27,,352423.0,921532.0,601288.SH
2,中华人民共和国财政部,127361764737.0,39.21,流通A股,2017-12-31,2018-03-27,,352423.0,921532.0,601288.SH
3,香港中央结算(代理人)有限公司,30539495771.0,9.4,流通H股,2017-12-31,2018-03-27,,352423.0,921532.0,601288.SH
4,全国社会保障基金理事会,9797058826.0,3.02,流通A股,2017-12-31,2018-03-27,,352423.0,921532.0,601288.SH
5,中国证券金融股份有限公司,5941731807.0,1.83,流通A股,2017-12-31,2018-03-27,,352423.0,921532.0,601288.SH
6,中央汇金资产管理有限责任公司,1255434700.0,0.39,流通A股,2017-12-31,2018-03-27,,352423.0,921532.0,601288.SH
7,梧桐树投资平台有限责任公司,980723700.0,0.3,流通A股,2017-12-31,2018-03-27,,352423.0,921532.0,601288.SH
8,中国双维投资有限公司,746268000.0,0.23,流通A股,2017-12-31,2018-03-27,,352423.0,921532.0,601288.SH
9,中国铁路建设投资公司,742974000.0,0.23,流通A股,2017-12-31,2018-03-27,,352423.0,921532.0,601288.SH
10,中国人寿保险股份有限公司-分红-个人分红-005L-FH002沪,629222489.0,0.19,流通A股,2017-12-31,2018-03-27,,352423.0,921532.0,601288.SH
1,中央汇金投资有限责任公司,130005103782.0,40.03,流通A股,2017-09-30,2017-10-31,,357646.0,908074.0,601288.SH
2,中华人民共和国财政部,127361764737.0,39.21,流通A股,2017-09-30,2017-10-31,,357646.0,908074.0,601288.SH
3,香港中央结算(代理人)有限公司,30537632775.0,9.4,流通H股,2017-09-30,2017-10-31,,357646.0,908074.0,601288.SH
4,全国社会保障基金理事会,9797058826.0,3.02,流通A股,2017-09-30,2017-10-31,,357646.0,908074.0,601288.SH
5,中国证券金融股份有限公司,5843686536.0,1.8,流通A股,2017-09-30,2017-10-31,,357646.0,908074.0,601288.SH
6,中央汇金资产管理有限责任公司,1255434700.0,0.39,流通A股,2017-09-30,2017-10-31,,357646.0,908074.0,601288.SH
7,梧桐树投资平台有限责任公司,980723700.0,0.3,流通A股,2017-09-30,2017-10-31,,357646.0,908074.0,601288.SH
8,中国双维投资有限公司,746268000.0,0.23,流通A股,2017-09-30,2017-10-31,,357646.0,908074.0,601288.SH
9,中国铁路建设投资公司,742974000.0,0.23,流通A股,2017-09-30,2017-10-31,,357646.0,908074.0,601288.SH
10,中国人寿保险股份有限公司-分红-个人分红-005L-FH002沪,660021323.0,0.2,流通A股,2017-09-30,2017-10-31,,357646.0,908074.0,601288.SH
1,中央汇金投资有限责任公司,130005103782.0,40.03,流通A股,2017-06-30,2017-08-31,,413743.0,784954.0,601288.SH
2,中华人民共和国财政部,127361764737.0,39.21,流通A股,2017-06-30,2017-08-31,,413743.0,784954.0,601288.SH
3,香港中央结算(代理人)有限公司,30533258356.0,9.4,流通H股,2017-06-30,2017-08-31,,413743.0,784954.0,601288.SH
4,全国社会保障基金理事会,9797058826.0,3.02,流通A股,2017-06-30,2017-08-31,,413743.0,784954.0,601288.SH
5,中国证券金融股份有限公司,5946244132.0,1.83,流通A股,2017-06-30,2017-08-31,,413743.0,784954.0,601288.SH
6,中央汇金资产管理有限责任公司,1255434700.0,0.39,流通A股,2017-06-30,2017-08-31,,413743.0,784954.0,601288.SH
7,梧桐树投资平台有限责任公司,980723700.0,0.3,流通A股,2017-06-30,2017-08-31,,413743.0,784954.0,601288.SH
8,中国双维投资有限公司,746268000.0,0.23,流通A股,2017-06-30,2017-08-31,,413743.0,784954.0,601288.SH
9,中国铁路建设投资公司,742974000.0,0.23,流通A股,2017-06-30,2017-08-31,,413743.0,784954.0,601288.SH
10,中国人寿保险股份有限公司-分红-个人分红-005L-FH002沪,682452545.0,0.21,流通A股,2017-06-30,2017-08-31,,413743.0,784954.0,601288.SH
1,中央汇金投资有限责任公司,130005103782.0,40.03,流通A股,2017-03-31,2017-04-29,,460549.0,705178.0,601288.SH
2,中华人民共和国财政部,127361764737.0,39.21,流通A股,2017-03-31,2017-04-29,,460549.0,705178.0,601288.SH
3,香港中央结算(代理人)有限公司,30533039116.0,9.4,流通H股,2017-03-31,2017-04-29,,460549.0,705178.0,601288.SH
4,全国社会保障基金理事会,9797058826.0,3.02,流通A股,2017-03-31,2017-04-29,,460549.0,705178.0,601288.SH
5,中国证券金融股份有限公司,5945346566.0,1.83,流通A股,2017-03-31,2017-04-29,,460549.0,705178.0,601288.SH
6,中央汇金资产管理有限责任公司,1255434700.0,0.39,流通A股,2017-03-31,2017-04-29,,460549.0,705178.0,601288.SH
7,梧桐树投资平台有限责任公司,980723700.0,0.3,流通A股,2017-03-31,2017-04-29,,460549.0,705178.0,601288.SH
8,安邦人寿保险股份有限公司-稳健型投资组合,881309280.0,0.27,流通A股,2017-03-31,2017-04-29,,460549.0,705178.0,601288.SH
9,中国双维投资有限公司,746268000.0,0.23,流通A股,2017-03-31,2017-04-29,,460549.0,705178.0,601288.SH
10,中国铁路建设投资公司,742974000.0,0.23,流通A股,2017-03-31,2017-04-29,,460549.0,705178.0,601288.SH
1,中央汇金投资有限责任公司,130005103782.0,40.03,流通A股,2016-12-31,2017-03-29,,477453.0,680212.0,601288.SH
2,中华人民共和国财政部,127361764737.0,39.21,流通A股,2016-12-31,2017-03-29,,477453.0,680212.0,601288.SH
3,香港中央结算(代理人)有限公司,29313402236.0,9.03,流通H股,2016-12-31,2017-03-29,,477453.0,680212.0,601288.SH
4,全国社会保障基金理事会,9797058826.0,3.02,流通A股,2016-12-31,2017-03-29,,477453.0,680212.0,601288.SH
5,中国证券金融股份有限公司,6106876866.0,1.88,流通A股,2016-12-31,2017-03-29,,477453.0,680212.0,601288.SH
6,中央汇金资产管理有限责任公司,1255434700.0,0.39,流通A股,2016-12-31,2017-03-29,,477453.0,680212.0,601288.SH
7,STANDARD CHARTERED BANK,1217281000.0,0.37,流通H股,2016-12-31,2017-03-29,,477453.0,680212.0,601288.SH
8,中国人民人寿保险股份有限公司-传统-普通保险产品,991116354.0,0.31,流通A股,2016-12-31,2017-03-29,,477453.0,680212.0,601288.SH
9,梧桐树投资平台有限责任公司,980723700.0,0.3,流通A股,2016-12-31,2017-03-29,,477453.0,680212.0,601288.SH
10,安邦人寿保险股份有限公司-稳健型投资组合,881309280.0,0.27,流通A股,2016-12-31,2017-03-29,,477453.0,680212.0,601288.SH
1,中央汇金投资有限责任公司,130005103782.0,40.03,流通A股,2016-09-30,2016-10-29,,482421.0,673207.0,601288.SH
2,中华人民共和国财政部,127361764737.0,39.21,流通A股,2016-09-30,2016-10-29,,482421.0,673207.0,601288.SH
3,香港中央结算(代理人)有限公司,29308603236.0,9.02,流通H股,2016-09-30,2016-10-29,,482421.0,673207.0,601288.SH
4,全国社会保障基金理事会,9797058826.0,3.02,流通A股,2016-09-30,2016-10-29,,482421.0,673207.0,601288.SH
5,中国证券金融股份有限公司,6144522618.0,1.89,流通A股,2016-09-30,2016-10-29,,482421.0,673207.0,601288.SH
6,中央汇金资产管理有限责任公司,1255434700.0,0.39,流通A股,2016-09-30,2016-10-29,,482421.0,673207.0,601288.SH
7,STANDARD CHARTERED BANK,1217281000.0,0.37,流通H股,2016-09-30,2016-10-29,,482421.0,673207.0,601288.SH
8,中国人寿保险股份有限公司-分红-个人分红-005L-FH002 沪,1194102400.0,0.37,流通A股,2016-09-30,2016-10-29,,482421.0,673207.0,601288.SH
9,中国人民人寿保险股份有限公司-传统-普通保险产品,1135515571.0,0.35,流通A股,2016-09-30,2016-10-29,,482421.0,673207.0,601288.SH
10,梧桐树投资平台有限责任公司,980723700.0,0.3,流通A股,2016-09-30,2016-10-29,,482421.0,673207.0,601288.SH
1,中央汇金投资有限责任公司,130005103782.0,40.03,流通A股,2016-06-30,2016-08-27,,522500.0,621568.0,601288.SH
2,中华人民共和国财政部,127361764737.0,39.21,流通A股,2016-06-30,2016-08-27,,522500.0,621568.0,601288.SH
3,香港中央结算(代理人)有限公司,29309960236.0,9.02,流通H股,2016-06-30,2016-08-27,,522500.0,621568.0,601288.SH
4,全国社会保障基金理事会,9797058826.0,3.02,流通A股,2016-06-30,2016-08-27,,522500.0,621568.0,601288.SH
5,中国证券金融股份有限公司,6231276506.0,1.92,流通A股,2016-06-30,2016-08-27,,522500.0,621568.0,601288.SH
6,中央汇金资产管理有限责任公司,1255434700.0,0.39,流通A股,2016-06-30,2016-08-27,,522500.0,621568.0,601288.SH
7,STANDARD CHARTERED BANK,1217281000.0,0.37,流通H股,2016-06-30,2016-08-27,,522500.0,621568.0,601288.SH
8,中国人寿保险股份有限公司-分红-个人分红-005L-FH002沪,1188872800.0,0.37,流通A股,2016-06-30,2016-08-27,,522500.0,621568.0,601288.SH
9,中国人民人寿保险股份有限公司-传统-普通保险产品,1135515571.0,0.35,流通A股,2016-06-30,2016-08-27,,522500.0,621568.0,601288.SH
10,梧桐树投资平台有限责任公司,980723700.0,0.3,流通A股,2016-06-30,2016-08-27,,522500.0,621568.0,601288.SH
1,中央汇金投资有限责任公司,130005103782.0,40.03,流通A股,2016-03-31,2016-04-29,,560172.0,579767.0,601288.SH
2,中华人民共和国财政部,127361764737.0,39.21,流通A股,2016-03-31,2016-04-29,,560172.0,579767.0,601288.SH
3,香港中央结算(代理人)有限公司,29315542440.0,9.03,流通H股,2016-03-31,2016-04-29,,560172.0,579767.0,601288.SH
4,全国社会保障基金理事会,9797058826.0,3.02,流通A股,2016-03-31,2016-04-29,,560172.0,579767.0,601288.SH
5,中国证券金融股份有限公司,6092298878.0,1.88,流通A股,2016-03-31,2016-04-29,,560172.0,579767.0,601288.SH
6,中央汇金资产管理有限责任公司,1255434700.0,0.39,流通A股,2016-03-31,2016-04-29,,560172.0,579767.0,601288.SH
7,STANDARD CHARTERED BANK,1217281000.0,0.37,流通H股,2016-03-31,2016-04-29,,560172.0,579767.0,601288.SH
8,中国人寿保险股份有限公司-分红-个人分红-005L-FH002沪,1188757000.0,0.37,流通A股,2016-03-31,2016-04-29,,560172.0,579767.0,601288.SH
9,梧桐树投资平台有限责任公司,980723700.0,0.3,流通A股,2016-03-31,2016-04-29,,560172.0,579767.0,601288.SH
10,安邦人寿保险股份有限公司-稳健型投资组合,881309280.0,0.27,流通A股,2016-03-31,2016-04-29,,560172.0,579767.0,601288.SH
1,汇金公司,130005103782.0,40.03,流通A股,2015-12-31,2016-04-01,,592572.0,548067.0,601288.SH
2,财政部,127361764737.0,39.21,流通A股,2015-12-31,2016-04-01,,592572.0,548067.0,601288.SH
3,香港中央结算(代理人)有限公司,29321667440.0,9.03,流通H股,2015-12-31,2016-04-01,,592572.0,548067.0,601288.SH
4,社保基金理事会,9797058826.0,3.02,流通A股,2015-12-31,2016-04-01,,592572.0,548067.0,601288.SH
5,中国证券金融股份有限公司,5083804258.0,1.57,流通A股,2015-12-31,2016-04-01,,592572.0,548067.0,601288.SH
6,中央汇金资产管理有限责任公司,1255434700.0,0.39,流通A股,2015-12-31,2016-04-01,,592572.0,548067.0,601288.SH
7,STANDARD CHARTERED BANK,1217281000.0,0.37,流通H股,2015-12-31,2016-04-01,,592572.0,548067.0,601288.SH
8,中国人寿保险股份有限公司-分红-个人分红-005L-FH002沪,1188757000.0,0.37,流通A股,2015-12-31,2016-04-01,,592572.0,548067.0,601288.SH
9,梧桐树投资平台有限责任公司,980723700.0,0.3,流通A股,2015-12-31,2016-04-01,,592572.0,548067.0,601288.SH
10,安邦人寿保险股份有限公司-稳健型投资组合,881309280.0,0.27,流通A股,2015-12-31,2016-04-01,,592572.0,548067.0,601288.SH
1,中央汇金投资有限责任公司,130005103782.0,40.03,流通A股,2015-12-29,2015-12-31,,,,601288.SH
2,中央汇金资产管理有限责任公司,1255434700.0,0.39,流通A股,2015-12-29,2015-12-31,,,,601288.SH
,,,,,2015-12-29,2015-12-31,,,,601288.SH
,,,,,2015-12-29,2015-12-31,,,,601288.SH
1,中央汇金投资有限责任公司,131260538482.0,40.41,流通A股,2015-09-30,2015-10-24,,829251.0,391705.0,601288.SH
2,中华人民共和国财政部,127361764737.0,39.21,流通A股,2015-09-30,2015-10-24,,829251.0,391705.0,601288.SH
3,香港中央结算(代理人)有限公司,29323898460.0,9.03,流通H股,2015-09-30,2015-10-24,,829251.0,391705.0,601288.SH
4,全国社会保障基金理事会,9797058826.0,3.02,流通A股,2015-09-30,2015-10-24,,829251.0,391705.0,601288.SH
5,中国证券金融股份有限公司,4226962338.0,1.3,流通A股,2015-09-30,2015-10-24,,829251.0,391705.0,601288.SH
6,STANDARD CHARTERED BANK,1217281000.0,0.37,流通H股,2015-09-30,2015-10-24,,829251.0,391705.0,601288.SH
7,中国人寿保险股份有限公司-分红-个人分红-005L -FH002 沪,1195757000.0,0.37,流通A股,2015-09-30,2015-10-24,,829251.0,391705.0,601288.SH
8,中国双维投资有限公司,746268000.0,0.23,流通A股,2015-09-30,2015-10-24,,829251.0,391705.0,601288.SH
9,中国铁路建设投资公司,742974000.0,0.23,流通A股,2015-09-30,2015-10-24,,829251.0,391705.0,601288.SH
10,中油资产管理有限公司,539733400.0,0.17,流通A股,2015-09-30,2015-10-24,,829251.0,391705.0,601288.SH
1,汇金公司,130005103782.0,40.03,流通A股,2015-06-30,2015-08-28,,983646.0,330169.0,601288.SH
2,财政部,127361764737.0,39.21,流通A股,2015-06-30,2015-08-28,,983646.0,330169.0,601288.SH
3,香港中央结算(代理人)有限公司,29334426210.0,9.03,流通H股,2015-06-30,2015-08-28,,983646.0,330169.0,601288.SH
4,社会保障基金理事会,9797058826.0,3.02,流通A股,2015-06-30,2015-08-28,,983646.0,330169.0,601288.SH
5,Standard Chartered Bank,1217281000.0,0.37,流通H股,2015-06-30,2015-08-28,,983646.0,330169.0,601288.SH
6,中国人寿保险股份有限公司-分红-个人分红-005LFH002沪,1188757000.0,0.37,流通A股,2015-06-30,2015-08-28,,983646.0,330169.0,601288.SH
7,中国双维投资有限公司,746268000.0,0.23,流通A股,2015-06-30,2015-08-28,,983646.0,330169.0,601288.SH
8,中国铁路建设投资公司,742974000.0,0.23,流通A股,2015-06-30,2015-08-28,,983646.0,330169.0,601288.SH
9,中油资产管理有限公司,539733400.0,0.17,流通A股,2015-06-30,2015-08-28,,983646.0,330169.0,601288.SH
10,广发证券股份有限公司客户信用交易担保证券账户,360041484.0,0.11,流通A股,2015-06-30,2015-08-28,,983646.0,330169.0,601288.SH
1,汇金公司,130831990282.0,40.28,流通A股,2015-03-31,2015-04-29,,734253.0,442363.0,601288.SH
2,财政部,127361764737.0,39.21,流通A股,2015-03-31,2015-04-29,,734253.0,442363.0,601288.SH
3,香港中央结算(代理人)有限公司,29345749694.0,9.04,流通H股,2015-03-31,2015-04-29,,734253.0,442363.0,601288.SH
4,社保基金理事会,9797058826.0,3.02,限售流通股,2015-03-31,2015-04-29,,734253.0,442363.0,601288.SH
5,社保基金理事会转持三户,1325882341.0,0.41,"流通A股,限售流通股",2015-03-31,2015-04-29,,734253.0,442363.0,601288.SH
6,Standard Chartered Bank,1217281000.0,0.37,流通H股,2015-03-31,2015-04-29,,734253.0,442363.0,601288.SH
7,中国人寿保险股份有限公司-分红-个人分红-005L-FH002沪,1188757000.0,0.37,流通A股,2015-03-31,2015-04-29,,734253.0,442363.0,601288.SH
8,中国双维投资有限公司,746268000.0,0.23,流通A股,2015-03-31,2015-04-29,,734253.0,442363.0,601288.SH
9,国网英大国际控股集团有限公司,746268000.0,0.23,流通A股,2015-03-31,2015-04-29,,734253.0,442363.0,601288.SH
10,中国铁路建设投资公司,742974000.0,0.23,流通A股,2015-03-31,2015-04-29,,734253.0,442363.0,601288.SH
1,汇金公司,130831990282.0,40.28,流通A股,2014-12-31,2015-03-25,,376360.0,863020.0,601288.SH
2,财政部,127361764737.0,39.21,流通A股,2014-12-31,2015-03-25,,376360.0,863020.0,601288.SH
3,香港中央结算(代理人)有限公司,29352457991.0,9.04,流通H股,2014-12-31,2015-03-25,,376360.0,863020.0,601288.SH
4,社保基金理事会,9797058826.0,3.02,限售流通股,2014-12-31,2015-03-25,,376360.0,863020.0,601288.SH
5,中国平安人寿保险股份有限公司-传统-普通保险产品,4818024933.0,1.48,流通A股,2014-12-31,2015-03-25,,376360.0,863020.0,601288.SH
6,社保基金理事会转持三户,1325882341.0,0.41,"流通A股,限售流通股",2014-12-31,2015-03-25,,376360.0,863020.0,601288.SH
7,Standard Chartered Bank,1217281000.0,0.37,流通H股,2014-12-31,2015-03-25,,376360.0,863020.0,601288.SH
8,中国人寿保险股份有限公司-分红-个人分红-005L-FH002沪,1188757000.0,0.37,流通A股,2014-12-31,2015-03-25,,376360.0,863020.0,601288.SH
9,中国双维投资有限公司,746268000.0,0.23,流通A股,2014-12-31,2015-03-25,,376360.0,863020.0,601288.SH
10,国网英大国际控股集团有限公司,746268000.0,0.23,流通A股,2014-12-31,2015-03-25,,376360.0,863020.0,601288.SH
1,汇金公司,130831990282.0,40.28,流通A股,2014-09-30,2014-10-31,,283358.0,1146275.0,601288.SH
2,财政部,127361764737.0,39.21,流通A股,2014-09-30,2014-10-31,,283358.0,1146275.0,601288.SH
3,香港中央结算(代理人)有限公司,29352004915.0,9.04,流通H股,2014-09-30,2014-10-31,,283358.0,1146275.0,601288.SH
4,全国社会保障基金理事会,9797058826.0,3.02,限售流通股,2014-09-30,2014-10-31,,283358.0,1146275.0,601288.SH
5,中国平安人寿保险股份有限公司-传统-普通保险产品,4812906379.0,1.48,流通A股,2014-09-30,2014-10-31,,283358.0,1146275.0,601288.SH
6,全国社会保障基金理事会转持三户,1325882341.0,0.41,"流通A股,限售流通股",2014-09-30,2014-10-31,,283358.0,1146275.0,601288.SH
7,中国人寿保险股份有限公司-分红-个人分红-005L-FH002沪,1218757000.0,0.38,流通A股,2014-09-30,2014-10-31,,283358.0,1146275.0,601288.SH
8,Standard Chartered Bank,1217281000.0,0.37,流通H股,2014-09-30,2014-10-31,,283358.0,1146275.0,601288.SH
9,中国双维投资公司,746268000.0,0.23,流通A股,2014-09-30,2014-10-31,,283358.0,1146275.0,601288.SH
10,国网英大国际控股集团有限公司,746268000.0,0.23,流通A股,2014-09-30,2014-10-31,,283358.0,1146275.0,601288.SH
1,汇金公司,130831990282.0,40.28,流通A股,2014-06-30,2014-08-27,,292366.0,1110958.0,601288.SH
2,财政部,127361764737.0,39.21,流通A股,2014-06-30,2014-08-27,,292366.0,1110958.0,601288.SH
3,香港中央结算(代理人)有限公司,29347183140.0,9.04,流通H股,2014-06-30,2014-08-27,,292366.0,1110958.0,601288.SH
4,全国社会保障基金理事会,9797058826.0,3.02,限售流通股,2014-06-30,2014-08-27,,292366.0,1110958.0,601288.SH
5,中国平安人寿保险股份有限公司-传统-普通保险产品,4812906379.0,1.48,流通A股,2014-06-30,2014-08-27,,292366.0,1110958.0,601288.SH
6,全国社会保障基金理事会转持三户,1325882341.0,0.41,"流通A股,限售流通股",2014-06-30,2014-08-27,,292366.0,1110958.0,601288.SH
7,Standard Chartered Bank,1217281000.0,0.37,流通H股,2014-06-30,2014-08-27,,292366.0,1110958.0,601288.SH
8,中国人寿保险股份有限公司-分红-个人分红-005L-FH002沪,1188757000.0,0.37,流通A股,2014-06-30,2014-08-27,,292366.0,1110958.0,601288.SH
9,中国双维投资公司,746268000.0,0.23,流通A股,2014-06-30,2014-08-27,,292366.0,1110958.0,601288.SH
10,国网英大国际控股集团有限公司,746268000.0,0.23,流通A股,2014-06-30,2014-08-27,,292366.0,1110958.0,601288.SH
1,汇金公司,130831990282.0,40.28,流通A股,2014-03-31,2014-04-26,,316015.0,1027819.0,601288.SH
2,财政部,127361764737.0,39.21,流通A股,2014-03-31,2014-04-26,,316015.0,1027819.0,601288.SH
3,香港中央结算代理人有限公司,29349282140.0,9.04,流通H股,2014-03-31,2014-04-26,,316015.0,1027819.0,601288.SH
4,全国社会保障基金理事会,9797058826.0,3.02,限售流通股,2014-03-31,2014-04-26,,316015.0,1027819.0,601288.SH
5,中国平安人寿保险股份有限公司-传统-普通保险产品,4812906379.0,1.48,流通A股,2014-03-31,2014-04-26,,316015.0,1027819.0,601288.SH
6,全国社会保障基金理事会转持三户,1325882341.0,0.41,"流通A股,限售流通股",2014-03-31,2014-04-26,,316015.0,1027819.0,601288.SH
7,中国人寿保险股份有限公司-分红-个人分红-005L-FH002沪,1323466528.0,0.41,流通A股,2014-03-31,2014-04-26,,316015.0,1027819.0,601288.SH
8,Standard Chartered Bank,1217281000.0,0.37,流通H股,2014-03-31,2014-04-26,,316015.0,1027819.0,601288.SH
9,中国双维投资公司,746268000.0,0.23,流通A股,2014-03-31,2014-04-26,,316015.0,1027819.0,601288.SH
10,国网英大国际控股集团有限公司,746268000.0,0.23,流通A股,2014-03-31,2014-04-26,,316015.0,1027819.0,601288.SH
1,汇金公司,130831990282.0,40.28,流通A股,2013-12-31,2014-03-26,,299012.0,1086224.0,601288.SH
2,财政部,127361764737.0,39.21,流通A股,2013-12-31,2014-03-26,,299012.0,1086224.0,601288.SH
3,香港中央结算代理人有限公司,29350700140.0,9.04,流通H股,2013-12-31,2014-03-26,,299012.0,1086224.0,601288.SH
4,全国社会保障基金理事会,9797058826.0,3.02,限售流通股,2013-12-31,2014-03-26,,299012.0,1086224.0,601288.SH
5,中国平安人寿保险股份有限公司-传统-普通保险产品,4812906379.0,1.48,流通A股,2013-12-31,2014-03-26,,299012.0,1086224.0,601288.SH
6,中国人寿保险股份有限公司-分红-个人分红-005L-FH002沪,1388116528.0,0.43,流通A股,2013-12-31,2014-03-26,,299012.0,1086224.0,601288.SH
7,全国社会保障基金理事会转持三户,1325882341.0,0.41,"流通A股,限售流通股",2013-12-31,2014-03-26,,299012.0,1086224.0,601288.SH
8,Standard Chartered Bank,1217281000.0,0.37,流通H股,2013-12-31,2014-03-26,,299012.0,1086224.0,601288.SH
9,中国双维投资公司,746268000.0,0.23,流通A股,2013-12-31,2014-03-26,,299012.0,1086224.0,601288.SH
10,国网英大国际控股集团有限公司,746268000.0,0.23,流通A股,2013-12-31,2014-03-26,,299012.0,1086224.0,601288.SH
1,中央汇金投资有限责任公司,130831990282.0,40.28,流通A股,2013-12-12,2013-12-17,,,,601288.SH
,,,,,2013-12-12,2013-12-17,,,,601288.SH
,,,,,2013-12-12,2013-12-17,,,,601288.SH
,,,,,2013-12-12,2013-12-17,,,,601288.SH
1,汇金公司,130831990282.0,40.28,流通A股,2013-09-30,2013-10-31,,311332.0,1043240.0,601288.SH
2,财政部,127361764737.0,39.21,流通A股,2013-09-30,2013-10-31,,311332.0,1043240.0,601288.SH
3,香港中央结算代理人有限公司,29350344140.0,9.04,流通H股,2013-09-30,2013-10-31,,311332.0,1043240.0,601288.SH
4,全国社会保障基金理事会,9797058826.0,3.02,限售流通股,2013-09-30,2013-10-31,,311332.0,1043240.0,601288.SH
5,中国平安人寿保险股份有限公司-传统-普通保险产品,4812906379.0,1.48,流通A股,2013-09-30,2013-10-31,,311332.0,1043240.0,601288.SH
6,中国人寿保险股份有限公司-分红-个人分红-005L-FH002沪,1497207940.0,0.46,流通A股,2013-09-30,2013-10-31,,311332.0,1043240.0,601288.SH
7,全国社会保障基金理事会转持三户,1325882341.0,0.41,"流通A股,限售流通股",2013-09-30,2013-10-31,,311332.0,1043240.0,601288.SH
8,Standard Chartered Bank,1217281000.0,0.37,流通H股,2013-09-30,2013-10-31,,311332.0,1043240.0,601288.SH
9,中国双维投资公司,746268000.0,0.23,流通A股,2013-09-30,2013-10-31,,311332.0,1043240.0,601288.SH
10,国网英大国际控股集团有限公司,746268000.0,0.23,流通A股,2013-09-30,2013-10-31,,311332.0,1043240.0,601288.SH
1,汇金公司,130799697962.0,40.27,"流通A股,限售流通股",2013-06-30,2013-08-29,,307939.0,1054735.0,601288.SH
2,财政部,127361764737.0,39.21,限售流通股,2013-06-30,2013-08-29,,307939.0,1054735.0,601288.SH
3,香港中央结算代理人有限公司,29353289180.0,9.04,流通H股,2013-06-30,2013-08-29,,307939.0,1054735.0,601288.SH
4,全国社会保障基金理事会,9797058826.0,3.02,限售流通股,2013-06-30,2013-08-29,,307939.0,1054735.0,601288.SH
5,中国平安人寿保险股份有限公司-传统-普通保险产品,4523829300.0,1.39,流通A股,2013-06-30,2013-08-29,,307939.0,1054735.0,601288.SH
6,中国人寿保险股份有限公司-分红-个人分红-005L-FH002沪,1465843287.0,0.45,流通A股,2013-06-30,2013-08-29,,307939.0,1054735.0,601288.SH
7,全国社会保障基金理事会转持三户,1325882341.0,0.41,限售流通股,2013-06-30,2013-08-29,,307939.0,1054735.0,601288.SH
8,Standard Chartered Bank,1217281000.0,0.37,流通H股,2013-06-30,2013-08-29,,307939.0,1054735.0,601288.SH
9,国网英大国际控股集团有限公司,746268000.0,0.23,流通A股,2013-06-30,2013-08-29,,307939.0,1054735.0,601288.SH
10,中国双维投资公司,746268000.0,0.23,流通A股,2013-06-30,2013-08-29,,307939.0,1054735.0,601288.SH
1,中央汇金投资有限责任公司,130695462077.0,40.24,"流通A股,限售流通股",2013-06-13,2013-06-18,,,,601288.SH
,,,,,2013-06-13,2013-06-18,,,,601288.SH
,,,,,2013-06-13,2013-06-18,,,,601288.SH
,,,,,2013-06-13,2013-06-18,,,,601288.SH
1,中央汇金投资有限责任公司,130652527175.0,40.23,"流通A股,限售流通股",2013-04-09,2013-04-12,,,,601288.SH
,,,,,2013-04-09,2013-04-12,,,,601288.SH
,,,,,2013-04-09,2013-04-12,,,,601288.SH
,,,,,2013-04-09,2013-04-12,,,,601288.SH
1,汇金公司,130652527175.0,40.23,"流通A股,限售流通股",2013-03-31,2013-04-27,,310468.0,1046143.0,601288.SH
2,财政部,127361764737.0,39.21,限售流通股,2013-03-31,2013-04-27,,310468.0,1046143.0,601288.SH
3,香港中央结算代理人有限公司,29355991280.0,9.04,流通H股,2013-03-31,2013-04-27,,310468.0,1046143.0,601288.SH
4,全国社会保障基金理事会,9797058826.0,3.02,限售流通股,2013-03-31,2013-04-27,,310468.0,1046143.0,601288.SH
5,中国平安人寿保险股份有限公司-传统-普通保险产品,4489829320.0,1.38,流通A股,2013-03-31,2013-04-27,,310468.0,1046143.0,601288.SH
6,中国人寿保险股份有限公司-分红-个人分红-005L-FH002沪,1484760810.0,0.46,流通A股,2013-03-31,2013-04-27,,310468.0,1046143.0,601288.SH
7,全国社会保障基金理事会转持三户,1325882341.0,0.41,限售流通股,2013-03-31,2013-04-27,,310468.0,1046143.0,601288.SH
8,Standard Chartered Bank,1217281000.0,0.37,流通H股,2013-03-31,2013-04-27,,310468.0,1046143.0,601288.SH
9,国网英大国际控股集团有限公司,746268000.0,0.23,流通A股,2013-03-31,2013-04-27,,310468.0,1046143.0,601288.SH
10,中国双维投资公司,746268000.0,0.23,流通A股,2013-03-31,2013-04-27,,310468.0,1046143.0,601288.SH
1,汇金公司,130612164964.0,40.21,"流通A股,限售流通股",2012-12-31,2013-03-27,,300294.0,1081587.0,601288.SH
2,财政部,127361764737.0,39.21,限售流通股,2012-12-31,2013-03-27,,300294.0,1081587.0,601288.SH
3,香港中央结算代理人有限公司,29190416430.0,8.99,流通H股,2012-12-31,2013-03-27,,300294.0,1081587.0,601288.SH
4,全国社会保障基金理事会,9797058826.0,3.02,限售流通股,2012-12-31,2013-03-27,,300294.0,1081587.0,601288.SH
5,中国平安人寿保险股份有限公司-传统-普通保险产品,4489829320.0,1.38,流通A股,2012-12-31,2013-03-27,,300294.0,1081587.0,601288.SH
6,中国人寿保险股份有限公司-分红-个人分红-005L-FH002沪,1362193958.0,0.42,流通A股,2012-12-31,2013-03-27,,300294.0,1081587.0,601288.SH
7,全国社会保障基金理事会转持三户,1325882341.0,0.41,限售流通股,2012-12-31,2013-03-27,,300294.0,1081587.0,601288.SH
8,Standard Chartered Bank,1217281000.0,0.37,流通H股,2012-12-31,2013-03-27,,300294.0,1081587.0,601288.SH
9,华宝信托有限责任公司-单一类资金信托R2008ZX013,1087576095.0,0.33,流通A股,2012-12-31,2013-03-27,,300294.0,1081587.0,601288.SH
10,中国双维投资公司,746268000.0,0.23,流通A股,2012-12-31,2013-03-27,,300294.0,1081587.0,601288.SH
11,国网英大国际控股集团有限公司,746268000.0,0.23,流通A股,2012-12-31,2013-03-27,,300294.0,1081587.0,601288.SH
1,中央汇金投资有限责任公司,130426812699.0,40.16,"流通A股,限售流通股",2012-10-10,2012-10-13,,,,601288.SH
,,,,,2012-10-10,2012-10-13,,,,601288.SH
,,,,,2012-10-10,2012-10-13,,,,601288.SH
,,,,,2012-10-10,2012-10-13,,,,601288.SH
1,中央汇金投资有限责任公司,130397946071.0,40.15,"流通A股,限售流通股",2012-09-30,2012-10-27,,341555.0,950877.0,601288.SH
2,中华人民共和国财政部,127361764737.0,39.21,限售流通股,2012-09-30,2012-10-27,,341555.0,950877.0,601288.SH
3,香港中央结算代理人有限公司,29189893531.0,8.99,流通H股,2012-09-30,2012-10-27,,341555.0,950877.0,601288.SH
4,全国社会保障基金理事会,9797058826.0,3.02,限售流通股,2012-09-30,2012-10-27,,341555.0,950877.0,601288.SH
5,中国平安人寿保险股份有限公司-传统-普通保险产品,4489829320.0,1.38,流通A股,2012-09-30,2012-10-27,,341555.0,950877.0,601288.SH
6,全国社会保障基金理事会转持三户,1325882341.0,0.41,限售流通股,2012-09-30,2012-10-27,,341555.0,950877.0,601288.SH
7,Standard Chartered Bank,1217281000.0,0.37,流通H股,2012-09-30,2012-10-27,,341555.0,950877.0,601288.SH
8,中国人寿保险股份有限公司-分红-个人分红-005L-FH002沪,1192907000.0,0.37,流通A股,2012-09-30,2012-10-27,,341555.0,950877.0,601288.SH
9,华宝信托有限责任公司-单一类资金信托R2008ZX013,1105576095.0,0.34,流通A股,2012-09-30,2012-10-27,,341555.0,950877.0,601288.SH
10,生命人寿保险股份有限公司-传统-普通保险产品,960506177.0,0.3,流通A股,2012-09-30,2012-10-27,,341555.0,950877.0,601288.SH
1,中央汇金投资有限责任公司,130347041046.0,40.13,"流通A股,限售流通股",2012-06-30,2012-08-30,,344501.0,942796.0,601288.SH
2,中华人民共和国财政部,127361764737.0,39.21,限售流通股,2012-06-30,2012-08-30,,344501.0,942796.0,601288.SH
3,香港中央结算代理人有限公司,29193295091.0,8.99,流通H股,2012-06-30,2012-08-30,,344501.0,942796.0,601288.SH
4,全国社会保障基金理事会,9797058826.0,3.02,限售流通股,2012-06-30,2012-08-30,,344501.0,942796.0,601288.SH
5,中国平安人寿保险股份有限公司-传统-普通保险产品,4489829320.0,1.38,流通A股,2012-06-30,2012-08-30,,344501.0,942796.0,601288.SH
6,全国社会保障基金理事会转持三户,1325882341.0,0.41,限售流通股,2012-06-30,2012-08-30,,344501.0,942796.0,601288.SH
7,Standard Chartered Bank,1217281000.0,0.37,流通H股,2012-06-30,2012-08-30,,344501.0,942796.0,601288.SH
8,中国人寿保险股份有限公司-分红-个人分红-005L-FH002沪,1195593892.0,0.37,流通A股,2012-06-30,2012-08-30,,344501.0,942796.0,601288.SH
9,华宝信托有限责任公司-单一类资金信托R2008ZX013,1105576095.0,0.34,流通A股,2012-06-30,2012-08-30,,344501.0,942796.0,601288.SH
10,生命人寿保险股份有限公司-传统-普通保险产品,960506177.0,0.3,流通A股,2012-06-30,2012-08-30,,344501.0,942796.0,601288.SH
1,中央汇金投资有限责任公司,130339041046.0,40.13,"限售流通股,流通A股",2012-03-31,2012-04-28,,358308.0,906467.0,601288.SH
2,中华人民共和国财政部,127361764737.0,39.21,限售流通股,2012-03-31,2012-04-28,,358308.0,906467.0,601288.SH
3,香港中央结算代理人有限公司,29194868091.0,8.99,流通H股,2012-03-31,2012-04-28,,358308.0,906467.0,601288.SH
4,全国社会保障基金理事会,9797058826.0,3.02,限售流通股,2012-03-31,2012-04-28,,358308.0,906467.0,601288.SH
5,中国平安人寿保险股份有限公司-传统-普通保险产品,3826350829.0,1.18,流通A股,2012-03-31,2012-04-28,,358308.0,906467.0,601288.SH
6,全国社会保障基金理事会转持三户,1325882341.0,0.41,限售流通股,2012-03-31,2012-04-28,,358308.0,906467.0,601288.SH
7,中国人寿保险股份有限公司-分红-个人分红-005L-FH002沪,1256993914.0,0.39,流通A股,2012-03-31,2012-04-28,,358308.0,906467.0,601288.SH
8,Standard Chartered Bank,1217281000.0,0.37,流通H股,2012-03-31,2012-04-28,,358308.0,906467.0,601288.SH
9,华宝信托有限责任公司-单一类资金信托R2008ZX013,1105576095.0,0.34,流通A股,2012-03-31,2012-04-28,,358308.0,906467.0,601288.SH
10,中国平安人寿保险股份有限公司-传统-高利率保单产品,866936059.0,0.27,流通A股,2012-03-31,2012-04-28,,358308.0,906467.0,601288.SH
1,中央汇金投资有限责任公司,130309632497.0,40.12,"流通A股,限售流通股",2011-12-31,2012-03-23,,395208.0,821831.0,601288.SH
2,中华人民共和国财政部,127361764737.0,39.21,限售流通股,2011-12-31,2012-03-23,,395208.0,821831.0,601288.SH
3,香港中央结算代理人有限公司,29194189691.0,8.99,流通H股,2011-12-31,2012-03-23,,395208.0,821831.0,601288.SH
4,全国社会保障基金理事会,9797058826.0,3.02,限售流通股,2011-12-31,2012-03-23,,395208.0,821831.0,601288.SH
5,中国平安人寿保险股份有限公司-传统-普通保险产品,3143606199.0,0.97,流通A股,2011-12-31,2012-03-23,,395208.0,821831.0,601288.SH
6,中国人寿保险股份有限公司-分红-个人分红-005LFH002沪,1340244522.0,0.41,"流通A股,限售流通股",2011-12-31,2012-03-23,,395208.0,821831.0,601288.SH
7,全国社会保障基金理事会转持三户,1325882341.0,0.41,限售流通股,2011-12-31,2012-03-23,,395208.0,821831.0,601288.SH
8,Standard Chartered Bank,1217281000.0,0.37,流通H股,2011-12-31,2012-03-23,,395208.0,821831.0,601288.SH
9,华宝信托有限责任公司-单一类资金信托R2008ZX013,1105576095.0,0.34,流通A股,2011-12-31,2012-03-23,,395208.0,821831.0,601288.SH
10,中国平安人寿保险股份有限公司-传统-高利率保单产品,866936059.0,0.27,流通A股,2011-12-31,2012-03-23,,395208.0,821831.0,601288.SH
1,中央汇金投资有限责任公司,130039068339.0,40.04,"限售流通股,流通A股",2011-10-10,2011-10-11,,,,601288.SH
,,,,,2011-10-10,2011-10-11,,,,601288.SH
,,,,,2011-10-10,2011-10-11,,,,601288.SH
,,,,,2011-10-10,2011-10-11,,,,601288.SH
1,中央汇金投资有限责任公司,130000000000.0,40.03,限售流通股,2011-09-30,2011-10-27,,441846.0,735084.0,601288.SH
2,中华人民共和国财政部,127361764737.0,39.21,限售流通股,2011-09-30,2011-10-27,,441846.0,735084.0,601288.SH
3,香港中央结算代理人有限公司,29193155601.0,8.99,流通H股,2011-09-30,2011-10-27,,441846.0,735084.0,601288.SH
4,全国社会保障基金理事会,9797058826.0,3.02,限售流通股,2011-09-30,2011-10-27,,441846.0,735084.0,601288.SH
5,中国平安人寿保险股份有限公司-传统-普通保险产品,2472968793.0,0.76,流通A股,2011-09-30,2011-10-27,,441846.0,735084.0,601288.SH
6,全国社会保障基金理事会转持三户,1325882341.0,0.41,限售流通股,2011-09-30,2011-10-27,,441846.0,735084.0,601288.SH
7,STANDARD CHARTERED BANK(渣打银行),1217281000.0,0.37,流通H股,2011-09-30,2011-10-27,,441846.0,735084.0,601288.SH
8,中国人寿保险股份有限公司-分红-个人分红-005L-FH002 沪,1192907000.0,0.37,"流通A股,限售流通股",2011-09-30,2011-10-27,,441846.0,735084.0,601288.SH
9,华宝信托有限责任公司-单一类资金信托R2008ZX013,1119076095.0,0.34,流通A股,2011-09-30,2011-10-27,,441846.0,735084.0,601288.SH
10,中国平安人寿保险股份有限公司-传统-高利率保单产品,866936059.0,0.27,流通A股,2011-09-30,2011-10-27,,441846.0,735084.0,601288.SH
1,汇金公司,130000000000.0,40.03,限售流通股,2011-06-30,2011-08-26,,384439.0,844852.0,601288.SH
2,财政部,127361764737.0,39.21,限售流通股,2011-06-30,2011-08-26,,384439.0,844852.0,601288.SH
3,香港中央结算代理人有限公司,28882255054.0,8.89,"流通H股,限售流通股",2011-06-30,2011-08-26,,384439.0,844852.0,601288.SH
4,社保基金理事会,9797058826.0,3.02,限售流通股,2011-06-30,2011-08-26,,384439.0,844852.0,601288.SH
5,中国平安人寿保险股份有限公司-传统-普通保险产品,1956840488.0,0.6,流通A股,2011-06-30,2011-08-26,,384439.0,844852.0,601288.SH
6,社保基金理事会转持三户,1325882341.0,0.41,限售流通股,2011-06-30,2011-08-26,,384439.0,844852.0,601288.SH
7,渣打银行(STANDARD CHARTERED BANK),1217281000.0,0.37,限售流通股,2011-06-30,2011-08-26,,384439.0,844852.0,601288.SH
8,中国人寿保险股份有限公司-分红-个人分红-005L-FH002 沪,1188757000.0,0.37,限售流通股,2011-06-30,2011-08-26,,384439.0,844852.0,601288.SH
9,华宝信托有限责任公司-单一类资金信托R2008ZX013,1060125040.0,0.33,流通A股,2011-06-30,2011-08-26,,384439.0,844852.0,601288.SH
10,中国平安人寿保险股份有限公司-传统-高利率保单产品,866936059.0,0.27,流通A股,2011-06-30,2011-08-26,,384439.0,844852.0,601288.SH
1,中央汇金投资有限责任公司,130000000000.0,40.03,限售流通股,2011-03-31,2011-04-28,,503492.0,645083.0,601288.SH
2,中华人民共和国财政部,127361764737.0,39.21,限售流通股,2011-03-31,2011-04-28,,503492.0,645083.0,601288.SH
3,香港中央结算代理人有限公司,28893704054.0,8.9,"流通H股,限售流通股",2011-03-31,2011-04-28,,503492.0,645083.0,601288.SH
4,全国社会保障基金理事会,9797058826.0,3.02,限售流通股,2011-03-31,2011-04-28,,503492.0,645083.0,601288.SH
5,中国平安人寿保险股份有限公司-传统-普通保险产品,2394139513.0,0.74,流通A股,2011-03-31,2011-04-28,,503492.0,645083.0,601288.SH
6,全国社会保障基金理事会转持三户,1325882341.0,0.41,限售流通股,2011-03-31,2011-04-28,,503492.0,645083.0,601288.SH
7,中国人寿保险股份有限公司 - 分红 -个人分红 - 005L -FH002沪,1267757000.0,0.39,"流通A股,限售流通股",2011-03-31,2011-04-28,,503492.0,645083.0,601288.SH
8,华宝信托有限责任公司 - 单一类资金信托R2008ZX013,1241125040.0,0.38,流通A股,2011-03-31,2011-04-28,,503492.0,645083.0,601288.SH
9,STANDARD CHARTERED BANK(渣打银行),1217281000.0,0.37,限售流通股,2011-03-31,2011-04-28,,503492.0,645083.0,601288.SH
10,英大国际控股集团有限公司,746268000.0,0.23,限售流通股,2011-03-31,2011-04-28,,503492.0,645083.0,601288.SH
11,中国烟草总公司,746268000.0,0.23,限售流通股,2011-03-31,2011-04-28,,503492.0,645083.0,601288.SH
1,汇金公司,130000000000.0,40.03,限售流通股,2010-12-31,2011-03-30,,620299.0,523609.0,601288.SH
2,财政部,127361764737.0,39.21,限售流通股,2010-12-31,2011-03-30,,620299.0,523609.0,601288.SH
3,香港中央结算代理人有限公司,28889057076.0,8.89,"流通H股,限售流通股",2010-12-31,2011-03-30,,620299.0,523609.0,601288.SH
4,全国社会保障基金理事会,9797058826.0,3.02,限售流通股,2010-12-31,2011-03-30,,620299.0,523609.0,601288.SH
5,中国平安人寿保险股份有限公司-传统-普通保险产品,1441773826.0,0.44,流通A股,2010-12-31,2011-03-30,,620299.0,523609.0,601288.SH
6,全国社会保障基金理事会转持三户,1325882341.0,0.41,限售流通股,2010-12-31,2011-03-30,,620299.0,523609.0,601288.SH
7,华宝信托有限责任公司-单一类资金信托R2008ZX013,1244100089.0,0.38,流通A股,2010-12-31,2011-03-30,,620299.0,523609.0,601288.SH
8,渣打银行(STANDARDCHARTEREDBANK),1217281000.0,0.37,限售流通股,2010-12-31,2011-03-30,,620299.0,523609.0,601288.SH
9,中国人寿保险股份有限公司-分红-个人分红-005L-FH002沪,1188757000.0,0.37,限售流通股,2010-12-31,2011-03-30,,620299.0,523609.0,601288.SH
10,中国烟草总公司,746268000.0,0.23,限售流通股,2010-12-31,2011-03-30,,620299.0,523609.0,601288.SH
11,国网资产管理有限公司,746268000.0,0.23,限售流通股,2010-12-31,2011-03-30,,620299.0,523609.0,601288.SH
1,中央汇金投资有限责任公司,130000000000.0,44.48,限售流通股,2010-07-14,2010-07-14,,,,601288.SH
2,中华人民共和国财政部,128929411770.0,44.12,限售流通股,2010-07-14,2010-07-14,,,,601288.SH
3,全国社会保障基金理事会,11070588230.0,3.79,限售流通股,2010-07-14,2010-07-14,,,,601288.SH
4,中国人寿保险股份有限公司,1188757000.0,0.41,限售流通股,2010-07-14,2010-07-14,,,,601288.SH
5,中国烟草总公司,746268000.0,0.26,限售流通股,2010-07-14,2010-07-14,,,,601288.SH
6,国网资产管理有限公司,746268000.0,0.26,限售流通股,2010-07-14,2010-07-14,,,,601288.SH
7,中国铁路建设投资公司,742974000.0,0.25,限售流通股,2010-07-14,2010-07-14,,,,601288.SH
8,中油资产管理有限公司,594379000.0,0.2,限售流通股,2010-07-14,2010-07-14,,,,601288.SH
9,鞍山钢铁集团公司,594379000.0,0.2,限售流通股,2010-07-14,2010-07-14,,,,601288.SH
10,中海石油财务有限责任公司,446045014.0,0.15,限售流通股,2010-07-14,2010-07-14,,,,601288.SH
1,汇金公司,130000000000.0,48.15,限售流通股,2010-07-06,2010-06-04,,,,601288.SH
2,财政部,130000000000.0,48.15,限售流通股,2010-07-06,2010-06-04,,,,601288.SH
3,社保基金理事会,10000000000.0,3.7,限售流通股,2010-07-06,2010-06-04,,,,601288.SH
,,,,,2010-07-06,2010-06-04,,,,601288.SH
1,汇金公司,130000000000.0,48.15,国有股,2010-06-30,2010-08-28,,3.0,90000090000.0,601288.SH
2,财政部,130000000000.0,48.15,国有股,2010-06-30,2010-08-28,,3.0,90000090000.0,601288.SH
3,社保基金理事会,10000000000.0,3.7,国有股,2010-06-30,2010-08-28,,3.0,90000090000.0,601288.SH
,,,,,2010-06-30,2010-08-28,,3.0,90000090000.0,601288.SH
1,中央汇金投资有限责任公司,130000000000.0,50.0,国有股,2009-01-15,2009-05-11,,,,601288.SH
2,中华人民共和国财政部,130000000000.0,50.0,国有股,2009-01-15,2009-05-11,,,,601288.SH
,,,,,2009-01-15,2009-05-11,,,,601288.SH
,,,,,2009-01-15,2009-05-11,,,,601288.SH
1,中央汇金投资有限责任公司,130000000000.0,50.0,国有股,2008-11-06,2008-11-07,,,,601288.SH
2,中华人民共和国财政部,130000000000.0,50.0,国有股,2008-11-06,2008-11-07,,,,601288.SH
,,,,,2008-11-06,2008-11-07,,,,601288.SH
,,,,,2008-11-06,2008-11-07,,,,601288.SH
1,中华人民共和国财政部,133865000000.0,100.0,国有股,2008-03-19,2008-03-19,,,,601288.SH
,,,,,2008-03-19,2008-03-19,,,,601288.SH
,,,,,2008-03-19,2008-03-19,,,,601288.SH
,,,,,2008-03-19,2008-03-19,,,,601288.SH
